{
    "url": "https://tiki.vn/ung-dung-phan-tich-bao-cao-tai-chinh-va-dinh-gia-doanh-nghiep-trong-thuc-tien-p274411010.html?spid=274411011",
    "info": {
        "title": "Ứng Dụng Phân Tích Báo Cáo Tài Chính Và Định Giá Doanh Nghiệp Trong Thực Tiễn",
        "author": "Lý Lâm Duy",
        "imageUrl": "https://salt.tikicdn.com/cache/750x750/ts/product/84/62/c5/3ed55072eead9f468b5288bf8a3451ed.jpg.webp",
        "soldQuantity": 157,
        "currentPrice": 133000,
        "originalPrice": 189000
    },
    "details": {
        "Bookcare": "Có",
        "publisher": "Thái Hà",
        "publishDate": "2024-02-02 00:00:00",
        "dimensions": "15.5 x 24cm",
        "pageCount": "356",
        "publishingHouse": "Nhà Xuất Bản Công Thương"
    },
    "description": "Cuốn sách được tạo ra từ đam mê và tâm huyết của tác giả sau nhiều năm làm việc, học hỏi tại các định chế tài chính, các doanh nghiệp và tham gia giảng dạy các lớp CFA cũng như các lớp phân tích tài chính và định giá doanh nghiệp cho sinh viên và người đi làm. Cuốn sách được ra đời còn là vì ước muốn của tác giả về một cuốn sách đậm tính chuyên môn bằng Tiếng Việt cho những người làm tài chính chuyên nghiệp của hiện tại và tương lai, một mặt súc tích, đơn giản nhưng mặt khác chứa đựng chiều sâu chuyên môn, có tính thực tiễn cao về phân tích, dự báo báo cáo tài chính và định giá cổ phiếu doanh nghiệp.\nMặc dù các CEO, CFO, các nhà quản lý kinh doanh hay các nhà quản lý tài chính cần có sự hiểu biết sâu sắc về giá trị mà công ty của họ đang tạo ra nhưng không phải nhà quản lý nào cũng thực sự hiểu hết được giá trị đó. Vì vậy cuốn sách này cung cấp một số hiểu biết cần thiết cho người làm nghề tài chính, cho các nhà quản lý hiện tại và tương lai về cách mà một doanh nghiệp đang tạo ra giá trị cho các cổ đông cũng như cách mà doanh nghiệp đó được định giá.\nCác kỹ thuật và nội dung trong cuốn sách là chưa đủ nhưng phần nào mang đến một số hiểu biết nhất định cho người đọc thông qua quá trình tiếp cận, phân tích, đánh giá, dự báo, và nhận định về triển vọng cũng như giá trị doanh nghiệp ở nhiều ngành nghề khác nhau.\nCuốn sách gồm 03 phần sau:\nPHẦN 1: PHÂN TÍCH BÁO CÁO TÀI CHÍNH1. Tầm nhìn, chiến lược, mô hình kinh doanh và quản trị2. Phân tích báo cáo thu nhập3. Phân tích bảng cân đối kế toán4. Phân tích báo cáo dòng tiền5. Phân tích các chỉ tiêu tài chính\nPHẦN 2: DỰ BÁO BÁO CÁO TÀI CHÍNH6. Dự báo báo cáo thu nhập7. Dự báo bảng cân đối kế toán8. Dự báo báo cáo dòng tiền\nPHẦN 3: ĐỊNH GIÁ DOANH NGHIỆP9. Phương pháp dòng tiền chiết khấu10. Phương pháp bội số so sánh11. Danh mục Due Diligence và xây dựng báo cáo phân tích công ty\nVề tác giả\nLý Lâm Duy hiện đang giữ chức vụ Giám đốc Điều hành (CEO) tại Công ty Cổ phần Dịch vụ Sân bay Quốc tế Cam Ranh và Giám đốc Tài chính (CFO) tại Công ty Trách nhiệm Hữu hạn Dịch vụ Mặt đất Hàng không. Anh cũng đang là thành viên Hội đồng Quản trị tại Công ty Cổ phần VINAFCO và Công ty Cổ phần Logistics ASG thuộc Tập đoàn ASG. Anh là người sáng lập Trung tâm Đào tạo Intrinsic Garden thuộc Công ty Cổ phần Tư vấn và Đào tạo Cây Sồi Việt, chuyên đào tạo các khóa học trong mảng tài chính doanh nghiệp, phân tích tài chính và định giá bất động sản.\nNăm 2011, anh tốt nghiệp Thạc sỹ Quản trị Kinh doanh (MBA) tại Đại học Vanderbilt theo chương trình học bổng Fulbright của Chính phủ Hoa Kỳ. Ngoài ra, anh còn là một CFA Charterholder của CFA Institute và là thành viên trong ban điều hành của Cộng đồng CFA Việt Nam.Công ty CP Sách Thái Hà trân trọng giới thiệu cùng độc giả!\nGiá sản phẩm trên Tiki đã bao gồm thuế theo luật hiện hành. Bên cạnh đó, tuỳ vào loại sản phẩm, hình thức và địa chỉ giao hàng mà có thể phát sinh thêm chi phí khác như phí vận chuyển, phụ phí hàng cồng kềnh, thuế nhập khẩu (đối với đơn hàng giao từ nước ngoài có giá trị trên 1 triệu đồng).....",
    "rating": {
        "totalRating": 4.3,
        "numberOfRating": 7
    },
    "reviews": [
        {
            "reviewer": {
                "name": "Khoa phạm",
                "date": "Đã tham gia 6 năm",
                "reviewCount": "1 Đánh giá",
                "likedCount": "0 Lượt cảm ơn"
            },
            "review": {
                "rating": 5,
                "title": "Cực kì hài lòng",
                "content": "Sách hay,  giao hàng nhanh"
            }
        },
        {
            "reviewer": {
                "name": "Hoàng",
                "date": "Đã tham gia 9 năm",
                "reviewCount": "94 Đánh giá",
                "likedCount": "6 Lượt cảm ơn"
            },
            "review": {
                "rating": 5,
                "title": "Cực kì hài lòng",
                "content": "Nội dung rất có ích cho độc giả"
            }
        },
        {
            "reviewer": {
                "name": "Bùi Phương Linh",
                "date": "Đã tham gia 9 năm",
                "reviewCount": "49 Đánh giá",
                "likedCount": "30 Lượt cảm ơn"
            },
            "review": {
                "rating": 5,
                "title": "Cực kì hài lòng",
                "content": ""
            }
        },
        {
            "reviewer": {
                "name": "Nam Nguyen",
                "date": "Đã tham gia 5 năm",
                "reviewCount": "23 Đánh giá",
                "likedCount": "25 Lượt cảm ơn"
            },
            "review": {
                "rating": 5,
                "title": "Cực kì hài lòng",
                "content": ""
            }
        },
        {
            "reviewer": {
                "name": "Lê Văn Đại",
                "date": "Đã tham gia 3 năm",
                "reviewCount": "17 Đánh giá",
                "likedCount": "0 Lượt cảm ơn"
            },
            "review": {
                "rating": 5,
                "title": "Cực kì hài lòng",
                "content": ""
            }
        }
    ]
}