{
    "url": "https://tiki.vn/quan-tri-bang-van-hoa-p273534078.html?spid=273534079",
    "info": {
        "title": "Quản Trị Bằng Văn Hóa",
        "author": "Giản Tư Trung",
        "imageUrl": "https://salt.tikicdn.com/cache/750x750/ts/product/fd/5b/ea/cfeca0263ca9d8eb1c139768c15fcf20.jpg.webp",
        "soldQuantity": 1000,
        "currentPrice": 207000,
        "originalPrice": 250000
    },
    "details": {
        "Bookcare": "Không",
        "publisher": "Viện Quản lý PACE",
        "publishDate": "2023-12-12 00:00:00",
        "dimensions": "15 x 23 cm",
        "coverType": "Bìa cứng",
        "pageCount": "396",
        "publishingHouse": "Nhà Xuất Bản Tri Thức"
    },
    "description": "QUẢN TRỊ BẰNG VĂN HÓA\nCách thức Kiến tạo & Tái tạo Văn hóa Tổ chức\n\n“QUẢN TRỊ BẰNG VĂN HÓA - Cách thức Kiến tạo & Tái tạo Văn hóa Tổ chức”là cuốn sách do Tiến sĩ Giản Tư Trung dày công đúc kết và hoàn thiện trong suốt nhiều năm, vừa tổng hợp kiến thức từ nhiều nguồn tư liệu, vừa chia sẻ những khái niệm, triết lý, mô hình và phương pháp từ góc nhìn rất riêng của tác giả về văn hóa và văn hóa doanh nghiệp, cũng như về cách thức xây dựng và chuyển đổi văn hóa tổ chức.\nThông qua cuốn sách, Tiến sĩ Giản Tư Trung cũng mong muốn góp phần cổ vũ và thúc đẩy cho sự phát triển của một phương cách quản trị mới, vừa nhân văn, vừa hiệu quả, đó là“Quản trị bằng Văn hóa / Quản trị bằng Tự trị”(Management by Culture / Management by Self-Mangement).\nBởi lẽ tác giả tin rằng, bên cạnh các phương cách quản trị truyền thống nhưQuản trị bằng Luật lệ(Mangement by Polices) hayQuản trị bằng Mục tiêu(Management by Objectives) thìQuản trị bằng Văn hóa(Management by Culture) chính là tương lai của quản trị và tương lai của lãnh đạo trong một thế giới đầy biến động và trong một thời đại mà con người ngày càng trở nên độc lập và tự do hơn.\nCuốn sách này có sự tích hợp xuyên suốt từtinh thần, tư tưởng và triết lýcho đếnphương pháp và giải pháp, cũng như sự kết nối 5 chủ thể văn hóa làcá nhân, bộ phận, tổ chức, kinh thương, quốc gia, và nội dung cuốn sách được chia làm 03 phần chính như sau:\nĐặc biệt, các khái niệm, triết lý, mô hình và phương pháp của tác giả trong cuốn sách này cũng đã được các nhóm giảng viên của Trường Doanh Nhân PACE, cũng như các nhóm chuyên gia tư vấn của FranklinCovey Việt Nam và PACE Consulting sử dụng để đào tạo (training) & tư vấn (consulting) về Văn hóa Doanh nghiệp (Corporate Culture) & Chuyển đổi Văn hóa (Culture Transformation) cho nhiều doanh nghiệp, tập đoàn trên khắp cả nước trong suốt hơn hai thập kỷ qua.\nHơn thế nữa, những tư duy và phương pháp cốt lõi về xây dựng và chuyển đổi văn hóa được chia sẻ trong cuốn sách này có tính nguyên lý, nên không chỉ áp dụng cho các doanh nghiệp, mà còn có thể áp dụng cho mọi loại hình tổ chức khác, bao gồm cảtrường học, bệnh viện, báo chí, các tổ chức xã hội, cơ quan nhà nước, hay các tổ chức phi chính phủ.\n\nĐÔI DÒNG VỀ TÁC GIẢ GIẢN TƯ TRUNG\nTác giả Giản Tư Trung là một Nhà giáo dục. Ông hiện là Hiệu trưởngTrường Doanh Nhân PACE; Viện trưởngViện Giáo dục IRED; và Phó Chủ tịchQuỹ Văn hóa Phan Châu Trinh.\nĐồng thời, Ông còn là Trưởng Ban Tổ ChứcGiải thưởng Sách Hay(nhằm khuyến đọc sách hay cho cộng đồng); Chủ nhiệm Học bổng Lãnh đạo Khai phóngIPL Scholarship(dành cho Lãnh đạo trẻ); Khởi xướngTrường Khai phóng Trực tuyến OpenEdu(dành cho người tự học); Sáng lập Dự án “Sư phạm Khai phóng” (Dành cho Giáo viên & Giảng viên); Sáng lậpTomorrow Leaders Academy(dành cho Sinh viên đại học); và Sáng lậpPLEMS Education(dành cho Học sinh phổ thông).\nSong song với vai trò lãnh đạo, nghiên cứu, giảng dạy, diễn thuyết và viết báo, Ông cũng là người khởi xướng và xây dựng 05 tủ sách thiết yếu (mua bản quyền, tổ chức biên dịch và xuất bản) nhằm phục vụ cho các nhóm độc giả khác nhau: “Tủ sách Kinh điển” (dành cho Học giới),“Tủ sách Doanh trí” (dành cho Doanh giới), “Tủ sách Giáo dục” (dành cho Giáo giới), “Tủ sách Lịch sử” và “Tủ sách Khai phóng” (dành cho Công chúng).\nÔng cũng là tác giả của cuốn sách “ĐÚNG VIỆC - Một Góc Nhìn Về Câu Chuyện Khai Minh”; sách “SƯ PHẠM KHAI PHÓNG - Thế Giới, Việt Nam & Tôi”; sách “QUẢN TRỊ BẰNG VĂN HÓA”; và chủ trì việc tổ chức biên soạn bộ sách “ĐẠO KINH DOANH - Việt Nam & Thế Giới” (gồm 15 cuốn).\nÔng nhận bằng Thạc sĩ về Nghiên cứu Phát triển tại Học viện Sau Đại học Geneva; Tu nghiệp về Chính sách Giáo dục Quốc tế tại Đại học Harvard; Tốt nghiệp Tiến sĩ Giáo dục tại Học viện Giáo dục Quốc gia Singapore; và tốt nghiệp Tiến sĩ Giáo dục tại Đại học London (UCL).\nVì những cống hiến của Ông cho giáo dục, Diễn Đàn Kinh Tế Thế Giới đã vinh danh Ông là một Nhà lãnh đạo toàn cầu trong vai trò là một Nhà hoạt động giáo dục.\nGiá sản phẩm trên Tiki đã bao gồm thuế theo luật hiện hành. Bên cạnh đó, tuỳ vào loại sản phẩm, hình thức và địa chỉ giao hàng mà có thể phát sinh thêm chi phí khác như phí vận chuyển, phụ phí hàng cồng kềnh, thuế nhập khẩu (đối với đơn hàng giao từ nước ngoài có giá trị trên 1 triệu đồng).....",
    "rating": {
        "totalRating": 4.9,
        "numberOfRating": 49
    },
    "reviews": [
        {
            "reviewer": {
                "name": "Ngọc Hà",
                "date": "Đã tham gia 6 năm",
                "reviewCount": "52 Đánh giá",
                "likedCount": "4 Lượt cảm ơn"
            },
            "review": {
                "rating": 5,
                "title": "Cực kì hài lòng",
                "content": "Mình đã đọc 1 số bài báo về tác giả Giản Tư Trung và nay tìm đọc sách của ông. Nội dung dễ hiệu với nhiều ví dụ rất thực tế mô hình tại các DN Việt Nam hiện nay để tham chiếu so sánh. \"Văn hoá\" nền tảng theo mình hiểu là phẩm chất và nhân cách thực sự là một vấn đề rất khó để thực hiện nhưng lại là 1 trong các mục tiêu cốt lõi khi hướng tới trở thành Công dân toàn cầu. Nội dung cuốn này cũng đã tổng hợp từ 1 số nd sách như \"7 thói quen hiệu quả\" và \"the speed of trust\""
            }
        },
        {
            "reviewer": {
                "name": "Sailee Ivic",
                "date": "Đã tham gia 2 năm",
                "reviewCount": "3 Đánh giá",
                "likedCount": "2 Lượt cảm ơn"
            },
            "review": {
                "rating": 5,
                "title": "Cực kì hài lòng",
                "content": "- Biết đến thầy Giản Tư Trung gần đây qua lời giới thiệu của ông anh và tình cờ xem các video ngắn về thầy thấy rất tâm đắc nên mua sách đọc thử.\r\n- Sách bìa cứng cáp, bao bì rất sang, bọc kiếng rất chỉn chu và xuất bản năm 2023 phiên bản mới nhất.\r\n- Giao hàng Tiki rất nhanh, và thân thiện. Mới đặt khuya chiều hôm sau đã nhận được ngay.\r\n-Mình mua được với giá giảm 40% nên thấy cực kì hời luôn 🥹🫰"
            }
        },
        {
            "reviewer": {
                "name": "Đồng Quang Triều",
                "date": "Đã tham gia 6 năm",
                "reviewCount": "37 Đánh giá",
                "likedCount": "2 Lượt cảm ơn"
            },
            "review": {
                "rating": 5,
                "title": "Cực kì hài lòng",
                "content": ""
            }
        },
        {
            "reviewer": {
                "name": "Nguyễn Ánh",
                "date": "Đã tham gia 11 năm",
                "reviewCount": "1 Đánh giá",
                "likedCount": "0 Lượt cảm ơn"
            },
            "review": {
                "rating": 5,
                "title": "Cực kì hài lòng",
                "content": "Gói bọc cẩn thận. Giao hàng nhanh chóng"
            }
        },
        {
            "reviewer": {
                "name": "Nguyễn Quang Lộc",
                "date": "Đã tham gia 12 năm",
                "reviewCount": "20 Đánh giá",
                "likedCount": "4 Lượt cảm ơn"
            },
            "review": {
                "rating": 5,
                "title": "Cực kì hài lòng",
                "content": "OK! Đỉnh nhứt vẫn là Đúng việc"
            }
        },
        {
            "reviewer": {
                "name": "Nguyên Khang",
                "date": "Đã tham gia 3 năm",
                "reviewCount": "23 Đánh giá",
                "likedCount": "0 Lượt cảm ơn"
            },
            "review": {
                "rating": 5,
                "title": "Cực kì hài lòng",
                "content": "Sách đẹp"
            }
        },
        {
            "reviewer": {
                "name": "Trần Bá Trung",
                "date": "Đã tham gia 9 năm",
                "reviewCount": "25 Đánh giá",
                "likedCount": "37 Lượt cảm ơn"
            },
            "review": {
                "rating": 5,
                "title": "Cực kì hài lòng",
                "content": "Sách hay"
            }
        },
        {
            "reviewer": {
                "name": "Nguyễn Hoài Nam",
                "date": "Đã tham gia 6 năm",
                "reviewCount": "68 Đánh giá",
                "likedCount": "47 Lượt cảm ơn"
            },
            "review": {
                "rating": 5,
                "title": "Cực kì hài lòng",
                "content": "Ship nhanh đóng gói tốt"
            }
        },
        {
            "reviewer": {
                "name": "Nguyễn Đình Hùng",
                "date": "Đã tham gia 5 năm",
                "reviewCount": "10 Đánh giá",
                "likedCount": "0 Lượt cảm ơn"
            },
            "review": {
                "rating": 5,
                "title": "Cực kì hài lòng",
                "content": ""
            }
        },
        {
            "reviewer": {
                "name": "Jack Last",
                "date": "Đã tham gia 4 năm",
                "reviewCount": "18 Đánh giá",
                "likedCount": "0 Lượt cảm ơn"
            },
            "review": {
                "rating": 5,
                "title": "Cực kì hài lòng",
                "content": "Rất bổ ích."
            }
        },
        {
            "reviewer": {
                "name": "Ho Le Nguyen",
                "date": "Đã tham gia 7 năm",
                "reviewCount": "19 Đánh giá",
                "likedCount": "1 Lượt cảm ơn"
            },
            "review": {
                "rating": 5,
                "title": "Cực kì hài lòng",
                "content": ""
            }
        },
        {
            "reviewer": {
                "name": "NGUYỄN QUỐC HUY",
                "date": "Đã tham gia 5 năm",
                "reviewCount": "7 Đánh giá",
                "likedCount": "0 Lượt cảm ơn"
            },
            "review": {
                "rating": 5,
                "title": "Cực kì hài lòng",
                "content": ""
            }
        },
        {
            "reviewer": {
                "name": "VO PHUNG THUAN",
                "date": "Đã tham gia 1 tháng",
                "reviewCount": "1 Đánh giá",
                "likedCount": "0 Lượt cảm ơn"
            },
            "review": {
                "rating": 5,
                "title": "Cực kì hài lòng",
                "content": ""
            }
        },
        {
            "reviewer": {
                "name": "nguyễn huỳnh xuân bình",
                "date": "Đã tham gia 8 năm",
                "reviewCount": "44 Đánh giá",
                "likedCount": "8 Lượt cảm ơn"
            },
            "review": {
                "rating": 5,
                "title": "Cực kì hài lòng",
                "content": ""
            }
        },
        {
            "reviewer": {
                "name": "Thiện Dương",
                "date": "Đã tham gia 5 năm",
                "reviewCount": "29 Đánh giá",
                "likedCount": "0 Lượt cảm ơn"
            },
            "review": {
                "rating": 5,
                "title": "Cực kì hài lòng",
                "content": "tôi rất hài lòng, giao hàng nhanh"
            }
        },
        {
            "reviewer": {
                "name": "Nguyễn Thị Mai Linh",
                "date": "Đã tham gia 7 năm",
                "reviewCount": "3 Đánh giá",
                "likedCount": "0 Lượt cảm ơn"
            },
            "review": {
                "rating": 5,
                "title": "Cực kì hài lòng",
                "content": ""
            }
        },
        {
            "reviewer": {
                "name": "Nguyễn Anh Khoa",
                "date": "Đã tham gia 8 năm",
                "reviewCount": "36 Đánh giá",
                "likedCount": "0 Lượt cảm ơn"
            },
            "review": {
                "rating": 5,
                "title": "Cực kì hài lòng",
                "content": ""
            }
        },
        {
            "reviewer": {
                "name": "Đỗ Cẩm Linh",
                "date": "Đã tham gia 6 năm",
                "reviewCount": "21 Đánh giá",
                "likedCount": "1 Lượt cảm ơn"
            },
            "review": {
                "rating": 5,
                "title": "Cực kì hài lòng",
                "content": ""
            }
        },
        {
            "reviewer": {
                "name": "Nguyễn Bùi Quốc Dũng",
                "date": "Đã tham gia 6 năm",
                "reviewCount": "91 Đánh giá",
                "likedCount": "3 Lượt cảm ơn"
            },
            "review": {
                "rating": 5,
                "title": "Cực kì hài lòng",
                "content": ""
            }
        },
        {
            "reviewer": {
                "name": "Võ Hồng Hải",
                "date": "Đã tham gia 4 năm",
                "reviewCount": "14 Đánh giá",
                "likedCount": "0 Lượt cảm ơn"
            },
            "review": {
                "rating": 5,
                "title": "Cực kì hài lòng",
                "content": ""
            }
        },
        {
            "reviewer": {
                "name": "Lê Thu Thủy",
                "date": "Đã tham gia 13 năm",
                "reviewCount": "66 Đánh giá",
                "likedCount": "3 Lượt cảm ơn"
            },
            "review": {
                "rating": 5,
                "title": "Cực kì hài lòng",
                "content": ""
            }
        },
        {
            "reviewer": {
                "name": "Le Ngoc Quyen",
                "date": "Đã tham gia 1 năm",
                "reviewCount": "6 Đánh giá",
                "likedCount": "0 Lượt cảm ơn"
            },
            "review": {
                "rating": 5,
                "title": "Cực kì hài lòng",
                "content": ""
            }
        },
        {
            "reviewer": {
                "name": "Bui Thi Cam Linh",
                "date": "Đã tham gia 9 năm",
                "reviewCount": "176 Đánh giá",
                "likedCount": "40 Lượt cảm ơn"
            },
            "review": {
                "rating": 5,
                "title": "Cực kì hài lòng",
                "content": ""
            }
        },
        {
            "reviewer": {
                "name": "Hong tran",
                "date": "Đã tham gia 4 năm",
                "reviewCount": "1 Đánh giá",
                "likedCount": "0 Lượt cảm ơn"
            },
            "review": {
                "rating": 5,
                "title": "Cực kì hài lòng",
                "content": ""
            }
        },
        {
            "reviewer": {
                "name": "Hoàng Minh",
                "date": "Đã tham gia 7 năm",
                "reviewCount": "17 Đánh giá",
                "likedCount": "0 Lượt cảm ơn"
            },
            "review": {
                "rating": 5,
                "title": "Cực kì hài lòng",
                "content": ""
            }
        },
        {
            "reviewer": {
                "name": "Tri Lam",
                "date": "Đã tham gia 6 năm",
                "reviewCount": "1 Đánh giá",
                "likedCount": "0 Lượt cảm ơn"
            },
            "review": {
                "rating": 5,
                "title": "Cực kì hài lòng",
                "content": ""
            }
        },
        {
            "reviewer": {
                "name": "Thanh Nhat",
                "date": "Đã tham gia 10 năm",
                "reviewCount": "224 Đánh giá",
                "likedCount": "6 Lượt cảm ơn"
            },
            "review": {
                "rating": 5,
                "title": "Cực kì hài lòng",
                "content": ""
            }
        },
        {
            "reviewer": {
                "name": "Lê Duy Khiêm",
                "date": "Đã tham gia 4 năm",
                "reviewCount": "114 Đánh giá",
                "likedCount": "2 Lượt cảm ơn"
            },
            "review": {
                "rating": 5,
                "title": "Cực kì hài lòng",
                "content": "Hay đáng đọc"
            }
        },
        {
            "reviewer": {
                "name": "Duy Trinh",
                "date": "Đã tham gia 6 năm",
                "reviewCount": "49 Đánh giá",
                "likedCount": "32 Lượt cảm ơn"
            },
            "review": {
                "rating": 5,
                "title": "Cực kì hài lòng",
                "content": ""
            }
        },
        {
            "reviewer": {
                "name": "Nghĩa Nguyễn Đình",
                "date": "Đã tham gia 9 năm",
                "reviewCount": "8 Đánh giá",
                "likedCount": "0 Lượt cảm ơn"
            },
            "review": {
                "rating": 5,
                "title": "Cực kì hài lòng",
                "content": ""
            }
        },
        {
            "reviewer": {
                "name": "Trần Huyền",
                "date": "Đã tham gia 4 năm",
                "reviewCount": "3 Đánh giá",
                "likedCount": "0 Lượt cảm ơn"
            },
            "review": {
                "rating": 5,
                "title": "Cực kì hài lòng",
                "content": ""
            }
        },
        {
            "reviewer": {
                "name": "Trần Hoàng Thiên Thanh",
                "date": "Đã tham gia 6 năm",
                "reviewCount": "127 Đánh giá",
                "likedCount": "3 Lượt cảm ơn"
            },
            "review": {
                "rating": 5,
                "title": "Cực kì hài lòng",
                "content": ""
            }
        },
        {
            "reviewer": {
                "name": "An Nguyen",
                "date": "Đã tham gia 13 năm",
                "reviewCount": "17 Đánh giá",
                "likedCount": "1 Lượt cảm ơn"
            },
            "review": {
                "rating": 5,
                "title": "Cực kì hài lòng",
                "content": ""
            }
        },
        {
            "reviewer": {
                "name": "Trịnh Tiến Bình",
                "date": "Đã tham gia 10 năm",
                "reviewCount": "26 Đánh giá",
                "likedCount": "0 Lượt cảm ơn"
            },
            "review": {
                "rating": 5,
                "title": "Cực kì hài lòng",
                "content": "ok"
            }
        },
        {
            "reviewer": {
                "name": "Trương Quốc Bảo",
                "date": "Đã tham gia 9 năm",
                "reviewCount": "29 Đánh giá",
                "likedCount": "1 Lượt cảm ơn"
            },
            "review": {
                "rating": 5,
                "title": "Cực kì hài lòng",
                "content": ""
            }
        },
        {
            "reviewer": {
                "name": "Dư Anh Khoa",
                "date": "Đã tham gia 6 năm",
                "reviewCount": "1 Đánh giá",
                "likedCount": "0 Lượt cảm ơn"
            },
            "review": {
                "rating": 5,
                "title": "Cực kì hài lòng",
                "content": ""
            }
        },
        {
            "reviewer": {
                "name": "Pham Hong Lien",
                "date": "Đã tham gia 7 năm",
                "reviewCount": "4 Đánh giá",
                "likedCount": "0 Lượt cảm ơn"
            },
            "review": {
                "rating": 5,
                "title": "Cực kì hài lòng",
                "content": ""
            }
        },
        {
            "reviewer": {
                "name": "Phạm Quang Khải",
                "date": "Đã tham gia 3 năm",
                "reviewCount": "36 Đánh giá",
                "likedCount": "1 Lượt cảm ơn"
            },
            "review": {
                "rating": 5,
                "title": "Cực kì hài lòng",
                "content": ""
            }
        },
        {
            "reviewer": {
                "name": "Pnk Pnk Arsenal",
                "date": "Đã tham gia 9 năm",
                "reviewCount": "293 Đánh giá",
                "likedCount": "9 Lượt cảm ơn"
            },
            "review": {
                "rating": 5,
                "title": "Cực kì hài lòng",
                "content": ""
            }
        },
        {
            "reviewer": {
                "name": "Hà My",
                "date": "Đã tham gia 6 năm",
                "reviewCount": "16 Đánh giá",
                "likedCount": "0 Lượt cảm ơn"
            },
            "review": {
                "rating": 5,
                "title": "Cực kì hài lòng",
                "content": ""
            }
        },
        {
            "reviewer": {
                "name": "Vo Van Man",
                "date": "Đã tham gia 6 năm",
                "reviewCount": "29 Đánh giá",
                "likedCount": "20 Lượt cảm ơn"
            },
            "review": {
                "rating": 5,
                "title": "Cực kì hài lòng",
                "content": ""
            }
        },
        {
            "reviewer": {
                "name": "Trần  Trang",
                "date": "Đã tham gia 11 năm",
                "reviewCount": "68 Đánh giá",
                "likedCount": "0 Lượt cảm ơn"
            },
            "review": {
                "rating": 5,
                "title": "Cực kì hài lòng",
                "content": ""
            }
        },
        {
            "reviewer": {
                "name": "Trai Trương Minh",
                "date": "Đã tham gia 7 năm",
                "reviewCount": "122 Đánh giá",
                "likedCount": "2 Lượt cảm ơn"
            },
            "review": {
                "rating": 5,
                "title": "Cực kì hài lòng",
                "content": ""
            }
        },
        {
            "reviewer": {
                "name": "Thi Pham",
                "date": "Đã tham gia 6 năm",
                "reviewCount": "14 Đánh giá",
                "likedCount": "0 Lượt cảm ơn"
            },
            "review": {
                "rating": 5,
                "title": "Cực kì hài lòng",
                "content": ""
            }
        },
        {
            "reviewer": {
                "name": "Trần Đức Hiển",
                "date": "Đã tham gia 9 năm",
                "reviewCount": "4 Đánh giá",
                "likedCount": "0 Lượt cảm ơn"
            },
            "review": {
                "rating": 3,
                "title": "Bình thường",
                "content": "Sách có nhiều lỗi, viết sai lỗi chính tả"
            }
        },
        {
            "reviewer": {
                "name": "Minh Nguyễn",
                "date": "Đã tham gia 8 năm",
                "reviewCount": "57 Đánh giá",
                "likedCount": "43 Lượt cảm ơn"
            },
            "review": {
                "rating": 3,
                "title": "Bình thường",
                "content": "Nội dung mang tính tổng hợp lại các văn hoá, sứ mệnh của các cty nổi tiếng mà ko phân tích sự liên kết và trả lời why?"
            }
        },
        {
            "reviewer": {
                "name": "Hoàng Dũng",
                "date": "Đã tham gia 2 năm",
                "reviewCount": "5 Đánh giá",
                "likedCount": "0 Lượt cảm ơn"
            },
            "review": {
                "rating": 4,
                "title": "Hài lòng",
                "content": ""
            }
        },
        {
            "reviewer": {
                "name": "Nguyen Thao Nguyen",
                "date": "Đã tham gia 9 năm",
                "reviewCount": "35 Đánh giá",
                "likedCount": "0 Lượt cảm ơn"
            },
            "review": {
                "rating": 4,
                "title": "Hài lòng",
                "content": ""
            }
        },
        {
            "reviewer": {
                "name": "Chính Nguyễn",
                "date": "Đã tham gia 6 năm",
                "reviewCount": "225 Đánh giá",
                "likedCount": "2 Lượt cảm ơn"
            },
            "review": {
                "rating": 4,
                "title": "Hài lòng",
                "content": ""
            }
        }
    ]
}