{
    "url": "https://tiki.vn/nhung-ke-xuat-chung-tai-ban-p214186191.html?spid=214186193",
    "info": {
        "title": "Những Kẻ Xuất Chúng (Tái Bản)",
        "author": "Malcolm Gladwell",
        "imageUrl": "https://salt.tikicdn.com/cache/750x750/ts/product/29/15/97/f535cd564d0fd8131efcae2ac921f782.jpg.webp",
        "soldQuantity": 993,
        "currentPrice": 116000,
        "originalPrice": 159000
    },
    "details": {
        "bookVersion": "Phiên bản thường",
        "publisher": "Alphabooks",
        "publishDate": "2023-01-01 00:00:00",
        "dimensions": "13.0 x 20.5 cm",
        "translator": "Diệu Ngọc",
        "coverType": "Bìa mềm",
        "pageCount": "348",
        "publishingHouse": "Nhà Xuất Bản Thế Giới"
    },
    "description": "Cuốn sách Những kẻ xuất chúng sẽ giúp bạn tìm ra câu trả lời thông qua các phân tích về xã hội, văn hóa và thế hệ của những nhân vật kiệt xuất như Bill Gates, Beatles và Mozart, bên cạnh những thất bại đáng kinh ngạc của một số người khác (ví dụ: Christopher Langan, người có chỉ số IQ cao hơn Einstein nhưng rốt cuộc lại quay về làm việc trong một trại ngựa). Theo đó, cùng với tài năng và tham vọng, những người thành công đều được thừa hưởng một cơ hội đặt biệt để rèn luyện kỹ năng và cho phép họ vượt lên những người cùng trang lứa.\nVới giọng văn lôi cuốn và cách kể chuyện hết sức có duyên, Malcolm Gladwell cũng viện dẫn rất nhiều giai thoại thú vị như tại sao phần lớn các cậu bé giỏi môn khúc côn cầu lại sinh vào tháng một, tại sao con cái của những người Do Thái nhập cư lại trở thành những luật sư quyền lực nhất New York, tại sao truyền thống văn hóa của nền nông nghiệp lúa nước lại có thể giúp trẻ em châu Á giỏi toá Nhưng không chỉ có thế. Thông qua những ví dụ này, Gladwell muốn bàn luận về những con đường phức tạp dẫn đến thành công của con người.\nThách thức niềm tin về “con người tự lực”, tác giả quả quyết rằng các vĩ nhân không tự dưng mà có, cũng không được thúc đẩy bởi thiên tài hay tài năng. Họ là những người được hưởng một “lợi thế vô hình” và cơ hội khác thường từ môi trường và hoàn cảnh, nhờ đó họ vươn tới những đỉnh cao mà người khác không thể đạt được. Theo ông, “một vài người xứng đáng với điều đó, một vài người khác thì không, một số người tạo ra thành công, một số đơn giản là do may mắn”.\nVỀ TÁC GIẢ\nMalcolm Gladwell là một trong những học giả hàng đầu thế giới hiện nay. Ông là tác giả của ba cuốn sách bán chạy nhất theo Tạp chí New York Times: Điểm Bùng Phát (The Tipping Point), Trong Chớp Mắt (Blink), và Những Kẻ Xuất Chúng (Outliers).\nNăm 2005, Gladwell được Tạp chí Time bầu là 1 trong 100 nhân vật có ảnh hưởng nhất thế giới. Năm 2007, ông nhận giải nhất của Hiệp hội Xã hội học Mỹ cho các bài viết về vấn đề xã hội. Các cuốn sách và bài viết của Gladwell thường đề cập đến những mối liên hệ bất ngờ của các nghiên cứu trong khoa học xã hội và ứng dụng các công trình nghiên cứu đặc biệt trong lĩnh vực Xã hội học, Tâm lý học và Tâm lý học Xã hội.\nGiá sản phẩm trên Tiki đã bao gồm thuế theo luật hiện hành. Bên cạnh đó, tuỳ vào loại sản phẩm, hình thức và địa chỉ giao hàng mà có thể phát sinh thêm chi phí khác như phí vận chuyển, phụ phí hàng cồng kềnh, thuế nhập khẩu (đối với đơn hàng giao từ nước ngoài có giá trị trên 1 triệu đồng).....",
    "rating": {
        "totalRating": 4.7,
        "numberOfRating": 69
    },
    "reviews": [
        {
            "reviewer": {
                "name": "Trương An Nhien",
                "date": "Đã tham gia 9 năm",
                "reviewCount": "55 Đánh giá",
                "likedCount": "6 Lượt cảm ơn"
            },
            "review": {
                "rating": 5,
                "title": "Cực kì hài lòng",
                "content": "PMình rất thích các quyển sách của Malcolm Gladwell. Có rất nhiều khám phá, phân tích rất sâu sắc. Mình đã đọc quyển này khá lâu, bây giờ chỉ mua để tặng"
            }
        },
        {
            "reviewer": {
                "name": "Annie Pham",
                "date": "Đã tham gia 4 năm",
                "reviewCount": "11 Đánh giá",
                "likedCount": "0 Lượt cảm ơn"
            },
            "review": {
                "rating": 5,
                "title": "Cực kì hài lòng",
                "content": "Nội dung chưa đọc , bìa sách đẹp ok , đọc rồi sẽ quay lại quánh giá"
            }
        },
        {
            "reviewer": {
                "name": "Duc Van Tran",
                "date": "Đã tham gia 8 năm",
                "reviewCount": "76 Đánh giá",
                "likedCount": "5 Lượt cảm ơn"
            },
            "review": {
                "rating": 5,
                "title": "Cực kì hài lòng",
                "content": "Sách đóng gói cẩn thận, ship nhanh, nội dung ok"
            }
        },
        {
            "reviewer": {
                "name": "Kim Nguyen",
                "date": "Đã tham gia 8 năm",
                "reviewCount": "25 Đánh giá",
                "likedCount": "58 Lượt cảm ơn"
            },
            "review": {
                "rating": 3,
                "title": "Bình thường",
                "content": "Rất kỳ vọng, nhưng:\r\n- sách chất lượng giấy mỏng. Nội dung sau lộ phần trang trước rất khó chịu.\r\n- chữ mờ làm điều tiết mắt rất mỏi\r\n- chất lượng in, màu mực không đủ tốt.\r\n- bìa sách dơ bụi, gáy sách cong vẹo.\r\nRất mong đổi lại quyển khác. Đây là quyển mình rất kỳ vọng. \r\n\r\nXin cảm ơn"
            }
        },
        {
            "reviewer": {
                "name": "Huy Khánh",
                "date": "Đã tham gia 1 năm",
                "reviewCount": "86 Đánh giá",
                "likedCount": "1 Lượt cảm ơn"
            },
            "review": {
                "rating": 5,
                "title": "Cực kì hài lòng",
                "content": "Mình rất hài lòng!! Cảm ơn tác giả, nhà xuất bản, cửa hàng sách và Tiki!!"
            }
        },
        {
            "reviewer": {
                "name": "Phú Quí",
                "date": "Đã tham gia 5 năm",
                "reviewCount": "34 Đánh giá",
                "likedCount": "10 Lượt cảm ơn"
            },
            "review": {
                "rating": 5,
                "title": "Cực kì hài lòng",
                "content": "Có nhiều góc nhìn, quan điểm mới về người thành công trên thế giới hiện đại"
            }
        },
        {
            "reviewer": {
                "name": "Trương Văn Tài",
                "date": "Đã tham gia 6 năm",
                "reviewCount": "31 Đánh giá",
                "likedCount": "1 Lượt cảm ơn"
            },
            "review": {
                "rating": 5,
                "title": "Cực kì hài lòng",
                "content": "Rất hay. Những kẻ xuất chúng không chỉ rất giỏi, chăm chỉ mà còn gặp thời nữa"
            }
        },
        {
            "reviewer": {
                "name": "Trần Thị Bích Ngọc",
                "date": "Đã tham gia 2 năm",
                "reviewCount": "38 Đánh giá",
                "likedCount": "2 Lượt cảm ơn"
            },
            "review": {
                "rating": 5,
                "title": "Cực kì hài lòng",
                "content": "Sách rất hay, giải thích những yếu tố khách quan ảnh hưởng đến thành công của 1 người."
            }
        },
        {
            "reviewer": {
                "name": "Nguyễn Thanh Tùng",
                "date": "Đã tham gia 9 năm",
                "reviewCount": "76 Đánh giá",
                "likedCount": "174 Lượt cảm ơn"
            },
            "review": {
                "rating": 5,
                "title": "Cực kì hài lòng",
                "content": "Sách hay, đáng đọc để có những góc nhìn mới về thành công"
            }
        },
        {
            "reviewer": {
                "name": "Nguyen Anh Ngoc",
                "date": "Đã tham gia 8 năm",
                "reviewCount": "45 Đánh giá",
                "likedCount": "4 Lượt cảm ơn"
            },
            "review": {
                "rating": 5,
                "title": "Cực kì hài lòng",
                "content": "Sách rất hay. Nội dung cuốn hút. Lối hành văn dễ hiểu. Mọi người nên mua."
            }
        },
        {
            "reviewer": {
                "name": "Trần Minh Hảo",
                "date": "Đã tham gia 5 năm",
                "reviewCount": "38 Đánh giá",
                "likedCount": "6 Lượt cảm ơn"
            },
            "review": {
                "rating": 5,
                "title": "Cực kì hài lòng",
                "content": ""
            }
        },
        {
            "reviewer": {
                "name": "NGUYỄN THANH PHÚ",
                "date": "Đã tham gia 3 năm",
                "reviewCount": "3 Đánh giá",
                "likedCount": "0 Lượt cảm ơn"
            },
            "review": {
                "rating": 5,
                "title": "Cực kì hài lòng",
                "content": ""
            }
        },
        {
            "reviewer": {
                "name": "An Phạm",
                "date": "Đã tham gia 6 năm",
                "reviewCount": "2 Đánh giá",
                "likedCount": "0 Lượt cảm ơn"
            },
            "review": {
                "rating": 5,
                "title": "Cực kì hài lòng",
                "content": ""
            }
        },
        {
            "reviewer": {
                "name": "Hoa Tâm",
                "date": "Đã tham gia 8 năm",
                "reviewCount": "39 Đánh giá",
                "likedCount": "0 Lượt cảm ơn"
            },
            "review": {
                "rating": 5,
                "title": "Cực kì hài lòng",
                "content": ""
            }
        },
        {
            "reviewer": {
                "name": "Thanh Giang",
                "date": "Đã tham gia 6 năm",
                "reviewCount": "54 Đánh giá",
                "likedCount": "0 Lượt cảm ơn"
            },
            "review": {
                "rating": 5,
                "title": "Cực kì hài lòng",
                "content": ""
            }
        },
        {
            "reviewer": {
                "name": "Lê Thị Trung Anh",
                "date": "Đã tham gia 4 năm",
                "reviewCount": "1 Đánh giá",
                "likedCount": "0 Lượt cảm ơn"
            },
            "review": {
                "rating": 5,
                "title": "Cực kì hài lòng",
                "content": ""
            }
        },
        {
            "reviewer": {
                "name": "Hoa TaBi",
                "date": "Đã tham gia 7 năm",
                "reviewCount": "24 Đánh giá",
                "likedCount": "0 Lượt cảm ơn"
            },
            "review": {
                "rating": 5,
                "title": "Cực kì hài lòng",
                "content": ""
            }
        },
        {
            "reviewer": {
                "name": "Odin Nguyen",
                "date": "Đã tham gia 2 năm",
                "reviewCount": "6 Đánh giá",
                "likedCount": "0 Lượt cảm ơn"
            },
            "review": {
                "rating": 5,
                "title": "Cực kì hài lòng",
                "content": ""
            }
        },
        {
            "reviewer": {
                "name": "Anh Tài",
                "date": "Đã tham gia 5 năm",
                "reviewCount": "32 Đánh giá",
                "likedCount": "3 Lượt cảm ơn"
            },
            "review": {
                "rating": 5,
                "title": "Cực kì hài lòng",
                "content": ""
            }
        },
        {
            "reviewer": {
                "name": "lý hải huế",
                "date": "Đã tham gia 4 năm",
                "reviewCount": "26 Đánh giá",
                "likedCount": "0 Lượt cảm ơn"
            },
            "review": {
                "rating": 5,
                "title": "Cực kì hài lòng",
                "content": ""
            }
        },
        {
            "reviewer": {
                "name": "An Nguyen",
                "date": "Đã tham gia 2 năm",
                "reviewCount": "10 Đánh giá",
                "likedCount": "0 Lượt cảm ơn"
            },
            "review": {
                "rating": 5,
                "title": "Cực kì hài lòng",
                "content": ""
            }
        },
        {
            "reviewer": {
                "name": "Hạnh Quyên",
                "date": "Đã tham gia 2 năm",
                "reviewCount": "74 Đánh giá",
                "likedCount": "6 Lượt cảm ơn"
            },
            "review": {
                "rating": 5,
                "title": "Cực kì hài lòng",
                "content": ""
            }
        },
        {
            "reviewer": {
                "name": "Bùi Nghị",
                "date": "Đã tham gia 1 năm",
                "reviewCount": "7 Đánh giá",
                "likedCount": "0 Lượt cảm ơn"
            },
            "review": {
                "rating": 5,
                "title": "Cực kì hài lòng",
                "content": ""
            }
        },
        {
            "reviewer": {
                "name": "Tạ Đình Phúc",
                "date": "Đã tham gia 5 năm",
                "reviewCount": "76 Đánh giá",
                "likedCount": "0 Lượt cảm ơn"
            },
            "review": {
                "rating": 5,
                "title": "Cực kì hài lòng",
                "content": "Sách khá đẹp, vận chuyển nhanh"
            }
        },
        {
            "reviewer": {
                "name": "Hồng Thái",
                "date": "Đã tham gia 5 năm",
                "reviewCount": "20 Đánh giá",
                "likedCount": "0 Lượt cảm ơn"
            },
            "review": {
                "rating": 5,
                "title": "Cực kì hài lòng",
                "content": ""
            }
        },
        {
            "reviewer": {
                "name": "Trần Diệp Diệp",
                "date": "Đã tham gia 12 năm",
                "reviewCount": "17 Đánh giá",
                "likedCount": "0 Lượt cảm ơn"
            },
            "review": {
                "rating": 5,
                "title": "Cực kì hài lòng",
                "content": "Good"
            }
        },
        {
            "reviewer": {
                "name": "Nguyễn Phước Thiệu",
                "date": "Đã tham gia 6 năm",
                "reviewCount": "35 Đánh giá",
                "likedCount": "0 Lượt cảm ơn"
            },
            "review": {
                "rating": 5,
                "title": "Cực kì hài lòng",
                "content": ""
            }
        },
        {
            "reviewer": {
                "name": "Bình Ngô",
                "date": "Đã tham gia 8 năm",
                "reviewCount": "21 Đánh giá",
                "likedCount": "0 Lượt cảm ơn"
            },
            "review": {
                "rating": 5,
                "title": "Cực kì hài lòng",
                "content": ""
            }
        },
        {
            "reviewer": {
                "name": "Mai Thy",
                "date": "Đã tham gia 4 năm",
                "reviewCount": "9 Đánh giá",
                "likedCount": "0 Lượt cảm ơn"
            },
            "review": {
                "rating": 5,
                "title": "Cực kì hài lòng",
                "content": ""
            }
        },
        {
            "reviewer": {
                "name": "Nguyễn Đức Trọng",
                "date": "Đã tham gia 6 năm",
                "reviewCount": "39 Đánh giá",
                "likedCount": "0 Lượt cảm ơn"
            },
            "review": {
                "rating": 5,
                "title": "Cực kì hài lòng",
                "content": ""
            }
        },
        {
            "reviewer": {
                "name": "Thanh tùng",
                "date": "Đã tham gia 1 năm",
                "reviewCount": "8 Đánh giá",
                "likedCount": "0 Lượt cảm ơn"
            },
            "review": {
                "rating": 5,
                "title": "Cực kì hài lòng",
                "content": ""
            }
        },
        {
            "reviewer": {
                "name": "Giang Nguyen",
                "date": "Đã tham gia 5 năm",
                "reviewCount": "37 Đánh giá",
                "likedCount": "0 Lượt cảm ơn"
            },
            "review": {
                "rating": 5,
                "title": "Cực kì hài lòng",
                "content": ""
            }
        },
        {
            "reviewer": {
                "name": "Toan Tran",
                "date": "Đã tham gia 2 năm",
                "reviewCount": "66 Đánh giá",
                "likedCount": "0 Lượt cảm ơn"
            },
            "review": {
                "rating": 5,
                "title": "Cực kì hài lòng",
                "content": ""
            }
        },
        {
            "reviewer": {
                "name": "Nguyễn Văn Thịnh",
                "date": "Đã tham gia 4 năm",
                "reviewCount": "12 Đánh giá",
                "likedCount": "0 Lượt cảm ơn"
            },
            "review": {
                "rating": 5,
                "title": "Cực kì hài lòng",
                "content": ""
            }
        },
        {
            "reviewer": {
                "name": "Nguyễn Ước",
                "date": "Đã tham gia 1 năm",
                "reviewCount": "23 Đánh giá",
                "likedCount": "0 Lượt cảm ơn"
            },
            "review": {
                "rating": 5,
                "title": "Cực kì hài lòng",
                "content": ""
            }
        },
        {
            "reviewer": {
                "name": "Lưu Thị Diệu Ánh  Diệu Ánh",
                "date": "Đã tham gia 12 năm",
                "reviewCount": "18 Đánh giá",
                "likedCount": "7 Lượt cảm ơn"
            },
            "review": {
                "rating": 5,
                "title": "Cực kì hài lòng",
                "content": ""
            }
        },
        {
            "reviewer": {
                "name": "Nguyễn Việt Hà",
                "date": "Đã tham gia 7 năm",
                "reviewCount": "12 Đánh giá",
                "likedCount": "0 Lượt cảm ơn"
            },
            "review": {
                "rating": 5,
                "title": "Cực kì hài lòng",
                "content": "Tốt"
            }
        },
        {
            "reviewer": {
                "name": "Nguyễn Mai Phương",
                "date": "Đã tham gia 7 năm",
                "reviewCount": "12 Đánh giá",
                "likedCount": "0 Lượt cảm ơn"
            },
            "review": {
                "rating": 5,
                "title": "Cực kì hài lòng",
                "content": ""
            }
        },
        {
            "reviewer": {
                "name": "Vy Uyen",
                "date": "Đã tham gia 2 năm",
                "reviewCount": "15 Đánh giá",
                "likedCount": "2 Lượt cảm ơn"
            },
            "review": {
                "rating": 5,
                "title": "Cực kì hài lòng",
                "content": ""
            }
        },
        {
            "reviewer": {
                "name": "Hoài Văn",
                "date": "Đã tham gia 5 năm",
                "reviewCount": "184 Đánh giá",
                "likedCount": "1 Lượt cảm ơn"
            },
            "review": {
                "rating": 5,
                "title": "Cực kì hài lòng",
                "content": ""
            }
        },
        {
            "reviewer": {
                "name": "Chíp Và Đên",
                "date": "Đã tham gia 9 năm",
                "reviewCount": "105 Đánh giá",
                "likedCount": "4 Lượt cảm ơn"
            },
            "review": {
                "rating": 5,
                "title": "Cực kì hài lòng",
                "content": ""
            }
        },
        {
            "reviewer": {
                "name": "Nguyễn Thị Thu Hương",
                "date": "Đã tham gia 7 năm",
                "reviewCount": "79 Đánh giá",
                "likedCount": "51 Lượt cảm ơn"
            },
            "review": {
                "rating": 5,
                "title": "Cực kì hài lòng",
                "content": ""
            }
        },
        {
            "reviewer": {
                "name": "Thảo Mint",
                "date": "Đã tham gia 3 năm",
                "reviewCount": "45 Đánh giá",
                "likedCount": "1 Lượt cảm ơn"
            },
            "review": {
                "rating": 5,
                "title": "Cực kì hài lòng",
                "content": ""
            }
        },
        {
            "reviewer": {
                "name": "Manh Ha",
                "date": "Đã tham gia 5 năm",
                "reviewCount": "140 Đánh giá",
                "likedCount": "12 Lượt cảm ơn"
            },
            "review": {
                "rating": 5,
                "title": "Cực kì hài lòng",
                "content": ""
            }
        },
        {
            "reviewer": {
                "name": "Hai Nguyen",
                "date": "Đã tham gia 3 năm",
                "reviewCount": "45 Đánh giá",
                "likedCount": "2 Lượt cảm ơn"
            },
            "review": {
                "rating": 5,
                "title": "Cực kì hài lòng",
                "content": ""
            }
        },
        {
            "reviewer": {
                "name": "Dang Thanh Huong",
                "date": "Đã tham gia 6 năm",
                "reviewCount": "9 Đánh giá",
                "likedCount": "0 Lượt cảm ơn"
            },
            "review": {
                "rating": 5,
                "title": "Cực kì hài lòng",
                "content": ""
            }
        },
        {
            "reviewer": {
                "name": "Lê Công Thiện",
                "date": "Đã tham gia 6 năm",
                "reviewCount": "9 Đánh giá",
                "likedCount": "1 Lượt cảm ơn"
            },
            "review": {
                "rating": 5,
                "title": "Cực kì hài lòng",
                "content": "Sách đẹp, thơm"
            }
        },
        {
            "reviewer": {
                "name": "hung hung",
                "date": "Đã tham gia 11 năm",
                "reviewCount": "126 Đánh giá",
                "likedCount": "39 Lượt cảm ơn"
            },
            "review": {
                "rating": 5,
                "title": "Cực kì hài lòng",
                "content": ""
            }
        },
        {
            "reviewer": {
                "name": "Thuy Tran",
                "date": "Đã tham gia 12 năm",
                "reviewCount": "22 Đánh giá",
                "likedCount": "10 Lượt cảm ơn"
            },
            "review": {
                "rating": 5,
                "title": "Cực kì hài lòng",
                "content": ""
            }
        },
        {
            "reviewer": {
                "name": "Ngan Ha",
                "date": "Đã tham gia 3 năm",
                "reviewCount": "20 Đánh giá",
                "likedCount": "0 Lượt cảm ơn"
            },
            "review": {
                "rating": 5,
                "title": "Cực kì hài lòng",
                "content": ""
            }
        },
        {
            "reviewer": {
                "name": "Nguyễn Kiên",
                "date": "Đã tham gia 5 năm",
                "reviewCount": "19 Đánh giá",
                "likedCount": "3 Lượt cảm ơn"
            },
            "review": {
                "rating": 5,
                "title": "Cực kì hài lòng",
                "content": "Duyệt"
            }
        },
        {
            "reviewer": {
                "name": "Quốc hiệu",
                "date": "Đã tham gia 2 năm",
                "reviewCount": "1 Đánh giá",
                "likedCount": "0 Lượt cảm ơn"
            },
            "review": {
                "rating": 5,
                "title": "Cực kì hài lòng",
                "content": ""
            }
        },
        {
            "reviewer": {
                "name": "Ngân Nguyễn",
                "date": "Đã tham gia 10 năm",
                "reviewCount": "79 Đánh giá",
                "likedCount": "6 Lượt cảm ơn"
            },
            "review": {
                "rating": 5,
                "title": "Cực kì hài lòng",
                "content": ""
            }
        },
        {
            "reviewer": {
                "name": "Quách Phước Hải",
                "date": "Đã tham gia 7 năm",
                "reviewCount": "6 Đánh giá",
                "likedCount": "0 Lượt cảm ơn"
            },
            "review": {
                "rating": 5,
                "title": "Cực kì hài lòng",
                "content": ""
            }
        },
        {
            "reviewer": {
                "name": "Lâm Kim Phụng",
                "date": "Đã tham gia 11 năm",
                "reviewCount": "64 Đánh giá",
                "likedCount": "2 Lượt cảm ơn"
            },
            "review": {
                "rating": 5,
                "title": "Cực kì hài lòng",
                "content": ""
            }
        },
        {
            "reviewer": {
                "name": "Phạm Khanh",
                "date": "Đã tham gia 10 năm",
                "reviewCount": "8 Đánh giá",
                "likedCount": "1 Lượt cảm ơn"
            },
            "review": {
                "rating": 5,
                "title": "Cực kì hài lòng",
                "content": ""
            }
        },
        {
            "reviewer": {
                "name": "Pham Xuan Thuong",
                "date": "Đã tham gia 4 năm",
                "reviewCount": "189 Đánh giá",
                "likedCount": "0 Lượt cảm ơn"
            },
            "review": {
                "rating": 5,
                "title": "Cực kì hài lòng",
                "content": "Good"
            }
        },
        {
            "reviewer": {
                "name": "Đỗ Nhâm",
                "date": "Đã tham gia 2 năm",
                "reviewCount": "207 Đánh giá",
                "likedCount": "10 Lượt cảm ơn"
            },
            "review": {
                "rating": 5,
                "title": "Cực kì hài lòng",
                "content": ""
            }
        },
        {
            "reviewer": {
                "name": "ha taviet",
                "date": "Đã tham gia 8 năm",
                "reviewCount": "20 Đánh giá",
                "likedCount": "1 Lượt cảm ơn"
            },
            "review": {
                "rating": 5,
                "title": "Cực kì hài lòng",
                "content": ""
            }
        },
        {
            "reviewer": {
                "name": "VĂN HÙNG DANH",
                "date": "Đã tham gia 7 năm",
                "reviewCount": "33 Đánh giá",
                "likedCount": "7 Lượt cảm ơn"
            },
            "review": {
                "rating": 5,
                "title": "Cực kì hài lòng",
                "content": ""
            }
        },
        {
            "reviewer": {
                "name": "Apple User",
                "date": "Đã tham gia 1 năm",
                "reviewCount": "1 Đánh giá",
                "likedCount": "0 Lượt cảm ơn"
            },
            "review": {
                "rating": 1,
                "title": "Rất không hài lòng",
                "content": "Sản phẩm giao cho khách là hành trưng bày, dính đầy bụi bẩn như sách cũ"
            }
        },
        {
            "reviewer": {
                "name": "Anh Tran",
                "date": "Đã tham gia 2 năm",
                "reviewCount": "3 Đánh giá",
                "likedCount": "0 Lượt cảm ơn"
            },
            "review": {
                "rating": 2,
                "title": "Không hài lòng",
                "content": "Bìa ngoài cuốn sách bị dơ, lau không ra với lại dán nhãn lung tung sau bìa sách. Trang bìa trước bị gảy."
            }
        },
        {
            "reviewer": {
                "name": "Thế Phương",
                "date": "Đã tham gia 3 năm",
                "reviewCount": "2 Đánh giá",
                "likedCount": "0 Lượt cảm ơn"
            },
            "review": {
                "rating": 1,
                "title": "Rất không hài lòng",
                "content": "Nhân viên giao hàng rất kém"
            }
        },
        {
            "reviewer": {
                "name": "Nguyen Thanh Binh",
                "date": "Đã tham gia 4 năm",
                "reviewCount": "34 Đánh giá",
                "likedCount": "0 Lượt cảm ơn"
            },
            "review": {
                "rating": 2,
                "title": "Không hài lòng",
                "content": "Sách cũ ??? Bìa bẩn k có bọc ngoài?"
            }
        },
        {
            "reviewer": {
                "name": "Đỗ Thị Vân Hương",
                "date": "Đã tham gia 3 năm",
                "reviewCount": "112 Đánh giá",
                "likedCount": "9 Lượt cảm ơn"
            },
            "review": {
                "rating": 4,
                "title": "Hài lòng",
                "content": ""
            }
        },
        {
            "reviewer": {
                "name": "Mai Vinh",
                "date": "Đã tham gia 6 năm",
                "reviewCount": "2 Đánh giá",
                "likedCount": "0 Lượt cảm ơn"
            },
            "review": {
                "rating": 4,
                "title": "Hài lòng",
                "content": "nếu có bọc một lớp giấy kính cho sách thì sẽ tốt hơn"
            }
        },
        {
            "reviewer": {
                "name": "Vũ Lê Việt Anh",
                "date": "Đã tham gia 1 năm",
                "reviewCount": "6 Đánh giá",
                "likedCount": "0 Lượt cảm ơn"
            },
            "review": {
                "rating": 4,
                "title": "Hài lòng",
                "content": ""
            }
        },
        {
            "reviewer": {
                "name": "Đỗ Hiệp",
                "date": "Đã tham gia 2 năm",
                "reviewCount": "6 Đánh giá",
                "likedCount": "0 Lượt cảm ơn"
            },
            "review": {
                "rating": 4,
                "title": "Hài lòng",
                "content": ""
            }
        },
        {
            "reviewer": {
                "name": "Ky Duyen",
                "date": "Đã tham gia 4 năm",
                "reviewCount": "25 Đánh giá",
                "likedCount": "0 Lượt cảm ơn"
            },
            "review": {
                "rating": 4,
                "title": "Hài lòng",
                "content": ""
            }
        }
    ]
}