{
    "url": "https://tiki.vn/khoi-nghiep-kinh-doanh-online-ban-hang-hieu-qua-tren-shopee-p186211127.html?spid=186211128",
    "info": {
        "title": "Khởi Nghiệp Kinh Doanh Online - Bán Hàng Hiệu Quả Trên Shopee",
        "author": null,
        "imageUrl": null,
        "soldQuantity": 1000,
        "currentPrice": 151000,
        "originalPrice": 199000
    },
    "details": {
        "publisher": "Công ty TNHH Truyền Thông Giver",
        "publishDate": "2022-05-31 11:17:22",
        "coverType": "Bìa mềm",
        "pageCount": "200",
        "publishingHouse": "Nhà Xuất Bản Đà Nẵng"
    },
    "description": "Quyển sách mang đến cho bạn:\n\nVề tác giả Nguyễn Trí Long, anh là một Thạc sĩ, giảng viên khoa Kinh tế & QTKD trường Đại học Hải Phòng. Ngoài ra anh còn là một doanh nhân và nhà đào tạo marketing online với hơn 10 năm kinh nghiệm.\n\nGiúp độc giả hiểu được lý do vì sao nên chọn kinh doanh trên sàn thương mại điện tử.\nChương 1 - Càng đáng sợ, càng đáng làm\nChương 2 - Khởi nghiệp với sàn Thương mại điện tử lựa chọn tốt nhất cho người mới bắt đầu\nHướng dẫn từng bước bán hàng online thành công trong việc thấu hiểu khách hàng và khai thác hiệu quả các công cụ miễn phí.\nChương 3 - Lựa khách hàng chọn sản phẩm\nChương 4 - Nghiên cứu đối thủ, thấu hiểu khách hàng\nChương 5 - Xây dựng gian hàng chuẩn SEO\nHướng dẫn các bước xây dựng gian hàng chuẩn SEO. Làm đúng ngay từ đầu để đưa sản phẩm của lên top đầu trang tìm kiếm.\nChương 6 - Thúc đẩy doanh số\nHướng dẫn từng bước định giá, seeding và sử dụng các công cụ marketing miễn phí của Sàn:\nChương 7 - Vận hành hiệu quả tránh sao quả tạ\nCung cấp các thực tiễn quản lý hàng hoá, đóng gói, vận hành để đạt hiệu suất hoạt động tốt, giúp khách hàng hài lòng và tránh bị phạt bởi Sàn.\nSử dụng các chiến lược quảng cáo trả phí để tăng trưởng kinh doanh\nChương 8 - Thúc đẩy doanh số với quảng cáo của Sàn\n\n#santhuongmaidientu #thuongmaidientu #kinhdoanhonline #banhangonline #kinhdoanh #banhang #online #lamgiauonline  #ecommerce #khoinghieponline #khoinghepbanle #khoinghiepkinhdoanh #banleonline\nGiá sản phẩm trên Tiki đã bao gồm thuế theo luật hiện hành. Bên cạnh đó, tuỳ vào loại sản phẩm, hình thức và địa chỉ giao hàng mà có thể phát sinh thêm chi phí khác như phí vận chuyển, phụ phí hàng cồng kềnh, thuế nhập khẩu (đối với đơn hàng giao từ nước ngoài có giá trị trên 1 triệu đồng).....",
    "rating": {
        "totalRating": 4.9,
        "numberOfRating": 85
    },
    "reviews": [
        {
            "reviewer": {
                "name": "San San",
                "date": "Đã tham gia 4 năm",
                "reviewCount": "19 Đánh giá",
                "likedCount": "47 Lượt cảm ơn"
            },
            "review": {
                "rating": 5,
                "title": "Cực kì hài lòng",
                "content": "Trước mình là sinh viên muốn kinh doanh thêm nhưng không hiểu sao mãi không có đơn. Từ hôm đọc quyển này xong mới hiểu 1001 thứ mình không làm đúng và song song là cách làm đúng + tốt hơn 😱  Đây sẽ là quyển sách gối đầu nằm cho mình trong thời điểm khởi nghiệp kinh doanh *** 😁 Sách dễ đọc, thơm, chịu, triệu like."
            }
        },
        {
            "reviewer": {
                "name": "Nhi Hoàng",
                "date": "Đã tham gia 6 năm",
                "reviewCount": "38 Đánh giá",
                "likedCount": "74 Lượt cảm ơn"
            },
            "review": {
                "rating": 5,
                "title": "Cực kì hài lòng",
                "content": "Sách rất phù hợp cho những người đang có ý định kinh doanh online và muốn bắt đầu một công việc mới như mình. Cách viết của tác giả gần gũi dễ hiểu, dễ đọc. Thích nhất là lúc quét mã nhận quà tặng tài liệu và khóa học rất nhanh. Sách viết khá thực tiễn, vào thẳng vấn đề. Không chỉ hữu ích cho những ai đang chuẩn bị kinh doanh online, kinh doanh offline như mình đọc cũng rất bổ ích. Tiki giao hàng siêu nhanh."
            }
        },
        {
            "reviewer": {
                "name": "Thuy Nguyen",
                "date": "Đã tham gia 4 năm",
                "reviewCount": "46 Đánh giá",
                "likedCount": "114 Lượt cảm ơn"
            },
            "review": {
                "rating": 5,
                "title": "Cực kì hài lòng",
                "content": "Sách đẹp, không quá dày, dễ đọc. 5 bước cơ bản để tạo gian hàng, ra đơn và tiếp tục phát triển sau đó là nội dung cơ bản của quyển sách. KHÁCH HÀNG Ở ĐÂU, BẠN PHẢI CÓ MẶT Ở ĐÓ. Mình rất thích câu này, khi khách hàng dàn trải ở mọi nơi thì mình có thể bán hàng ở mọi nơi. Kiến thức bài bản của quyển sách này giúp mình hiểu ra rất nhiều thứ để về tiếp tục cải thiện gian hàng của mình. Cảm ơn tác giả."
            }
        },
        {
            "reviewer": {
                "name": "Hoang Phi Nguyen",
                "date": "Đã tham gia 10 năm",
                "reviewCount": "22 Đánh giá",
                "likedCount": "49 Lượt cảm ơn"
            },
            "review": {
                "rating": 5,
                "title": "Cực kì hài lòng",
                "content": "Tôi đang tìm kiếm tài liệu về quảng cáo sản phẩm trên ***. Quyển sách này cung cấp cho tôi những kiến thức đang tìm kiếm.\r\nNgoài ra sách cũng hướng dẫn chi tiết về các thao tác cài đặt gian hàng. Một cuốn sách tốt cho người mới bắt đầu.\r\nP/s: Sách giao cũng rất nhanh."
            }
        },
        {
            "reviewer": {
                "name": "Nguyễn Liên",
                "date": "Đã tham gia 6 năm",
                "reviewCount": "7 Đánh giá",
                "likedCount": "3 Lượt cảm ơn"
            },
            "review": {
                "rating": 5,
                "title": "Cực kì hài lòng",
                "content": "Sách đẹp phù hợp với vấn đề mình càn quan tâm"
            }
        },
        {
            "reviewer": {
                "name": "Hương Thảo",
                "date": "Đã tham gia 3 năm",
                "reviewCount": "3 Đánh giá",
                "likedCount": "8 Lượt cảm ơn"
            },
            "review": {
                "rating": 5,
                "title": "Cực kì hài lòng",
                "content": "Vì là sách nhắm thẳng đến việc KD trên *** nên kiến thức sẽ chi tiết và cụ thể, việc phân chia các chương theo thứ tự hợp lý, dễ hiểu từ công việc đầu tiên cần làm, yếu tố nào quan trọng hàng đầu, cách thức phát triển và quảng bá cửa hàng trên ***,… đáng thử lắm mn ạ"
            }
        },
        {
            "reviewer": {
                "name": "nguyen tung",
                "date": "Đã tham gia 10 năm",
                "reviewCount": "60 Đánh giá",
                "likedCount": "14 Lượt cảm ơn"
            },
            "review": {
                "rating": 5,
                "title": "Cực kì hài lòng",
                "content": "Mình thu hoạch được nhiều điều hay ho sau khi đọc xong quyển sách này, nội dung sách phù hợp cho người mới như mình lẫn người đang bán hàng trên ***. \n\nSách đóng gói ok, bạn giao hàng cũng vui vẻ nhiệt tình."
            }
        },
        {
            "reviewer": {
                "name": "Ngọc Yến",
                "date": "Đã tham gia 9 năm",
                "reviewCount": "26 Đánh giá",
                "likedCount": "49 Lượt cảm ơn"
            },
            "review": {
                "rating": 5,
                "title": "Cực kì hài lòng",
                "content": "Đúng cuốn sách mình đang tìm kiếm. Sách viết chi tiết và cụ thể về những điều cần biết và cần có khi bán hàng trên sàn TMĐT ***."
            }
        },
        {
            "reviewer": {
                "name": "Phạm Tiến Nam",
                "date": "Đã tham gia 5 năm",
                "reviewCount": "3 Đánh giá",
                "likedCount": "4 Lượt cảm ơn"
            },
            "review": {
                "rating": 5,
                "title": "Cực kì hài lòng",
                "content": "Sách khá hay , cụ thể sát vs thực tế . Rất nhiều kiến thức bổ ích , cám ơn tác giả và give book rất nhiều"
            }
        },
        {
            "reviewer": {
                "name": "Jose Kieu Tri",
                "date": "Đã tham gia 3 năm",
                "reviewCount": "89 Đánh giá",
                "likedCount": "12 Lượt cảm ơn"
            },
            "review": {
                "rating": 5,
                "title": "Cực kì hài lòng",
                "content": "sách rất thiết thực, đúng lúc tôi đang cần những thông tin quý giá này, xin cảm ơn tác giả đã mang đến cho chúng tôi quyển sách hay như thế này, hy vọng trong thời gian sắp tới sẽ có nhiều đầu sách hay như thế này ra mắt nhằm truyền đạt cũng cố kiến thức cho những người khởi nghiệp, cảm ơn tác giả!"
            }
        },
        {
            "reviewer": {
                "name": "Bùi Phương Thảo",
                "date": "Đã tham gia 6 năm",
                "reviewCount": "2 Đánh giá",
                "likedCount": "0 Lượt cảm ơn"
            },
            "review": {
                "rating": 5,
                "title": "Cực kì hài lòng",
                "content": "Giao hàng siêu nhanh, đặt sáng hôm qua sáng hôm nay đã nhận được. Lại còn rẻ hơn mua giá trên sách 👍"
            }
        },
        {
            "reviewer": {
                "name": "Nguyễn Tiến Dũng",
                "date": "Đã tham gia 11 năm",
                "reviewCount": "60 Đánh giá",
                "likedCount": "39 Lượt cảm ơn"
            },
            "review": {
                "rating": 5,
                "title": "Cực kì hài lòng",
                "content": "Nhờ thường xuyên đọc sách, góp ý sách nên được đề tên lên sách lun kaka\nChân thành cám ơn công ty TNHH Truyền Thông GIVER ạ!"
            }
        },
        {
            "reviewer": {
                "name": "Đạt Trần",
                "date": "Đã tham gia 7 năm",
                "reviewCount": "85 Đánh giá",
                "likedCount": "41 Lượt cảm ơn"
            },
            "review": {
                "rating": 5,
                "title": "Cực kì hài lòng",
                "content": "Cuốn sách rất hữu ích cho những ai muốn bắt đầu sự nghiệp kinh doanh bán hàng không chỉ trên nền tảng *** mà còn có thể áp dụng cho các sàn thương mại điện tử nói chung. Highly recommend!"
            }
        },
        {
            "reviewer": {
                "name": "Phạm Chất",
                "date": "Đã tham gia 10 năm",
                "reviewCount": "161 Đánh giá",
                "likedCount": "23 Lượt cảm ơn"
            },
            "review": {
                "rating": 5,
                "title": "Cực kì hài lòng",
                "content": "Sách có hình thức đẹp, nội dung thấy đánh giá khá tốt, mình cũng mong nhận được những kiến thưca bổ ích."
            }
        },
        {
            "reviewer": {
                "name": "Dũng Phạm",
                "date": "Đã tham gia 6 năm",
                "reviewCount": "17 Đánh giá",
                "likedCount": "0 Lượt cảm ơn"
            },
            "review": {
                "rating": 5,
                "title": "Cực kì hài lòng",
                "content": "Giao nhanh , đóng gói cẩn thận , đang đọc sẽ đánh giá nội dung sách sau 😊"
            }
        },
        {
            "reviewer": {
                "name": "Lê Thị Hồng Hiền",
                "date": "Đã tham gia 6 năm",
                "reviewCount": "8 Đánh giá",
                "likedCount": "3 Lượt cảm ơn"
            },
            "review": {
                "rating": 5,
                "title": "Cực kì hài lòng",
                "content": "Sách hay, dậy cách thành công trên shoppe, có những kiến thức mặc dù đã biết nhưng mình bị hay quên. Sách đẹp, hay, bổ ích."
            }
        },
        {
            "reviewer": {
                "name": "Phương Trang",
                "date": "Đã tham gia 2 năm",
                "reviewCount": "4 Đánh giá",
                "likedCount": "1 Lượt cảm ơn"
            },
            "review": {
                "rating": 5,
                "title": "Cực kì hài lòng",
                "content": "Sách rất hay. Cực kỳ có ích. Tuy nhiên ai muốn mở shop trên *** thì vẫn cần xem thêm các hướng dẫn khác trên mạng"
            }
        },
        {
            "reviewer": {
                "name": "Bác Hòa",
                "date": "Đã tham gia 4 năm",
                "reviewCount": "69 Đánh giá",
                "likedCount": "37 Lượt cảm ơn"
            },
            "review": {
                "rating": 5,
                "title": "Cực kì hài lòng",
                "content": "Nội dung bổ ích cho những bạn mới bước chân vào làm thương mai điện tử."
            }
        },
        {
            "reviewer": {
                "name": "Đặng Ngọc Thắng",
                "date": "Đã tham gia 2 năm",
                "reviewCount": "4 Đánh giá",
                "likedCount": "0 Lượt cảm ơn"
            },
            "review": {
                "rating": 5,
                "title": "Cực kì hài lòng",
                "content": ""
            }
        },
        {
            "reviewer": {
                "name": "vũ minh chung",
                "date": "Đã tham gia 4 năm",
                "reviewCount": "11 Đánh giá",
                "likedCount": "2 Lượt cảm ơn"
            },
            "review": {
                "rating": 5,
                "title": "Cực kì hài lòng",
                "content": "Mới nhận hàng, đọc sơ qua mình thấy khá hay, dễ hiểu. còn 1 số chỗ đánh sai chính tả"
            }
        },
        {
            "reviewer": {
                "name": "Huy Đỗ",
                "date": "Đã tham gia 10 năm",
                "reviewCount": "31 Đánh giá",
                "likedCount": "11 Lượt cảm ơn"
            },
            "review": {
                "rating": 5,
                "title": "Cực kì hài lòng",
                "content": "Đọc một lèo hết luôn cuốn sách. Tóm gọn trong 2 chữ: hữu ích và thiết thực."
            }
        },
        {
            "reviewer": {
                "name": "Thông Nguyễn",
                "date": "Đã tham gia 7 năm",
                "reviewCount": "20 Đánh giá",
                "likedCount": "0 Lượt cảm ơn"
            },
            "review": {
                "rating": 5,
                "title": "Cực kì hài lòng",
                "content": ""
            }
        },
        {
            "reviewer": {
                "name": "oanh phạm kiều",
                "date": "Đã tham gia 6 năm",
                "reviewCount": "10 Đánh giá",
                "likedCount": "0 Lượt cảm ơn"
            },
            "review": {
                "rating": 5,
                "title": "Cực kì hài lòng",
                "content": ""
            }
        },
        {
            "reviewer": {
                "name": "Bùi Thị Ngọc Duyên",
                "date": "Đã tham gia 5 năm",
                "reviewCount": "12 Đánh giá",
                "likedCount": "12 Lượt cảm ơn"
            },
            "review": {
                "rating": 5,
                "title": "Cực kì hài lòng",
                "content": "Sách rất hay và hữu ích."
            }
        },
        {
            "reviewer": {
                "name": "Phạm Văn Dũng",
                "date": "Đã tham gia 9 năm",
                "reviewCount": "4 Đánh giá",
                "likedCount": "0 Lượt cảm ơn"
            },
            "review": {
                "rating": 5,
                "title": "Cực kì hài lòng",
                "content": ""
            }
        },
        {
            "reviewer": {
                "name": "Nguyễn Dương",
                "date": "Đã tham gia 4 năm",
                "reviewCount": "4 Đánh giá",
                "likedCount": "1 Lượt cảm ơn"
            },
            "review": {
                "rating": 5,
                "title": "Cực kì hài lòng",
                "content": "sách hay nội dung được trình bày dễ hiểu"
            }
        },
        {
            "reviewer": {
                "name": "TRẦN MINH TUẤN",
                "date": "Đã tham gia 6 năm",
                "reviewCount": "181 Đánh giá",
                "likedCount": "38 Lượt cảm ơn"
            },
            "review": {
                "rating": 5,
                "title": "Cực kì hài lòng",
                "content": "sp ổn"
            }
        },
        {
            "reviewer": {
                "name": "Kiều oanh",
                "date": "Đã tham gia 3 năm",
                "reviewCount": "3 Đánh giá",
                "likedCount": "0 Lượt cảm ơn"
            },
            "review": {
                "rating": 5,
                "title": "Cực kì hài lòng",
                "content": ""
            }
        },
        {
            "reviewer": {
                "name": "Diệu Như",
                "date": "Đã tham gia 11 năm",
                "reviewCount": "36 Đánh giá",
                "likedCount": "12 Lượt cảm ơn"
            },
            "review": {
                "rating": 5,
                "title": "Cực kì hài lòng",
                "content": ""
            }
        },
        {
            "reviewer": {
                "name": "Siu Chai",
                "date": "Đã tham gia 11 năm",
                "reviewCount": "10 Đánh giá",
                "likedCount": "2 Lượt cảm ơn"
            },
            "review": {
                "rating": 5,
                "title": "Cực kì hài lòng",
                "content": ""
            }
        },
        {
            "reviewer": {
                "name": "Ng Dinh An",
                "date": "Đã tham gia 1 năm",
                "reviewCount": "6 Đánh giá",
                "likedCount": "0 Lượt cảm ơn"
            },
            "review": {
                "rating": 5,
                "title": "Cực kì hài lòng",
                "content": ""
            }
        },
        {
            "reviewer": {
                "name": "Phan Văn Chiến",
                "date": "Đã tham gia 5 năm",
                "reviewCount": "1 Đánh giá",
                "likedCount": "0 Lượt cảm ơn"
            },
            "review": {
                "rating": 5,
                "title": "Cực kì hài lòng",
                "content": ""
            }
        },
        {
            "reviewer": {
                "name": "Huỳnh Thị Minh Phượng",
                "date": "Đã tham gia 6 năm",
                "reviewCount": "1 Đánh giá",
                "likedCount": "0 Lượt cảm ơn"
            },
            "review": {
                "rating": 5,
                "title": "Cực kì hài lòng",
                "content": "Rất hay"
            }
        },
        {
            "reviewer": {
                "name": "Nguyễn Đình Tuấn",
                "date": "Đã tham gia 3 năm",
                "reviewCount": "1 Đánh giá",
                "likedCount": "0 Lượt cảm ơn"
            },
            "review": {
                "rating": 5,
                "title": "Cực kì hài lòng",
                "content": ""
            }
        },
        {
            "reviewer": {
                "name": "Huynh Quốc Huy",
                "date": "Đã tham gia 4 năm",
                "reviewCount": "25 Đánh giá",
                "likedCount": "19 Lượt cảm ơn"
            },
            "review": {
                "rating": 5,
                "title": "Cực kì hài lòng",
                "content": ""
            }
        },
        {
            "reviewer": {
                "name": "Nguyen Hanh",
                "date": "Đã tham gia 1 năm",
                "reviewCount": "1 Đánh giá",
                "likedCount": "0 Lượt cảm ơn"
            },
            "review": {
                "rating": 5,
                "title": "Cực kì hài lòng",
                "content": ""
            }
        },
        {
            "reviewer": {
                "name": "Hoai Cong",
                "date": "Đã tham gia 3 năm",
                "reviewCount": "1 Đánh giá",
                "likedCount": "1 Lượt cảm ơn"
            },
            "review": {
                "rating": 5,
                "title": "Cực kì hài lòng",
                "content": "sách hay, đáng đọc."
            }
        },
        {
            "reviewer": {
                "name": "Thanh Bình",
                "date": "Đã tham gia 5 năm",
                "reviewCount": "3 Đánh giá",
                "likedCount": "0 Lượt cảm ơn"
            },
            "review": {
                "rating": 5,
                "title": "Cực kì hài lòng",
                "content": ""
            }
        },
        {
            "reviewer": {
                "name": "Nguyễn Trang",
                "date": "Đã tham gia 5 năm",
                "reviewCount": "1 Đánh giá",
                "likedCount": "0 Lượt cảm ơn"
            },
            "review": {
                "rating": 5,
                "title": "Cực kì hài lòng",
                "content": ""
            }
        },
        {
            "reviewer": {
                "name": "Chinh US",
                "date": "Đã tham gia 5 năm",
                "reviewCount": "4 Đánh giá",
                "likedCount": "0 Lượt cảm ơn"
            },
            "review": {
                "rating": 5,
                "title": "Cực kì hài lòng",
                "content": ""
            }
        },
        {
            "reviewer": {
                "name": "Hoàng Thái Quang",
                "date": "Đã tham gia 4 năm",
                "reviewCount": "13 Đánh giá",
                "likedCount": "0 Lượt cảm ơn"
            },
            "review": {
                "rating": 5,
                "title": "Cực kì hài lòng",
                "content": ""
            }
        },
        {
            "reviewer": {
                "name": "Kim Ngọc",
                "date": "Đã tham gia 4 năm",
                "reviewCount": "11 Đánh giá",
                "likedCount": "0 Lượt cảm ơn"
            },
            "review": {
                "rating": 5,
                "title": "Cực kì hài lòng",
                "content": ""
            }
        },
        {
            "reviewer": {
                "name": "Minh",
                "date": "Đã tham gia 6 năm",
                "reviewCount": "48 Đánh giá",
                "likedCount": "6 Lượt cảm ơn"
            },
            "review": {
                "rating": 5,
                "title": "Cực kì hài lòng",
                "content": ""
            }
        },
        {
            "reviewer": {
                "name": "Mika Bu",
                "date": "Đã tham gia 9 năm",
                "reviewCount": "1 Đánh giá",
                "likedCount": "1 Lượt cảm ơn"
            },
            "review": {
                "rating": 5,
                "title": "Cực kì hài lòng",
                "content": ""
            }
        },
        {
            "reviewer": {
                "name": "Vân Anh",
                "date": "Đã tham gia 5 năm",
                "reviewCount": "6 Đánh giá",
                "likedCount": "15 Lượt cảm ơn"
            },
            "review": {
                "rating": 5,
                "title": "Cực kì hài lòng",
                "content": "Cảm ơn chia sẻ của anh"
            }
        },
        {
            "reviewer": {
                "name": "Nguyen Hoang Nam",
                "date": "Đã tham gia 9 năm",
                "reviewCount": "22 Đánh giá",
                "likedCount": "49 Lượt cảm ơn"
            },
            "review": {
                "rating": 5,
                "title": "Cực kì hài lòng",
                "content": ""
            }
        },
        {
            "reviewer": {
                "name": "Đỗ Việt Anh",
                "date": "Đã tham gia 2 năm",
                "reviewCount": "5 Đánh giá",
                "likedCount": "9 Lượt cảm ơn"
            },
            "review": {
                "rating": 5,
                "title": "Cực kì hài lòng",
                "content": ""
            }
        },
        {
            "reviewer": {
                "name": "Tung Pham",
                "date": "Đã tham gia 5 năm",
                "reviewCount": "12 Đánh giá",
                "likedCount": "3 Lượt cảm ơn"
            },
            "review": {
                "rating": 5,
                "title": "Cực kì hài lòng",
                "content": ""
            }
        },
        {
            "reviewer": {
                "name": "Nguyễn Hoàng Long",
                "date": "Đã tham gia 3 năm",
                "reviewCount": "5 Đánh giá",
                "likedCount": "0 Lượt cảm ơn"
            },
            "review": {
                "rating": 5,
                "title": "Cực kì hài lòng",
                "content": ""
            }
        },
        {
            "reviewer": {
                "name": "Trương Thành Phục",
                "date": "Đã tham gia 3 năm",
                "reviewCount": "16 Đánh giá",
                "likedCount": "1 Lượt cảm ơn"
            },
            "review": {
                "rating": 5,
                "title": "Cực kì hài lòng",
                "content": ""
            }
        },
        {
            "reviewer": {
                "name": "Tuan Nguyen",
                "date": "Đã tham gia 3 năm",
                "reviewCount": "13 Đánh giá",
                "likedCount": "1 Lượt cảm ơn"
            },
            "review": {
                "rating": 5,
                "title": "Cực kì hài lòng",
                "content": ""
            }
        },
        {
            "reviewer": {
                "name": "Hoàng Quang Hiển",
                "date": "Đã tham gia 13 năm",
                "reviewCount": "15 Đánh giá",
                "likedCount": "3 Lượt cảm ơn"
            },
            "review": {
                "rating": 5,
                "title": "Cực kì hài lòng",
                "content": ""
            }
        },
        {
            "reviewer": {
                "name": "DangHoang Sang",
                "date": "Đã tham gia 5 năm",
                "reviewCount": "29 Đánh giá",
                "likedCount": "3 Lượt cảm ơn"
            },
            "review": {
                "rating": 5,
                "title": "Cực kì hài lòng",
                "content": ""
            }
        },
        {
            "reviewer": {
                "name": "Lê Hiệp",
                "date": "Đã tham gia 4 năm",
                "reviewCount": "36 Đánh giá",
                "likedCount": "8 Lượt cảm ơn"
            },
            "review": {
                "rating": 5,
                "title": "Cực kì hài lòng",
                "content": ""
            }
        },
        {
            "reviewer": {
                "name": "NHU QUYNH",
                "date": "Đã tham gia 3 năm",
                "reviewCount": "12 Đánh giá",
                "likedCount": "2 Lượt cảm ơn"
            },
            "review": {
                "rating": 5,
                "title": "Cực kì hài lòng",
                "content": ""
            }
        },
        {
            "reviewer": {
                "name": "Hiep Vu",
                "date": "Đã tham gia 7 năm",
                "reviewCount": "11 Đánh giá",
                "likedCount": "5 Lượt cảm ơn"
            },
            "review": {
                "rating": 5,
                "title": "Cực kì hài lòng",
                "content": ""
            }
        },
        {
            "reviewer": {
                "name": "Khang Van Phat",
                "date": "Đã tham gia 5 năm",
                "reviewCount": "57 Đánh giá",
                "likedCount": "19 Lượt cảm ơn"
            },
            "review": {
                "rating": 5,
                "title": "Cực kì hài lòng",
                "content": ""
            }
        },
        {
            "reviewer": {
                "name": "Nguyễn Văn Hậu",
                "date": "Đã tham gia 6 năm",
                "reviewCount": "4 Đánh giá",
                "likedCount": "0 Lượt cảm ơn"
            },
            "review": {
                "rating": 5,
                "title": "Cực kì hài lòng",
                "content": ""
            }
        },
        {
            "reviewer": {
                "name": "Quỳnhh Annh",
                "date": "Đã tham gia 4 năm",
                "reviewCount": "2 Đánh giá",
                "likedCount": "1 Lượt cảm ơn"
            },
            "review": {
                "rating": 5,
                "title": "Cực kì hài lòng",
                "content": ""
            }
        },
        {
            "reviewer": {
                "name": "Vu Hoang Tung",
                "date": "Đã tham gia 5 năm",
                "reviewCount": "21 Đánh giá",
                "likedCount": "1 Lượt cảm ơn"
            },
            "review": {
                "rating": 5,
                "title": "Cực kì hài lòng",
                "content": ""
            }
        },
        {
            "reviewer": {
                "name": "Toàn Nguyễn Văn",
                "date": "Đã tham gia 3 năm",
                "reviewCount": "3 Đánh giá",
                "likedCount": "3 Lượt cảm ơn"
            },
            "review": {
                "rating": 5,
                "title": "Cực kì hài lòng",
                "content": ""
            }
        },
        {
            "reviewer": {
                "name": "Khánh Đỗ",
                "date": "Đã tham gia 10 năm",
                "reviewCount": "43 Đánh giá",
                "likedCount": "22 Lượt cảm ơn"
            },
            "review": {
                "rating": 5,
                "title": "Cực kì hài lòng",
                "content": "Bổ ích"
            }
        },
        {
            "reviewer": {
                "name": "Nguyen Oanh",
                "date": "Đã tham gia 6 năm",
                "reviewCount": "8 Đánh giá",
                "likedCount": "2 Lượt cảm ơn"
            },
            "review": {
                "rating": 5,
                "title": "Cực kì hài lòng",
                "content": ""
            }
        },
        {
            "reviewer": {
                "name": "Thảo Trang",
                "date": "Đã tham gia 4 năm",
                "reviewCount": "7 Đánh giá",
                "likedCount": "2 Lượt cảm ơn"
            },
            "review": {
                "rating": 5,
                "title": "Cực kì hài lòng",
                "content": ""
            }
        },
        {
            "reviewer": {
                "name": "Nguyễn Thanh Tùng",
                "date": "Đã tham gia 7 năm",
                "reviewCount": "22 Đánh giá",
                "likedCount": "2 Lượt cảm ơn"
            },
            "review": {
                "rating": 5,
                "title": "Cực kì hài lòng",
                "content": ""
            }
        },
        {
            "reviewer": {
                "name": "Hoàng Sen",
                "date": "Đã tham gia 3 năm",
                "reviewCount": "34 Đánh giá",
                "likedCount": "5 Lượt cảm ơn"
            },
            "review": {
                "rating": 5,
                "title": "Cực kì hài lòng",
                "content": ""
            }
        },
        {
            "reviewer": {
                "name": "Vương Nguyễn Hương Thủy",
                "date": "Đã tham gia 11 năm",
                "reviewCount": "1662 Đánh giá",
                "likedCount": "66 Lượt cảm ơn"
            },
            "review": {
                "rating": 5,
                "title": "Cực kì hài lòng",
                "content": ""
            }
        },
        {
            "reviewer": {
                "name": "Nguyen Son",
                "date": "Đã tham gia 9 năm",
                "reviewCount": "11 Đánh giá",
                "likedCount": "8 Lượt cảm ơn"
            },
            "review": {
                "rating": 5,
                "title": "Cực kì hài lòng",
                "content": "Rat tot"
            }
        },
        {
            "reviewer": {
                "name": "Quốc Trung",
                "date": "Đã tham gia 9 năm",
                "reviewCount": "10 Đánh giá",
                "likedCount": "2 Lượt cảm ơn"
            },
            "review": {
                "rating": 5,
                "title": "Cực kì hài lòng",
                "content": ""
            }
        },
        {
            "reviewer": {
                "name": "Khưu Linh",
                "date": "Đã tham gia 8 năm",
                "reviewCount": "44 Đánh giá",
                "likedCount": "11 Lượt cảm ơn"
            },
            "review": {
                "rating": 5,
                "title": "Cực kì hài lòng",
                "content": ""
            }
        },
        {
            "reviewer": {
                "name": "Tuấn Nam",
                "date": "Đã tham gia 7 năm",
                "reviewCount": "11 Đánh giá",
                "likedCount": "3 Lượt cảm ơn"
            },
            "review": {
                "rating": 5,
                "title": "Cực kì hài lòng",
                "content": ""
            }
        },
        {
            "reviewer": {
                "name": "nguyen duy nguyen",
                "date": "Đã tham gia 4 năm",
                "reviewCount": "11 Đánh giá",
                "likedCount": "4 Lượt cảm ơn"
            },
            "review": {
                "rating": 5,
                "title": "Cực kì hài lòng",
                "content": ""
            }
        },
        {
            "reviewer": {
                "name": "Toan Vu Nhu",
                "date": "Đã tham gia 8 năm",
                "reviewCount": "94 Đánh giá",
                "likedCount": "10 Lượt cảm ơn"
            },
            "review": {
                "rating": 5,
                "title": "Cực kì hài lòng",
                "content": ""
            }
        },
        {
            "reviewer": {
                "name": "Nguyễn Ngọc Anh",
                "date": "Đã tham gia 6 năm",
                "reviewCount": "3 Đánh giá",
                "likedCount": "2 Lượt cảm ơn"
            },
            "review": {
                "rating": 5,
                "title": "Cực kì hài lòng",
                "content": ""
            }
        },
        {
            "reviewer": {
                "name": "Thảo Nguyễn",
                "date": "Đã tham gia 6 năm",
                "reviewCount": "5 Đánh giá",
                "likedCount": "6 Lượt cảm ơn"
            },
            "review": {
                "rating": 5,
                "title": "Cực kì hài lòng",
                "content": ""
            }
        },
        {
            "reviewer": {
                "name": "Quốc Phú",
                "date": "Đã tham gia 5 năm",
                "reviewCount": "27 Đánh giá",
                "likedCount": "5 Lượt cảm ơn"
            },
            "review": {
                "rating": 5,
                "title": "Cực kì hài lòng",
                "content": ""
            }
        },
        {
            "reviewer": {
                "name": "Gia Phu",
                "date": "Đã tham gia 2 năm",
                "reviewCount": "17 Đánh giá",
                "likedCount": "3 Lượt cảm ơn"
            },
            "review": {
                "rating": 5,
                "title": "Cực kì hài lòng",
                "content": ""
            }
        },
        {
            "reviewer": {
                "name": "Hiển Trần",
                "date": "Đã tham gia 7 năm",
                "reviewCount": "9 Đánh giá",
                "likedCount": "6 Lượt cảm ơn"
            },
            "review": {
                "rating": 5,
                "title": "Cực kì hài lòng",
                "content": ""
            }
        },
        {
            "reviewer": {
                "name": "Tống Vũ",
                "date": "Đã tham gia 9 năm",
                "reviewCount": "12 Đánh giá",
                "likedCount": "0 Lượt cảm ơn"
            },
            "review": {
                "rating": 3,
                "title": "Bình thường",
                "content": "Các trang đầu thì hay nhưng đến phần quảng cáo từ khóa thì rất ít ảnh minh họa, gây khó khăn.\r\nCũng không có chiến dịch lượt đấu giá từ khóa\r\nMà chỉ tập trung nói về cấu hình sản phẩm cấu hình shop"
            }
        },
        {
            "reviewer": {
                "name": "Đặng Thị Hương",
                "date": "Đã tham gia 4 năm",
                "reviewCount": "1 Đánh giá",
                "likedCount": "1 Lượt cảm ơn"
            },
            "review": {
                "rating": 4,
                "title": "Hài lòng",
                "content": "Thật lòng rất cảm ơn tác giả đã viết ra kiến thức bổ ich, thực tế thế này. Đọc xong chỉ muốn bắt tay vào làm ngay"
            }
        },
        {
            "reviewer": {
                "name": "Ngo Huy Cuong",
                "date": "Đã tham gia 8 năm",
                "reviewCount": "48 Đánh giá",
                "likedCount": "1 Lượt cảm ơn"
            },
            "review": {
                "rating": 4,
                "title": "Hài lòng",
                "content": ""
            }
        },
        {
            "reviewer": {
                "name": "Trần Văn Dương",
                "date": "Đã tham gia 8 năm",
                "reviewCount": "3 Đánh giá",
                "likedCount": "0 Lượt cảm ơn"
            },
            "review": {
                "rating": 4,
                "title": "Hài lòng",
                "content": ""
            }
        },
        {
            "reviewer": {
                "name": "Phạm Trường",
                "date": "Đã tham gia 8 năm",
                "reviewCount": "26 Đánh giá",
                "likedCount": "2 Lượt cảm ơn"
            },
            "review": {
                "rating": 4,
                "title": "Hài lòng",
                "content": ""
            }
        },
        {
            "reviewer": {
                "name": "Mai Nhung",
                "date": "Đã tham gia 3 năm",
                "reviewCount": "19 Đánh giá",
                "likedCount": "0 Lượt cảm ơn"
            },
            "review": {
                "rating": 4,
                "title": "Hài lòng",
                "content": ""
            }
        },
        {
            "reviewer": {
                "name": "Lê Thị Thanh Hương",
                "date": "Đã tham gia 7 năm",
                "reviewCount": "13 Đánh giá",
                "likedCount": "4 Lượt cảm ơn"
            },
            "review": {
                "rating": 4,
                "title": "Hài lòng",
                "content": ""
            }
        }
    ]
}