{
    "url": "https://tiki.vn/tu-duy-nhanh-va-cham-tai-ban-p276388548.html?spid=214186190",
    "info": {
        "title": "Tư Duy Nhanh Và Chậm (Tái Bản)",
        "author": "Daniel Kahneman",
        "imageUrl": "https://salt.tikicdn.com/cache/750x750/ts/product/61/76/af/539c898761023d4113cfbea439cb22d7.jpg.webp",
        "soldQuantity": 2000,
        "currentPrice": 200000,
        "originalPrice": 269000
    },
    "details": {
        "bookVersion": "Phiên bản thường",
        "publisher": "Alphabooks",
        "publishDate": "2022-12-12 00:00:00",
        "dimensions": "16.0 x 24.0 cm",
        "translator": "Hương Lan, Xuân Thanh",
        "coverType": "Bìa mềm",
        "pageCount": "612",
        "publishingHouse": "Nhà Xuất Bản Thế Giới"
    },
    "description": "Chúng ta thường tự cho rằng con người là sinh vật có lý trí mạnh mẽ, khi quyết định hay đánh giá vấn đề luôn kĩ lưỡng và lý tính. Nhưng sự thật là, dù bạn có cẩn trọng tới mức nào, thì trong cuộc sống hàng ngày hay trong vấn đề liên quan đến kinh tế, bạn vẫn có những quyết định dựa trên cảm tính chủ quan của mình. “Tư Duy Nhanh Và Chậm”, cuốn sách nổi tiếng tổng hợp tất cả nghiên cứu được tiến hành qua nhiều thập kỷ của nhà tâm lý học từng đạt giải Nobel Kinh tế Daniel Kahneman sẽ cho bạn thấy những sư hợp lý và phi lý trong tư duy của chính bạn. Cuốn sách được đánh giá là “kiệt tác” trong việc thay đổi hành vi của con người, Tư duy nhanh và chậm đã dành được vô số giải thưởng danh giá, lọt vào Top 11 cuốn sách kinh doanh hấp dẫn nhất năm 2011. Alpha Books đã mua bản quyền và sẽ xuất bản cuốn sách trong Quý 1 năm nay. Tư duy nhanh và chậm dù là cuốn sách có tính hàn lâm cao nhưng vô cùng bổ ích với tất cả mọi người và đặc biệt rất dễ hiểu và vui nhộn.\nĐã có rất nhiều cuốn sách nói về tính hợp lý và phi lý của con người trong tư duy, trong việc đánh giá và ra quyết định, nhưng Tư duy nhanh và chậm được Tạp chí Tài chính Mỹ đánh giá là “kiệt tác”.\nBạn nghĩ rằng bạn tư duy nhanh, hay chậm? Bạn tư duy và suy nghĩ theo lối “trông mặt bắt hình dong”, đánh giá mọi vật nhanh chóng bằng cảm quan, quyết định dựa theo cảm xúc hay tư duy một cách cẩn thận, chậm rãi nhưng logic hợp lý về một vấn đề. Tư duy nhanh và chậm sẽ đưa ra và lý giải hai hệ thống tư duy tác động đến con đường nhận thức của bạn. Kahneman gọi đó là: hệ thống 1 và hệ thống 2. Hệ thống 1, còn gọi là cơ chế nghĩ nhanh, tự động, thường xuyên được sử dụng, cảm tính, rập khuôn và tiềm thức. Hệ thống 2, còn gọi là cơ chế nghĩ chậm, đòi hỏi ít nỗ lực, ít được sử dụng, dùng logic có tính toán và ý thức. Trong một loạt thí nghiệm tâm lý mang tính tiên phong, Kahneman và Tversky chứng minh rằng, con người chúng ta thường đi đến quyết định theo cơ chế nghĩ nhanh hơn là ghĩ chậm. Phần lớn nội dung của cuốn sách chỉ ra những sai lầm của con người khi suy nghĩ theo hệ thống 1. Kahneman chứng minh rằng chúng ta tệ hơn những gì chúng ta tưởng: đó là chúng ta không biết những gì chúng ta không biết!Cuốn sách đặc biệt đã dành được vô số giải thưởng danh giá: Sách khoa học hay nhất của Học viện Khoa học Quốc gia năm 2012, được tạp chí The New York Times bình chọn là sách hay nhất năm 2011, một trong những cuốn sách kinh tế xuất sắc năm 2011, chiến thắng giải thưởng cuốn sách được quan tâm nhất năm 2011 của tạp chí Los Algeles… Tư duy nhanh và chậm đáp ứng hai tiêu chí của một cuốn sách hay, thứ nhất nó thách thức quan điểm của người đọc, thứ hai, nó không phải là những trang sách với những con chữ khô cứng mà nó vô cùng vui nhộn và hấp dẫn. Không nghi ngờ gì nữa, đây là cuốn sách hàn lâm dành cho tất cả mọi người!\nĐÁNH GIÁ CHUNG VỀ CUỐN SÁCH\n“Daniel Kahneman dẫn dắt chúng ta về với quá trình khám phá, nghiên cứu hơn 30 năm của ông và đồng nghiệp, với rất nhiều thí nghiệm được thiết kế thông minh và chính xác. Thành quả của những năm tháng lao động miệt mài đó chính là lời giải về cách thức chúng ta cảm nhận thế giới và tương tác với chúng như thế nào. Đó là cách thức mà não chúng ta vận hành, với hệ thống mà Daniel Kahneman gọi là Hệ thống 1 và Hệ thống 2.\nNếu như Hệ thống 1 với cơ chế nghĩ nhanh, tự động, cảm tính, rập khuôn và tiềm thức thì Hệ thống 2 lại có cơ chế nghĩ chậm, đòi hỏi nỗ lực, dùng logic, có tính toán và ý thức. Hệ thống 2 chính là cách mà cá nhân chúng ta nghĩ về cái tôi, bản ngã. Và cơ chế 1 được não vận hành thường xuyên, trong khi cơ chế 2 lại ít khi được sử dụng hết.\nTôi tin rằng cuốn sách này sẽ đem lại nhiều kiến thức bổ ích giúp chúng ta hiểu được năng lực tư duy của chính mình và phát huy nó” – PGS. TS. TRƯƠNG GIA BÌNH – Chủ tịch Tập đoàn FPT.\n“Một đúc kết những nghiên cứu đẳng cấp Nobel… Đây là cuốn sách mà bất cứ ai đọc cũng sẽ thấy hào hứng ngay từ chương đầu, và kết thúc với sự sảng khoái, làm cho chúng ta hiểu về chính mình nhiều hơn. Một cuốn sách như thế nên được có mặt trên giá sách của những ai quan tâm đến hành vi và kinh tế” – GS. NGUYỄN VĂN TUẤN – Viện Nghiên cứu Y khoa và Đại học New South Wales, Sydney, Australia.\n“Nếu trong năm nay bạn chỉ được đọc một cuốn sách, tôi khuyên bạn nên chọn cuốn sách này.” – JANICE GROSS STEIN, The Globe and Mail\nVỀ TÁC GIẢ\nDaniel Kahneman sinh năm 1934, nhà Tâm lý học người Mỹ gốc Israel, giành giải Nobel kinh tế năm 2002. Ông đã dành cả cuộc đời để nghiên cứu về Tâm lý học hành vi. Cùng với người đồng sự đã qua đời là Amos Tversky, hai ông đã có những nghiên cúu sâu sắc về con đường tư duy và nhận thức của con người.\nCuốn sách Tư Duy Nhanh Và Chậm của Daniel Kahneman đã giành được một số giải danh giá như: Sách khoa học hay nhất của Học viện Khoa học Quốc gia năm 2012; Sách hay nhất năm 2011 do Thời Báo New York bình chọn. Cuốn sách được quan tâm nhất năm 2011 của tạp chí Los Angeles.\nGiá sản phẩm trên Tiki đã bao gồm thuế theo luật hiện hành. Bên cạnh đó, tuỳ vào loại sản phẩm, hình thức và địa chỉ giao hàng mà có thể phát sinh thêm chi phí khác như phí vận chuyển, phụ phí hàng cồng kềnh, thuế nhập khẩu (đối với đơn hàng giao từ nước ngoài có giá trị trên 1 triệu đồng).....",
    "rating": {
        "totalRating": 4.7,
        "numberOfRating": 169
    },
    "reviews": [
        {
            "reviewer": {
                "name": "B H",
                "date": "Đã tham gia 7 năm",
                "reviewCount": "116 Đánh giá",
                "likedCount": "15 Lượt cảm ơn"
            },
            "review": {
                "rating": 5,
                "title": "Cực kì hài lòng",
                "content": "Góc sách bị gấp mặc dù gói trong 2 lớp đệm.\r\nSau khi biết được tình trạng sách của tôi, tiki đã tiến hành kiểm tra và đổi quyển mới miễn phí. Rất cảm ơn tiki đã hỗ trợ."
            }
        },
        {
            "reviewer": {
                "name": "Nguyen Thi Hong Nhung",
                "date": "Đã tham gia 9 năm",
                "reviewCount": "237 Đánh giá",
                "likedCount": "2 Lượt cảm ơn"
            },
            "review": {
                "rating": 5,
                "title": "Cực kì hài lòng",
                "content": "Giá tốt. Shop đóng gói cẩn thận và giao nhanh. Sẽ tiếp tục ủng hộ ah shop."
            }
        },
        {
            "reviewer": {
                "name": "LE TAN PHAT",
                "date": "Đã tham gia 2 năm",
                "reviewCount": "207 Đánh giá",
                "likedCount": "8 Lượt cảm ơn"
            },
            "review": {
                "rating": 5,
                "title": "Cực kì hài lòng",
                "content": "Sách mới uy tín chất lượng dịch vụ tốt nha!"
            }
        },
        {
            "reviewer": {
                "name": "Trần Trọng Đại",
                "date": "Đã tham gia 5 năm",
                "reviewCount": "25 Đánh giá",
                "likedCount": "3 Lượt cảm ơn"
            },
            "review": {
                "rating": 5,
                "title": "Cực kì hài lòng",
                "content": "Sách hay, đóng gói cẩn thận"
            }
        },
        {
            "reviewer": {
                "name": "huỳnh hồ hải",
                "date": "Đã tham gia 3 năm",
                "reviewCount": "7 Đánh giá",
                "likedCount": "0 Lượt cảm ơn"
            },
            "review": {
                "rating": 5,
                "title": "Cực kì hài lòng",
                "content": "Nội dung bổ ích giấy tốt giao hàng nhanh ok"
            }
        },
        {
            "reviewer": {
                "name": "Nguyễn Ngọc Đan Thu",
                "date": "Đã tham gia 8 năm",
                "reviewCount": "16 Đánh giá",
                "likedCount": "2 Lượt cảm ơn"
            },
            "review": {
                "rating": 5,
                "title": "Cực kì hài lòng",
                "content": "Đọc dễ hiểu, hay nghen.\r\nMà nội dung nên đọc kỹ và sâu sắc mới hiểu hết ý tưởng tác giả truyền đạt.\r\nNghiên cứu sâu sắc cần thời gian."
            }
        },
        {
            "reviewer": {
                "name": "Trân Huy Hoàng",
                "date": "Đã tham gia 6 năm",
                "reviewCount": "103 Đánh giá",
                "likedCount": "7 Lượt cảm ơn"
            },
            "review": {
                "rating": 5,
                "title": "Cực kì hài lòng",
                "content": "Sách dày, đẹp. Gói cẩn thận, nhận hàng k bị mố cạnh, gãy bìa"
            }
        },
        {
            "reviewer": {
                "name": "Quyết Tiến",
                "date": "Đã tham gia 4 năm",
                "reviewCount": "20 Đánh giá",
                "likedCount": "35 Lượt cảm ơn"
            },
            "review": {
                "rating": 5,
                "title": "Cực kì hài lòng",
                "content": "Chất lượng sách tốt, in ấn rõ nét"
            }
        },
        {
            "reviewer": {
                "name": "Minh Ngọc",
                "date": "Đã tham gia 11 năm",
                "reviewCount": "180 Đánh giá",
                "likedCount": "30 Lượt cảm ơn"
            },
            "review": {
                "rating": 5,
                "title": "Cực kì hài lòng",
                "content": "Giao hàng nhanh, đóng gói cẩn thận. Sản phảm tốt"
            }
        },
        {
            "reviewer": {
                "name": "Son Nguyen",
                "date": "Đã tham gia 7 năm",
                "reviewCount": "31 Đánh giá",
                "likedCount": "16 Lượt cảm ơn"
            },
            "review": {
                "rating": 5,
                "title": "Cực kì hài lòng",
                "content": "Giao hàng nhanh, đóng gói cẩn thận và sách rất hay"
            }
        },
        {
            "reviewer": {
                "name": "Trương An Nhien",
                "date": "Đã tham gia 9 năm",
                "reviewCount": "55 Đánh giá",
                "likedCount": "6 Lượt cảm ơn"
            },
            "review": {
                "rating": 5,
                "title": "Cực kì hài lòng",
                "content": "Quyển này đọc rất hay, ai đi làm thì nên đọc. Làm quản lí thì càng phải đọc"
            }
        },
        {
            "reviewer": {
                "name": "Đỗ Quang Huy",
                "date": "Đã tham gia 4 năm",
                "reviewCount": "1 Đánh giá",
                "likedCount": "0 Lượt cảm ơn"
            },
            "review": {
                "rating": 5,
                "title": "Cực kì hài lòng",
                "content": "Sách đẹp, vận chuyển nhanh, rất ưng ý với Tiki"
            }
        },
        {
            "reviewer": {
                "name": "Trần Huy Đức",
                "date": "Đã tham gia 4 năm",
                "reviewCount": "10 Đánh giá",
                "likedCount": "0 Lượt cảm ơn"
            },
            "review": {
                "rating": 5,
                "title": "Cực kì hài lòng",
                "content": "Nội dung hay, đẳng cấp Nobel, sách in ấn đẹp"
            }
        },
        {
            "reviewer": {
                "name": "Nguyễn Trung Tín",
                "date": "Đã tham gia 7 năm",
                "reviewCount": "28 Đánh giá",
                "likedCount": "1 Lượt cảm ơn"
            },
            "review": {
                "rating": 5,
                "title": "Cực kì hài lòng",
                "content": "Sách tốt, giao hàng nhanh."
            }
        },
        {
            "reviewer": {
                "name": "Anne Nguyen",
                "date": "Đã tham gia 5 năm",
                "reviewCount": "5 Đánh giá",
                "likedCount": "0 Lượt cảm ơn"
            },
            "review": {
                "rating": 5,
                "title": "Cực kì hài lòng",
                "content": ""
            }
        },
        {
            "reviewer": {
                "name": "Uyển Huỳnh",
                "date": "Đã tham gia 6 năm",
                "reviewCount": "12 Đánh giá",
                "likedCount": "1 Lượt cảm ơn"
            },
            "review": {
                "rating": 5,
                "title": "Cực kì hài lòng",
                "content": "Chưa đọc nên chưa đánh giá về nội dung, sách đẹp, mới. Giao đúng hẹn."
            }
        },
        {
            "reviewer": {
                "name": "Sơn Hý",
                "date": "Đã tham gia 4 năm",
                "reviewCount": "1 Đánh giá",
                "likedCount": "0 Lượt cảm ơn"
            },
            "review": {
                "rating": 5,
                "title": "Cực kì hài lòng",
                "content": "Khui ra thấy shop gói kĩ để không bị dập góc của sách là thấy ưng rồi 😍"
            }
        },
        {
            "reviewer": {
                "name": "Kim Khôi Trần",
                "date": "Đã tham gia 7 năm",
                "reviewCount": "13 Đánh giá",
                "likedCount": "10 Lượt cảm ơn"
            },
            "review": {
                "rating": 5,
                "title": "Cực kì hài lòng",
                "content": "Tiki đóng gói cẩn thận, sách rất hay và đáng để suy nghiệm"
            }
        },
        {
            "reviewer": {
                "name": "H Trí",
                "date": "Đã tham gia 6 năm",
                "reviewCount": "221 Đánh giá",
                "likedCount": "25 Lượt cảm ơn"
            },
            "review": {
                "rating": 5,
                "title": "Cực kì hài lòng",
                "content": "sách mới"
            }
        },
        {
            "reviewer": {
                "name": "Nguyễn Thị Huyền",
                "date": "Đã tham gia 3 năm",
                "reviewCount": "14 Đánh giá",
                "likedCount": "0 Lượt cảm ơn"
            },
            "review": {
                "rating": 5,
                "title": "Cực kì hài lòng",
                "content": "sách đc đóng gói kĩ càng, nội dung hay"
            }
        },
        {
            "reviewer": {
                "name": "Nguyễn Tiến Nhật",
                "date": "Đã tham gia 6 năm",
                "reviewCount": "3 Đánh giá",
                "likedCount": "0 Lượt cảm ơn"
            },
            "review": {
                "rating": 5,
                "title": "Cực kì hài lòng",
                "content": ""
            }
        },
        {
            "reviewer": {
                "name": "Nhân Hữu",
                "date": "Đã tham gia 7 năm",
                "reviewCount": "38 Đánh giá",
                "likedCount": "1 Lượt cảm ơn"
            },
            "review": {
                "rating": 5,
                "title": "Cực kì hài lòng",
                "content": "sách hay."
            }
        },
        {
            "reviewer": {
                "name": "Lê Bảo Lộc",
                "date": "Đã tham gia 9 năm",
                "reviewCount": "55 Đánh giá",
                "likedCount": "1 Lượt cảm ơn"
            },
            "review": {
                "rating": 5,
                "title": "Cực kì hài lòng",
                "content": ""
            }
        },
        {
            "reviewer": {
                "name": "Nguyễn Thị Điệp",
                "date": "Đã tham gia 4 năm",
                "reviewCount": "3 Đánh giá",
                "likedCount": "0 Lượt cảm ơn"
            },
            "review": {
                "rating": 5,
                "title": "Cực kì hài lòng",
                "content": ""
            }
        },
        {
            "reviewer": {
                "name": "Bùi Đức Mạnh",
                "date": "Đã tham gia 6 năm",
                "reviewCount": "2 Đánh giá",
                "likedCount": "0 Lượt cảm ơn"
            },
            "review": {
                "rating": 5,
                "title": "Cực kì hài lòng",
                "content": ""
            }
        },
        {
            "reviewer": {
                "name": "Quyen Nguyen",
                "date": "Đã tham gia 5 năm",
                "reviewCount": "4 Đánh giá",
                "likedCount": "0 Lượt cảm ơn"
            },
            "review": {
                "rating": 5,
                "title": "Cực kì hài lòng",
                "content": ""
            }
        },
        {
            "reviewer": {
                "name": "Kha Phan",
                "date": "Đã tham gia 1 năm",
                "reviewCount": "1 Đánh giá",
                "likedCount": "0 Lượt cảm ơn"
            },
            "review": {
                "rating": 5,
                "title": "Cực kì hài lòng",
                "content": ""
            }
        },
        {
            "reviewer": {
                "name": "Tuấn Su",
                "date": "Đã tham gia 6 năm",
                "reviewCount": "3 Đánh giá",
                "likedCount": "0 Lượt cảm ơn"
            },
            "review": {
                "rating": 5,
                "title": "Cực kì hài lòng",
                "content": ""
            }
        },
        {
            "reviewer": {
                "name": "Trang Phaim",
                "date": "Đã tham gia 1 năm",
                "reviewCount": "3 Đánh giá",
                "likedCount": "0 Lượt cảm ơn"
            },
            "review": {
                "rating": 5,
                "title": "Cực kì hài lòng",
                "content": ""
            }
        },
        {
            "reviewer": {
                "name": "Trần Huỳnh",
                "date": "Đã tham gia 4 tháng",
                "reviewCount": "3 Đánh giá",
                "likedCount": "0 Lượt cảm ơn"
            },
            "review": {
                "rating": 5,
                "title": "Cực kì hài lòng",
                "content": "Good"
            }
        },
        {
            "reviewer": {
                "name": "Super Kid",
                "date": "Đã tham gia 6 năm",
                "reviewCount": "10 Đánh giá",
                "likedCount": "0 Lượt cảm ơn"
            },
            "review": {
                "rating": 5,
                "title": "Cực kì hài lòng",
                "content": ""
            }
        },
        {
            "reviewer": {
                "name": "Hường Lê Nguyên",
                "date": "Đã tham gia 5 năm",
                "reviewCount": "4 Đánh giá",
                "likedCount": "0 Lượt cảm ơn"
            },
            "review": {
                "rating": 5,
                "title": "Cực kì hài lòng",
                "content": ""
            }
        },
        {
            "reviewer": {
                "name": "Thu Phương",
                "date": "Đã tham gia 7 năm",
                "reviewCount": "6 Đánh giá",
                "likedCount": "0 Lượt cảm ơn"
            },
            "review": {
                "rating": 5,
                "title": "Cực kì hài lòng",
                "content": ""
            }
        },
        {
            "reviewer": {
                "name": "mai linh",
                "date": "Đã tham gia 3 năm",
                "reviewCount": "1 Đánh giá",
                "likedCount": "0 Lượt cảm ơn"
            },
            "review": {
                "rating": 5,
                "title": "Cực kì hài lòng",
                "content": ""
            }
        },
        {
            "reviewer": {
                "name": "Tho Truong",
                "date": "Đã tham gia 4 năm",
                "reviewCount": "35 Đánh giá",
                "likedCount": "0 Lượt cảm ơn"
            },
            "review": {
                "rating": 5,
                "title": "Cực kì hài lòng",
                "content": ""
            }
        },
        {
            "reviewer": {
                "name": "Nguyễn Kiều Hạnh",
                "date": "Đã tham gia 7 năm",
                "reviewCount": "10 Đánh giá",
                "likedCount": "0 Lượt cảm ơn"
            },
            "review": {
                "rating": 5,
                "title": "Cực kì hài lòng",
                "content": ""
            }
        },
        {
            "reviewer": {
                "name": "Phạm Chinh",
                "date": "Đã tham gia 12 năm",
                "reviewCount": "228 Đánh giá",
                "likedCount": "68 Lượt cảm ơn"
            },
            "review": {
                "rating": 5,
                "title": "Cực kì hài lòng",
                "content": ""
            }
        },
        {
            "reviewer": {
                "name": "Nguyễn Thanh Tuấn",
                "date": "Đã tham gia 8 năm",
                "reviewCount": "161 Đánh giá",
                "likedCount": "105 Lượt cảm ơn"
            },
            "review": {
                "rating": 5,
                "title": "Cực kì hài lòng",
                "content": ""
            }
        },
        {
            "reviewer": {
                "name": "Lê Ngọc Phụng",
                "date": "Đã tham gia 8 năm",
                "reviewCount": "21 Đánh giá",
                "likedCount": "0 Lượt cảm ơn"
            },
            "review": {
                "rating": 5,
                "title": "Cực kì hài lòng",
                "content": ""
            }
        },
        {
            "reviewer": {
                "name": "Nguyễn Tố Trinh",
                "date": "Đã tham gia 6 năm",
                "reviewCount": "21 Đánh giá",
                "likedCount": "1 Lượt cảm ơn"
            },
            "review": {
                "rating": 5,
                "title": "Cực kì hài lòng",
                "content": "Rất hay , đóng gói tốt"
            }
        },
        {
            "reviewer": {
                "name": "Nguyễn Tiến Thành",
                "date": "Đã tham gia 6 năm",
                "reviewCount": "11 Đánh giá",
                "likedCount": "0 Lượt cảm ơn"
            },
            "review": {
                "rating": 5,
                "title": "Cực kì hài lòng",
                "content": ""
            }
        },
        {
            "reviewer": {
                "name": "Nguyễn Tất Thắng",
                "date": "Đã tham gia 6 năm",
                "reviewCount": "134 Đánh giá",
                "likedCount": "1 Lượt cảm ơn"
            },
            "review": {
                "rating": 5,
                "title": "Cực kì hài lòng",
                "content": ""
            }
        },
        {
            "reviewer": {
                "name": "Vũ Thị Hiền",
                "date": "Đã tham gia 7 năm",
                "reviewCount": "14 Đánh giá",
                "likedCount": "0 Lượt cảm ơn"
            },
            "review": {
                "rating": 5,
                "title": "Cực kì hài lòng",
                "content": ""
            }
        },
        {
            "reviewer": {
                "name": "Pham thị quỳnh giang",
                "date": "Đã tham gia 7 năm",
                "reviewCount": "73 Đánh giá",
                "likedCount": "1 Lượt cảm ơn"
            },
            "review": {
                "rating": 5,
                "title": "Cực kì hài lòng",
                "content": ""
            }
        },
        {
            "reviewer": {
                "name": "Hồ Sỹ Nam",
                "date": "Đã tham gia 8 năm",
                "reviewCount": "65 Đánh giá",
                "likedCount": "6 Lượt cảm ơn"
            },
            "review": {
                "rating": 5,
                "title": "Cực kì hài lòng",
                "content": ""
            }
        },
        {
            "reviewer": {
                "name": "Lê Ngọc Minh Châu",
                "date": "Đã tham gia 7 năm",
                "reviewCount": "27 Đánh giá",
                "likedCount": "0 Lượt cảm ơn"
            },
            "review": {
                "rating": 5,
                "title": "Cực kì hài lòng",
                "content": ""
            }
        },
        {
            "reviewer": {
                "name": "Hùng Trần Thanh",
                "date": "Đã tham gia 7 năm",
                "reviewCount": "45 Đánh giá",
                "likedCount": "1 Lượt cảm ơn"
            },
            "review": {
                "rating": 5,
                "title": "Cực kì hài lòng",
                "content": ""
            }
        },
        {
            "reviewer": {
                "name": "duy huynh",
                "date": "Đã tham gia 3 năm",
                "reviewCount": "7 Đánh giá",
                "likedCount": "0 Lượt cảm ơn"
            },
            "review": {
                "rating": 5,
                "title": "Cực kì hài lòng",
                "content": ""
            }
        },
        {
            "reviewer": {
                "name": "Nguyen Lam",
                "date": "Đã tham gia 3 năm",
                "reviewCount": "4 Đánh giá",
                "likedCount": "0 Lượt cảm ơn"
            },
            "review": {
                "rating": 5,
                "title": "Cực kì hài lòng",
                "content": ""
            }
        },
        {
            "reviewer": {
                "name": "Long Trương",
                "date": "Đã tham gia 2 năm",
                "reviewCount": "1 Đánh giá",
                "likedCount": "0 Lượt cảm ơn"
            },
            "review": {
                "rating": 5,
                "title": "Cực kì hài lòng",
                "content": ""
            }
        },
        {
            "reviewer": {
                "name": "Nguyễn Thị Tú Trinh",
                "date": "Đã tham gia 7 năm",
                "reviewCount": "12 Đánh giá",
                "likedCount": "0 Lượt cảm ơn"
            },
            "review": {
                "rating": 5,
                "title": "Cực kì hài lòng",
                "content": ""
            }
        },
        {
            "reviewer": {
                "name": "Bùi Văn Trung",
                "date": "Đã tham gia 7 năm",
                "reviewCount": "27 Đánh giá",
                "likedCount": "2 Lượt cảm ơn"
            },
            "review": {
                "rating": 5,
                "title": "Cực kì hài lòng",
                "content": ""
            }
        },
        {
            "reviewer": {
                "name": "Phúc Thịnh",
                "date": "Đã tham gia 3 năm",
                "reviewCount": "34 Đánh giá",
                "likedCount": "6 Lượt cảm ơn"
            },
            "review": {
                "rating": 5,
                "title": "Cực kì hài lòng",
                "content": "Sách bao bọc kĩ không móm méo, nội dung thì quá hay"
            }
        },
        {
            "reviewer": {
                "name": "An Phan",
                "date": "Đã tham gia 4 năm",
                "reviewCount": "5 Đánh giá",
                "likedCount": "0 Lượt cảm ơn"
            },
            "review": {
                "rating": 5,
                "title": "Cực kì hài lòng",
                "content": ""
            }
        },
        {
            "reviewer": {
                "name": "Võ Thị Phương Uyên",
                "date": "Đã tham gia 8 năm",
                "reviewCount": "77 Đánh giá",
                "likedCount": "2 Lượt cảm ơn"
            },
            "review": {
                "rating": 5,
                "title": "Cực kì hài lòng",
                "content": ""
            }
        },
        {
            "reviewer": {
                "name": "Huỳnh Cẩm Tú",
                "date": "Đã tham gia 1 năm",
                "reviewCount": "5 Đánh giá",
                "likedCount": "0 Lượt cảm ơn"
            },
            "review": {
                "rating": 5,
                "title": "Cực kì hài lòng",
                "content": ""
            }
        },
        {
            "reviewer": {
                "name": "Hoàng Minh Anh",
                "date": "Đã tham gia 5 năm",
                "reviewCount": "4 Đánh giá",
                "likedCount": "0 Lượt cảm ơn"
            },
            "review": {
                "rating": 5,
                "title": "Cực kì hài lòng",
                "content": ""
            }
        },
        {
            "reviewer": {
                "name": "Hà Thị Hồng Thu",
                "date": "Đã tham gia 7 năm",
                "reviewCount": "13 Đánh giá",
                "likedCount": "7 Lượt cảm ơn"
            },
            "review": {
                "rating": 5,
                "title": "Cực kì hài lòng",
                "content": "Sách đọc cần nghiền ngẫm vì khá hay"
            }
        },
        {
            "reviewer": {
                "name": "Hồ Thiện Ân",
                "date": "Đã tham gia 7 năm",
                "reviewCount": "36 Đánh giá",
                "likedCount": "33 Lượt cảm ơn"
            },
            "review": {
                "rating": 5,
                "title": "Cực kì hài lòng",
                "content": ""
            }
        },
        {
            "reviewer": {
                "name": "Phong Ngô",
                "date": "Đã tham gia 4 năm",
                "reviewCount": "15 Đánh giá",
                "likedCount": "0 Lượt cảm ơn"
            },
            "review": {
                "rating": 5,
                "title": "Cực kì hài lòng",
                "content": ""
            }
        },
        {
            "reviewer": {
                "name": "Nguyễn Đình Huy",
                "date": "Đã tham gia 4 năm",
                "reviewCount": "15 Đánh giá",
                "likedCount": "0 Lượt cảm ơn"
            },
            "review": {
                "rating": 5,
                "title": "Cực kì hài lòng",
                "content": ""
            }
        },
        {
            "reviewer": {
                "name": "Sang Nguyen",
                "date": "Đã tham gia 1 năm",
                "reviewCount": "2 Đánh giá",
                "likedCount": "0 Lượt cảm ơn"
            },
            "review": {
                "rating": 5,
                "title": "Cực kì hài lòng",
                "content": ""
            }
        },
        {
            "reviewer": {
                "name": "Trần Nhật Trường",
                "date": "Đã tham gia 1 năm",
                "reviewCount": "1 Đánh giá",
                "likedCount": "0 Lượt cảm ơn"
            },
            "review": {
                "rating": 5,
                "title": "Cực kì hài lòng",
                "content": ""
            }
        },
        {
            "reviewer": {
                "name": "Công Hoan",
                "date": "Đã tham gia 11 năm",
                "reviewCount": "157 Đánh giá",
                "likedCount": "12 Lượt cảm ơn"
            },
            "review": {
                "rating": 5,
                "title": "Cực kì hài lòng",
                "content": ""
            }
        },
        {
            "reviewer": {
                "name": "Cua Nguyen",
                "date": "Đã tham gia 1 năm",
                "reviewCount": "11 Đánh giá",
                "likedCount": "0 Lượt cảm ơn"
            },
            "review": {
                "rating": 5,
                "title": "Cực kì hài lòng",
                "content": ""
            }
        },
        {
            "reviewer": {
                "name": "Võ Minh Hoàng",
                "date": "Đã tham gia 3 năm",
                "reviewCount": "14 Đánh giá",
                "likedCount": "0 Lượt cảm ơn"
            },
            "review": {
                "rating": 5,
                "title": "Cực kì hài lòng",
                "content": ""
            }
        },
        {
            "reviewer": {
                "name": "Lan Anh",
                "date": "Đã tham gia 3 năm",
                "reviewCount": "2 Đánh giá",
                "likedCount": "0 Lượt cảm ơn"
            },
            "review": {
                "rating": 5,
                "title": "Cực kì hài lòng",
                "content": ""
            }
        },
        {
            "reviewer": {
                "name": "Jimmy Torrio",
                "date": "Đã tham gia 6 năm",
                "reviewCount": "77 Đánh giá",
                "likedCount": "6 Lượt cảm ơn"
            },
            "review": {
                "rating": 5,
                "title": "Cực kì hài lòng",
                "content": ""
            }
        },
        {
            "reviewer": {
                "name": "Nguyễn Phước Thiệu",
                "date": "Đã tham gia 6 năm",
                "reviewCount": "35 Đánh giá",
                "likedCount": "0 Lượt cảm ơn"
            },
            "review": {
                "rating": 5,
                "title": "Cực kì hài lòng",
                "content": ""
            }
        },
        {
            "reviewer": {
                "name": "Dương Đức",
                "date": "Đã tham gia 6 năm",
                "reviewCount": "45 Đánh giá",
                "likedCount": "0 Lượt cảm ơn"
            },
            "review": {
                "rating": 5,
                "title": "Cực kì hài lòng",
                "content": "Sách hay"
            }
        },
        {
            "reviewer": {
                "name": "Nhân Trần",
                "date": "Đã tham gia 8 năm",
                "reviewCount": "32 Đánh giá",
                "likedCount": "0 Lượt cảm ơn"
            },
            "review": {
                "rating": 5,
                "title": "Cực kì hài lòng",
                "content": ""
            }
        },
        {
            "reviewer": {
                "name": "nguyễn đức Tân",
                "date": "Đã tham gia 7 năm",
                "reviewCount": "8 Đánh giá",
                "likedCount": "0 Lượt cảm ơn"
            },
            "review": {
                "rating": 5,
                "title": "Cực kì hài lòng",
                "content": ""
            }
        },
        {
            "reviewer": {
                "name": "Nguyễn Minh Thắng",
                "date": "Đã tham gia 5 năm",
                "reviewCount": "22 Đánh giá",
                "likedCount": "1 Lượt cảm ơn"
            },
            "review": {
                "rating": 5,
                "title": "Cực kì hài lòng",
                "content": ""
            }
        },
        {
            "reviewer": {
                "name": "Linh Nguyen",
                "date": "Đã tham gia 8 năm",
                "reviewCount": "1 Đánh giá",
                "likedCount": "0 Lượt cảm ơn"
            },
            "review": {
                "rating": 5,
                "title": "Cực kì hài lòng",
                "content": ""
            }
        },
        {
            "reviewer": {
                "name": "Ngọc Nguyễn",
                "date": "Đã tham gia 6 năm",
                "reviewCount": "5 Đánh giá",
                "likedCount": "0 Lượt cảm ơn"
            },
            "review": {
                "rating": 5,
                "title": "Cực kì hài lòng",
                "content": ""
            }
        },
        {
            "reviewer": {
                "name": "Hoàng Đức Anh",
                "date": "Đã tham gia 3 năm",
                "reviewCount": "7 Đánh giá",
                "likedCount": "0 Lượt cảm ơn"
            },
            "review": {
                "rating": 5,
                "title": "Cực kì hài lòng",
                "content": "Tốt giao hàng nhanh"
            }
        },
        {
            "reviewer": {
                "name": "Anh Nguyen",
                "date": "Đã tham gia 3 năm",
                "reviewCount": "5 Đánh giá",
                "likedCount": "0 Lượt cảm ơn"
            },
            "review": {
                "rating": 5,
                "title": "Cực kì hài lòng",
                "content": ""
            }
        },
        {
            "reviewer": {
                "name": "Le An",
                "date": "Đã tham gia 1 năm",
                "reviewCount": "34 Đánh giá",
                "likedCount": "0 Lượt cảm ơn"
            },
            "review": {
                "rating": 5,
                "title": "Cực kì hài lòng",
                "content": ""
            }
        },
        {
            "reviewer": {
                "name": "Lency Kim",
                "date": "Đã tham gia 6 năm",
                "reviewCount": "50 Đánh giá",
                "likedCount": "1 Lượt cảm ơn"
            },
            "review": {
                "rating": 5,
                "title": "Cực kì hài lòng",
                "content": ""
            }
        },
        {
            "reviewer": {
                "name": "Nam Việt",
                "date": "Đã tham gia 7 năm",
                "reviewCount": "18 Đánh giá",
                "likedCount": "0 Lượt cảm ơn"
            },
            "review": {
                "rating": 5,
                "title": "Cực kì hài lòng",
                "content": ""
            }
        },
        {
            "reviewer": {
                "name": "Nguyễn Tiến Dũng",
                "date": "Đã tham gia 6 năm",
                "reviewCount": "44 Đánh giá",
                "likedCount": "0 Lượt cảm ơn"
            },
            "review": {
                "rating": 5,
                "title": "Cực kì hài lòng",
                "content": ""
            }
        },
        {
            "reviewer": {
                "name": "Phan Phước",
                "date": "Đã tham gia 2 năm",
                "reviewCount": "35 Đánh giá",
                "likedCount": "0 Lượt cảm ơn"
            },
            "review": {
                "rating": 5,
                "title": "Cực kì hài lòng",
                "content": ""
            }
        },
        {
            "reviewer": {
                "name": "Lương Hữu Quyết",
                "date": "Đã tham gia 5 năm",
                "reviewCount": "13 Đánh giá",
                "likedCount": "0 Lượt cảm ơn"
            },
            "review": {
                "rating": 5,
                "title": "Cực kì hài lòng",
                "content": ""
            }
        },
        {
            "reviewer": {
                "name": "Bùi Nga",
                "date": "Đã tham gia 1 năm",
                "reviewCount": "49 Đánh giá",
                "likedCount": "0 Lượt cảm ơn"
            },
            "review": {
                "rating": 5,
                "title": "Cực kì hài lòng",
                "content": ""
            }
        },
        {
            "reviewer": {
                "name": "Bộ Kinh Vân",
                "date": "Đã tham gia 4 năm",
                "reviewCount": "595 Đánh giá",
                "likedCount": "6 Lượt cảm ơn"
            },
            "review": {
                "rating": 5,
                "title": "Cực kì hài lòng",
                "content": ""
            }
        },
        {
            "reviewer": {
                "name": "Nguyễn Hòa Khánh",
                "date": "Đã tham gia 6 năm",
                "reviewCount": "18 Đánh giá",
                "likedCount": "1 Lượt cảm ơn"
            },
            "review": {
                "rating": 5,
                "title": "Cực kì hài lòng",
                "content": ""
            }
        },
        {
            "reviewer": {
                "name": "Zeno Nguyễn",
                "date": "Đã tham gia 4 năm",
                "reviewCount": "34 Đánh giá",
                "likedCount": "1 Lượt cảm ơn"
            },
            "review": {
                "rating": 5,
                "title": "Cực kì hài lòng",
                "content": "Good."
            }
        },
        {
            "reviewer": {
                "name": "Tran Thang",
                "date": "Đã tham gia 6 năm",
                "reviewCount": "47 Đánh giá",
                "likedCount": "0 Lượt cảm ơn"
            },
            "review": {
                "rating": 5,
                "title": "Cực kì hài lòng",
                "content": ""
            }
        },
        {
            "reviewer": {
                "name": "Lê Thị Quý",
                "date": "Đã tham gia 7 năm",
                "reviewCount": "17 Đánh giá",
                "likedCount": "0 Lượt cảm ơn"
            },
            "review": {
                "rating": 5,
                "title": "Cực kì hài lòng",
                "content": ""
            }
        },
        {
            "reviewer": {
                "name": "Nguyễn Hoà",
                "date": "Đã tham gia 5 năm",
                "reviewCount": "9 Đánh giá",
                "likedCount": "0 Lượt cảm ơn"
            },
            "review": {
                "rating": 5,
                "title": "Cực kì hài lòng",
                "content": ""
            }
        },
        {
            "reviewer": {
                "name": "Ngọc Đàn",
                "date": "Đã tham gia 7 năm",
                "reviewCount": "1 Đánh giá",
                "likedCount": "0 Lượt cảm ơn"
            },
            "review": {
                "rating": 5,
                "title": "Cực kì hài lòng",
                "content": ""
            }
        },
        {
            "reviewer": {
                "name": "Nguyễn Phú Cường",
                "date": "Đã tham gia 7 năm",
                "reviewCount": "81 Đánh giá",
                "likedCount": "1 Lượt cảm ơn"
            },
            "review": {
                "rating": 5,
                "title": "Cực kì hài lòng",
                "content": ""
            }
        },
        {
            "reviewer": {
                "name": "Phạm Văn Trường",
                "date": "Đã tham gia 8 năm",
                "reviewCount": "19 Đánh giá",
                "likedCount": "1 Lượt cảm ơn"
            },
            "review": {
                "rating": 5,
                "title": "Cực kì hài lòng",
                "content": ""
            }
        },
        {
            "reviewer": {
                "name": "Minh Nguyen",
                "date": "Đã tham gia 2 năm",
                "reviewCount": "3 Đánh giá",
                "likedCount": "0 Lượt cảm ơn"
            },
            "review": {
                "rating": 5,
                "title": "Cực kì hài lòng",
                "content": ""
            }
        },
        {
            "reviewer": {
                "name": "Dinh Quoc Cuong",
                "date": "Đã tham gia 6 năm",
                "reviewCount": "66 Đánh giá",
                "likedCount": "76 Lượt cảm ơn"
            },
            "review": {
                "rating": 5,
                "title": "Cực kì hài lòng",
                "content": ""
            }
        },
        {
            "reviewer": {
                "name": "Phạm Bình",
                "date": "Đã tham gia 2 năm",
                "reviewCount": "8 Đánh giá",
                "likedCount": "0 Lượt cảm ơn"
            },
            "review": {
                "rating": 5,
                "title": "Cực kì hài lòng",
                "content": ""
            }
        },
        {
            "reviewer": {
                "name": "Pham van Phương",
                "date": "Đã tham gia 1 năm",
                "reviewCount": "6 Đánh giá",
                "likedCount": "0 Lượt cảm ơn"
            },
            "review": {
                "rating": 5,
                "title": "Cực kì hài lòng",
                "content": ""
            }
        },
        {
            "reviewer": {
                "name": "Bảo Nhi",
                "date": "Đã tham gia 3 năm",
                "reviewCount": "3 Đánh giá",
                "likedCount": "0 Lượt cảm ơn"
            },
            "review": {
                "rating": 5,
                "title": "Cực kì hài lòng",
                "content": ""
            }
        },
        {
            "reviewer": {
                "name": "Nhi Trần",
                "date": "Đã tham gia 5 năm",
                "reviewCount": "19 Đánh giá",
                "likedCount": "5 Lượt cảm ơn"
            },
            "review": {
                "rating": 5,
                "title": "Cực kì hài lòng",
                "content": ""
            }
        },
        {
            "reviewer": {
                "name": "Châu Hồ Quốc  Bảo",
                "date": "Đã tham gia 14 năm",
                "reviewCount": "330 Đánh giá",
                "likedCount": "2 Lượt cảm ơn"
            },
            "review": {
                "rating": 5,
                "title": "Cực kì hài lòng",
                "content": ""
            }
        },
        {
            "reviewer": {
                "name": "Hải Trịnh",
                "date": "Đã tham gia 7 năm",
                "reviewCount": "42 Đánh giá",
                "likedCount": "0 Lượt cảm ơn"
            },
            "review": {
                "rating": 5,
                "title": "Cực kì hài lòng",
                "content": ""
            }
        },
        {
            "reviewer": {
                "name": "Le Minh Phuc",
                "date": "Đã tham gia 6 năm",
                "reviewCount": "48 Đánh giá",
                "likedCount": "1 Lượt cảm ơn"
            },
            "review": {
                "rating": 5,
                "title": "Cực kì hài lòng",
                "content": ""
            }
        },
        {
            "reviewer": {
                "name": "Anh Vu",
                "date": "Đã tham gia 8 năm",
                "reviewCount": "23 Đánh giá",
                "likedCount": "6 Lượt cảm ơn"
            },
            "review": {
                "rating": 5,
                "title": "Cực kì hài lòng",
                "content": ""
            }
        },
        {
            "reviewer": {
                "name": "Chiêu Quốc Khánh",
                "date": "Đã tham gia 4 năm",
                "reviewCount": "7 Đánh giá",
                "likedCount": "1 Lượt cảm ơn"
            },
            "review": {
                "rating": 5,
                "title": "Cực kì hài lòng",
                "content": ""
            }
        },
        {
            "reviewer": {
                "name": "Tấn Trần",
                "date": "Đã tham gia 10 năm",
                "reviewCount": "15 Đánh giá",
                "likedCount": "1 Lượt cảm ơn"
            },
            "review": {
                "rating": 5,
                "title": "Cực kì hài lòng",
                "content": ""
            }
        },
        {
            "reviewer": {
                "name": "Minh Thiện",
                "date": "Đã tham gia 4 năm",
                "reviewCount": "19 Đánh giá",
                "likedCount": "1 Lượt cảm ơn"
            },
            "review": {
                "rating": 5,
                "title": "Cực kì hài lòng",
                "content": "Sách rất hay"
            }
        },
        {
            "reviewer": {
                "name": "Nguyễn Cẩm Thuỳ Liên",
                "date": "Đã tham gia 1 năm",
                "reviewCount": "16 Đánh giá",
                "likedCount": "0 Lượt cảm ơn"
            },
            "review": {
                "rating": 5,
                "title": "Cực kì hài lòng",
                "content": ""
            }
        },
        {
            "reviewer": {
                "name": "Pham Anh Quoc",
                "date": "Đã tham gia 3 năm",
                "reviewCount": "24 Đánh giá",
                "likedCount": "0 Lượt cảm ơn"
            },
            "review": {
                "rating": 5,
                "title": "Cực kì hài lòng",
                "content": ""
            }
        },
        {
            "reviewer": {
                "name": "Thanh Hải",
                "date": "Đã tham gia 4 năm",
                "reviewCount": "30 Đánh giá",
                "likedCount": "0 Lượt cảm ơn"
            },
            "review": {
                "rating": 5,
                "title": "Cực kì hài lòng",
                "content": ""
            }
        },
        {
            "reviewer": {
                "name": "Trần Thị Hồng Ngân",
                "date": "Đã tham gia 6 năm",
                "reviewCount": "19 Đánh giá",
                "likedCount": "6 Lượt cảm ơn"
            },
            "review": {
                "rating": 5,
                "title": "Cực kì hài lòng",
                "content": ""
            }
        },
        {
            "reviewer": {
                "name": "Tuyền Phạm",
                "date": "Đã tham gia 4 năm",
                "reviewCount": "3 Đánh giá",
                "likedCount": "0 Lượt cảm ơn"
            },
            "review": {
                "rating": 5,
                "title": "Cực kì hài lòng",
                "content": ""
            }
        },
        {
            "reviewer": {
                "name": "Lê Tiến Hải",
                "date": "Đã tham gia 4 năm",
                "reviewCount": "122 Đánh giá",
                "likedCount": "3 Lượt cảm ơn"
            },
            "review": {
                "rating": 5,
                "title": "Cực kì hài lòng",
                "content": ""
            }
        },
        {
            "reviewer": {
                "name": "Chung Lê Kim",
                "date": "Đã tham gia 3 năm",
                "reviewCount": "41 Đánh giá",
                "likedCount": "0 Lượt cảm ơn"
            },
            "review": {
                "rating": 5,
                "title": "Cực kì hài lòng",
                "content": ""
            }
        },
        {
            "reviewer": {
                "name": "hang phan",
                "date": "Đã tham gia 7 năm",
                "reviewCount": "9 Đánh giá",
                "likedCount": "5 Lượt cảm ơn"
            },
            "review": {
                "rating": 5,
                "title": "Cực kì hài lòng",
                "content": ""
            }
        },
        {
            "reviewer": {
                "name": "Lê Thị Phượng",
                "date": "Đã tham gia 7 năm",
                "reviewCount": "174 Đánh giá",
                "likedCount": "10 Lượt cảm ơn"
            },
            "review": {
                "rating": 5,
                "title": "Cực kì hài lòng",
                "content": ""
            }
        },
        {
            "reviewer": {
                "name": "Kieu Thu Uyen",
                "date": "Đã tham gia 4 năm",
                "reviewCount": "22 Đánh giá",
                "likedCount": "1 Lượt cảm ơn"
            },
            "review": {
                "rating": 5,
                "title": "Cực kì hài lòng",
                "content": ""
            }
        },
        {
            "reviewer": {
                "name": "Định Trung",
                "date": "Đã tham gia 6 năm",
                "reviewCount": "31 Đánh giá",
                "likedCount": "0 Lượt cảm ơn"
            },
            "review": {
                "rating": 5,
                "title": "Cực kì hài lòng",
                "content": ""
            }
        },
        {
            "reviewer": {
                "name": "Lê Hồng Phương",
                "date": "Đã tham gia 6 năm",
                "reviewCount": "14 Đánh giá",
                "likedCount": "0 Lượt cảm ơn"
            },
            "review": {
                "rating": 5,
                "title": "Cực kì hài lòng",
                "content": ""
            }
        },
        {
            "reviewer": {
                "name": "Phan Thanh Sang",
                "date": "Đã tham gia 7 năm",
                "reviewCount": "30 Đánh giá",
                "likedCount": "3 Lượt cảm ơn"
            },
            "review": {
                "rating": 5,
                "title": "Cực kì hài lòng",
                "content": ""
            }
        },
        {
            "reviewer": {
                "name": "Nguyen Giang",
                "date": "Đã tham gia 6 năm",
                "reviewCount": "201 Đánh giá",
                "likedCount": "19 Lượt cảm ơn"
            },
            "review": {
                "rating": 5,
                "title": "Cực kì hài lòng",
                "content": ""
            }
        },
        {
            "reviewer": {
                "name": "Đặng Duyên",
                "date": "Đã tham gia 5 năm",
                "reviewCount": "2 Đánh giá",
                "likedCount": "0 Lượt cảm ơn"
            },
            "review": {
                "rating": 5,
                "title": "Cực kì hài lòng",
                "content": ""
            }
        },
        {
            "reviewer": {
                "name": "Tài Phan Minh",
                "date": "Đã tham gia 6 năm",
                "reviewCount": "121 Đánh giá",
                "likedCount": "34 Lượt cảm ơn"
            },
            "review": {
                "rating": 5,
                "title": "Cực kì hài lòng",
                "content": ""
            }
        },
        {
            "reviewer": {
                "name": "Ngoc Tran",
                "date": "Đã tham gia 4 năm",
                "reviewCount": "98 Đánh giá",
                "likedCount": "1 Lượt cảm ơn"
            },
            "review": {
                "rating": 5,
                "title": "Cực kì hài lòng",
                "content": ""
            }
        },
        {
            "reviewer": {
                "name": "Đặng Thị Trúc Mai",
                "date": "Đã tham gia 10 năm",
                "reviewCount": "161 Đánh giá",
                "likedCount": "10 Lượt cảm ơn"
            },
            "review": {
                "rating": 5,
                "title": "Cực kì hài lòng",
                "content": ""
            }
        },
        {
            "reviewer": {
                "name": "Mai Xun Thnh",
                "date": "Đã tham gia 5 năm",
                "reviewCount": "22 Đánh giá",
                "likedCount": "0 Lượt cảm ơn"
            },
            "review": {
                "rating": 5,
                "title": "Cực kì hài lòng",
                "content": "Oke"
            }
        },
        {
            "reviewer": {
                "name": "ha quang trung",
                "date": "Đã tham gia 6 năm",
                "reviewCount": "7 Đánh giá",
                "likedCount": "28 Lượt cảm ơn"
            },
            "review": {
                "rating": 5,
                "title": "Cực kì hài lòng",
                "content": ""
            }
        },
        {
            "reviewer": {
                "name": "Mun Lee",
                "date": "Đã tham gia 8 năm",
                "reviewCount": "5 Đánh giá",
                "likedCount": "0 Lượt cảm ơn"
            },
            "review": {
                "rating": 5,
                "title": "Cực kì hài lòng",
                "content": ""
            }
        },
        {
            "reviewer": {
                "name": "son le",
                "date": "Đã tham gia 3 năm",
                "reviewCount": "1 Đánh giá",
                "likedCount": "0 Lượt cảm ơn"
            },
            "review": {
                "rating": 5,
                "title": "Cực kì hài lòng",
                "content": ""
            }
        },
        {
            "reviewer": {
                "name": "Đặng Nhi",
                "date": "Đã tham gia 3 năm",
                "reviewCount": "2 Đánh giá",
                "likedCount": "0 Lượt cảm ơn"
            },
            "review": {
                "rating": 5,
                "title": "Cực kì hài lòng",
                "content": ""
            }
        },
        {
            "reviewer": {
                "name": "Nguyen Le",
                "date": "Đã tham gia 9 năm",
                "reviewCount": "33 Đánh giá",
                "likedCount": "14 Lượt cảm ơn"
            },
            "review": {
                "rating": 5,
                "title": "Cực kì hài lòng",
                "content": "Good"
            }
        },
        {
            "reviewer": {
                "name": "Mơ Mèo",
                "date": "Đã tham gia 7 năm",
                "reviewCount": "148 Đánh giá",
                "likedCount": "4 Lượt cảm ơn"
            },
            "review": {
                "rating": 5,
                "title": "Cực kì hài lòng",
                "content": ""
            }
        },
        {
            "reviewer": {
                "name": "Tiến Nguyễn",
                "date": "Đã tham gia 8 năm",
                "reviewCount": "24 Đánh giá",
                "likedCount": "7 Lượt cảm ơn"
            },
            "review": {
                "rating": 5,
                "title": "Cực kì hài lòng",
                "content": ""
            }
        },
        {
            "reviewer": {
                "name": "Phạm Văn Sáng",
                "date": "Đã tham gia 3 năm",
                "reviewCount": "1 Đánh giá",
                "likedCount": "0 Lượt cảm ơn"
            },
            "review": {
                "rating": 5,
                "title": "Cực kì hài lòng",
                "content": ""
            }
        },
        {
            "reviewer": {
                "name": "Lê Hồng Tân",
                "date": "Đã tham gia 10 năm",
                "reviewCount": "319 Đánh giá",
                "likedCount": "65 Lượt cảm ơn"
            },
            "review": {
                "rating": 5,
                "title": "Cực kì hài lòng",
                "content": ""
            }
        },
        {
            "reviewer": {
                "name": "Phuong Nguyen",
                "date": "Đã tham gia 2 năm",
                "reviewCount": "11 Đánh giá",
                "likedCount": "0 Lượt cảm ơn"
            },
            "review": {
                "rating": 5,
                "title": "Cực kì hài lòng",
                "content": ""
            }
        },
        {
            "reviewer": {
                "name": "thien quan",
                "date": "Đã tham gia 5 năm",
                "reviewCount": "92 Đánh giá",
                "likedCount": "0 Lượt cảm ơn"
            },
            "review": {
                "rating": 5,
                "title": "Cực kì hài lòng",
                "content": ""
            }
        },
        {
            "reviewer": {
                "name": "Chu Thuy Hang",
                "date": "Đã tham gia 11 năm",
                "reviewCount": "6 Đánh giá",
                "likedCount": "0 Lượt cảm ơn"
            },
            "review": {
                "rating": 5,
                "title": "Cực kì hài lòng",
                "content": ""
            }
        },
        {
            "reviewer": {
                "name": "Tuấn Khang",
                "date": "Đã tham gia 6 năm",
                "reviewCount": "26 Đánh giá",
                "likedCount": "0 Lượt cảm ơn"
            },
            "review": {
                "rating": 5,
                "title": "Cực kì hài lòng",
                "content": ""
            }
        },
        {
            "reviewer": {
                "name": "Apple User",
                "date": "Đã tham gia 2 năm",
                "reviewCount": "4 Đánh giá",
                "likedCount": "0 Lượt cảm ơn"
            },
            "review": {
                "rating": 5,
                "title": "Cực kì hài lòng",
                "content": ""
            }
        },
        {
            "reviewer": {
                "name": "Trần Minh Quy",
                "date": "Đã tham gia 2 năm",
                "reviewCount": "10 Đánh giá",
                "likedCount": "0 Lượt cảm ơn"
            },
            "review": {
                "rating": 5,
                "title": "Cực kì hài lòng",
                "content": ""
            }
        },
        {
            "reviewer": {
                "name": "Hoa Thanh",
                "date": "Đã tham gia 7 năm",
                "reviewCount": "25 Đánh giá",
                "likedCount": "3 Lượt cảm ơn"
            },
            "review": {
                "rating": 5,
                "title": "Cực kì hài lòng",
                "content": ""
            }
        },
        {
            "reviewer": {
                "name": "Nguyễn Viết Hưng",
                "date": "Đã tham gia 8 năm",
                "reviewCount": "28 Đánh giá",
                "likedCount": "0 Lượt cảm ơn"
            },
            "review": {
                "rating": 5,
                "title": "Cực kì hài lòng",
                "content": ""
            }
        },
        {
            "reviewer": {
                "name": "Thùy Linh",
                "date": "Đã tham gia 3 năm",
                "reviewCount": "11 Đánh giá",
                "likedCount": "0 Lượt cảm ơn"
            },
            "review": {
                "rating": 5,
                "title": "Cực kì hài lòng",
                "content": ""
            }
        },
        {
            "reviewer": {
                "name": "Hoàng Đức Nguyên Lộc",
                "date": "Đã tham gia 7 năm",
                "reviewCount": "685 Đánh giá",
                "likedCount": "153 Lượt cảm ơn"
            },
            "review": {
                "rating": 5,
                "title": "Cực kì hài lòng",
                "content": ""
            }
        },
        {
            "reviewer": {
                "name": "Hà Yến Bình",
                "date": "Đã tham gia 1 năm",
                "reviewCount": "7 Đánh giá",
                "likedCount": "0 Lượt cảm ơn"
            },
            "review": {
                "rating": 1,
                "title": "Rất không hài lòng",
                "content": "Sách sao bẩn quá shop ơi, bẩn lắm luôn ạ. Sách brand new hay secondhand vậy ạ? Buồn quá shop ạ"
            }
        },
        {
            "reviewer": {
                "name": "dương loan",
                "date": "Đã tham gia 4 năm",
                "reviewCount": "2 Đánh giá",
                "likedCount": "0 Lượt cảm ơn"
            },
            "review": {
                "rating": 4,
                "title": "Hài lòng",
                "content": "Ưu điểm: Giao nhanh, giá tốt.\r\nNhược điểm: Sách bị trầy vài chỗ và hơi dơ.\r\nNhưng không ảnh hưởng chất lượng bên trong nên vẫn ok."
            }
        },
        {
            "reviewer": {
                "name": "Trần Hoài Thu",
                "date": "Đã tham gia 8 năm",
                "reviewCount": "24 Đánh giá",
                "likedCount": "5 Lượt cảm ơn"
            },
            "review": {
                "rating": 4,
                "title": "Hài lòng",
                "content": "Sách hay nhưng khó đọc nhé các bạn. Mặc dù dịch thuật nhiều chỗ hack não và tối nghĩa nhưng nội dung thực sự hay và đáng đọc, có đoạn phải đọc lại 2-3 lần mới hiểu. Hy vọng những lần tái bản sau Alpha book sẽ sửa lại các lỗi dịch thuật để truyền tải được nội dung sách trọn vẹn đến độc giả."
            }
        },
        {
            "reviewer": {
                "name": "Vo Huynh Ai Van",
                "date": "Đã tham gia 6 năm",
                "reviewCount": "65 Đánh giá",
                "likedCount": "3 Lượt cảm ơn"
            },
            "review": {
                "rating": 3,
                "title": "Bình thường",
                "content": "Sách đẹp, mới đọc vài trang đầu đã thấy câu văn lủng củng, sai chính tả 😡, kiểm duyệt sách quá tệ cho 1 tác phẩm xuất sắc"
            }
        },
        {
            "reviewer": {
                "name": "Nguyễn cao cường",
                "date": "Đã tham gia 2 năm",
                "reviewCount": "7 Đánh giá",
                "likedCount": "0 Lượt cảm ơn"
            },
            "review": {
                "rating": 3,
                "title": "Bình thường",
                "content": "Sách hay tuy nhiên bản này có nhiều lỗi chính tả"
            }
        },
        {
            "reviewer": {
                "name": "Đỗ Đức Long",
                "date": "Đã tham gia 5 năm",
                "reviewCount": "8 Đánh giá",
                "likedCount": "0 Lượt cảm ơn"
            },
            "review": {
                "rating": 3,
                "title": "Bình thường",
                "content": "Vừa mở hàng đã bị rách, không biết phải cố tình k"
            }
        },
        {
            "reviewer": {
                "name": "Minh Th",
                "date": "Đã tham gia 5 năm",
                "reviewCount": "1 Đánh giá",
                "likedCount": "0 Lượt cảm ơn"
            },
            "review": {
                "rating": 4,
                "title": "Hài lòng",
                "content": "Sách cung cấp những định kiến phổ biến do trực giác đem lại. Tuy nhiên lời văn khá học thuật và khó hiểu. Cần tập trung khi đọc để hiểu rõ nội dung tác giả muốn truyền tải"
            }
        },
        {
            "reviewer": {
                "name": "Thiên di",
                "date": "Đã tham gia 4 năm",
                "reviewCount": "105 Đánh giá",
                "likedCount": "5 Lượt cảm ơn"
            },
            "review": {
                "rating": 2,
                "title": "Không hài lòng",
                "content": "Sách vừa giao đã bị gãy gáy, cảm giác rất khó coi, k có seal bọc phía bên ngoài"
            }
        },
        {
            "reviewer": {
                "name": "Tô chí bảo",
                "date": "Đã tham gia 2 năm",
                "reviewCount": "1 Đánh giá",
                "likedCount": "0 Lượt cảm ơn"
            },
            "review": {
                "rating": 2,
                "title": "Không hài lòng",
                "content": "Bìa sách rất bẩn và cũ thêm các vết đen bôi mà không được nữa ạ"
            }
        },
        {
            "reviewer": {
                "name": "Nguyen Lan Phuong",
                "date": "Đã tham gia 10 năm",
                "reviewCount": "9 Đánh giá",
                "likedCount": "18 Lượt cảm ơn"
            },
            "review": {
                "rating": 4,
                "title": "Hài lòng",
                "content": "Nội dung sách thì không có gì để bàn. Tuy nhiên, Tiki chỉ bọc sách trong túi nilong chống sốc, vẫn khiến sách bị móp góc."
            }
        },
        {
            "reviewer": {
                "name": "Trịnh Xuân Tưởng",
                "date": "Đã tham gia 5 năm",
                "reviewCount": "9 Đánh giá",
                "likedCount": "0 Lượt cảm ơn"
            },
            "review": {
                "rating": 3,
                "title": "Bình thường",
                "content": "giao hàng nhanh, đóng gói bên ngoài nhìn cẩn thận, nhưng 1 cuốn bị bong bìa, hơi thất vọng chút.\r\nnội dung chưa đọc, sẽ comment về nd sau."
            }
        },
        {
            "reviewer": {
                "name": "Hoàng Thị Huyền",
                "date": "Đã tham gia 6 năm",
                "reviewCount": "10 Đánh giá",
                "likedCount": "5 Lượt cảm ơn"
            },
            "review": {
                "rating": 3,
                "title": "Bình thường",
                "content": "Cá nhân không thích nội dung sách"
            }
        },
        {
            "reviewer": {
                "name": "Trần Thị Mai Anh",
                "date": "Đã tham gia 5 năm",
                "reviewCount": "3 Đánh giá",
                "likedCount": "0 Lượt cảm ơn"
            },
            "review": {
                "rating": 3,
                "title": "Bình thường",
                "content": "Sách k bọc seal nhìn có vẻ k mới"
            }
        },
        {
            "reviewer": {
                "name": "Nguyễn Đức Thời",
                "date": "Đã tham gia 3 năm",
                "reviewCount": "1 Đánh giá",
                "likedCount": "0 Lượt cảm ơn"
            },
            "review": {
                "rating": 1,
                "title": "Rất không hài lòng",
                "content": "Cu thể là ko hài lòng……..,,,,,,,,…"
            }
        },
        {
            "reviewer": {
                "name": "Trần thị thơ",
                "date": "Đã tham gia 2 tháng",
                "reviewCount": "6 Đánh giá",
                "likedCount": "0 Lượt cảm ơn"
            },
            "review": {
                "rating": 4,
                "title": "Hài lòng",
                "content": ""
            }
        },
        {
            "reviewer": {
                "name": "Đặng Quốc Việt",
                "date": "Đã tham gia 6 năm",
                "reviewCount": "335 Đánh giá",
                "likedCount": "7 Lượt cảm ơn"
            },
            "review": {
                "rating": 3,
                "title": "Bình thường",
                "content": "Sách bị móp góc, sẽ liên hệ bp chăm sóc để đổi."
            }
        },
        {
            "reviewer": {
                "name": "Quoc Hao",
                "date": "Đã tham gia 4 năm",
                "reviewCount": "1 Đánh giá",
                "likedCount": "0 Lượt cảm ơn"
            },
            "review": {
                "rating": 4,
                "title": "Hài lòng",
                "content": ""
            }
        },
        {
            "reviewer": {
                "name": "Nguyễn Thach",
                "date": "Đã tham gia 1 năm",
                "reviewCount": "7 Đánh giá",
                "likedCount": "0 Lượt cảm ơn"
            },
            "review": {
                "rating": 4,
                "title": "Hài lòng",
                "content": ""
            }
        },
        {
            "reviewer": {
                "name": "Manh Thai",
                "date": "Đã tham gia 10 năm",
                "reviewCount": "63 Đánh giá",
                "likedCount": "3 Lượt cảm ơn"
            },
            "review": {
                "rating": 4,
                "title": "Hài lòng",
                "content": ""
            }
        },
        {
            "reviewer": {
                "name": "Phạm Ngọc Khoa",
                "date": "Đã tham gia 10 năm",
                "reviewCount": "18 Đánh giá",
                "likedCount": "0 Lượt cảm ơn"
            },
            "review": {
                "rating": 4,
                "title": "Hài lòng",
                "content": ""
            }
        },
        {
            "reviewer": {
                "name": "Nguyễn Vương Linh",
                "date": "Đã tham gia 4 năm",
                "reviewCount": "60 Đánh giá",
                "likedCount": "2 Lượt cảm ơn"
            },
            "review": {
                "rating": 4,
                "title": "Hài lòng",
                "content": ""
            }
        },
        {
            "reviewer": {
                "name": "Nguyen Thanh Nhan",
                "date": "Đã tham gia 9 năm",
                "reviewCount": "65 Đánh giá",
                "likedCount": "1 Lượt cảm ơn"
            },
            "review": {
                "rating": 4,
                "title": "Hài lòng",
                "content": ""
            }
        },
        {
            "reviewer": {
                "name": "Nguyễn Anh Tú",
                "date": "Đã tham gia 6 năm",
                "reviewCount": "26 Đánh giá",
                "likedCount": "0 Lượt cảm ơn"
            },
            "review": {
                "rating": 4,
                "title": "Hài lòng",
                "content": ""
            }
        },
        {
            "reviewer": {
                "name": "Sharnock Doyle",
                "date": "Đã tham gia 5 năm",
                "reviewCount": "8 Đánh giá",
                "likedCount": "7 Lượt cảm ơn"
            },
            "review": {
                "rating": 2,
                "title": "Không hài lòng",
                "content": "đóng gói  tệ"
            }
        },
        {
            "reviewer": {
                "name": "Cẩm Tú",
                "date": "Đã tham gia 5 năm",
                "reviewCount": "4 Đánh giá",
                "likedCount": "0 Lượt cảm ơn"
            },
            "review": {
                "rating": 4,
                "title": "Hài lòng",
                "content": ""
            }
        }
    ]
}