{
    "url": "https://tiki.vn/sach-marketing-ban-le-da-kenh-9-bi-quyet-tiep-thi-tinh-gon-tao-ngay-dong-tien-p275793521.html?spid=275793522",
    "info": {
        "title": "Marketing Bán Lẻ Đa Kênh - 9 Bí Quyết Tiếp Thị Tinh Gọn Tạo Ngay Dòng Tiền",
        "author": null,
        "imageUrl": null,
        "soldQuantity": 105,
        "currentPrice": 169000,
        "originalPrice": 199000
    },
    "details": {
        "publisher": "Công ty TNHH Truyền Thông Giver",
        "publishDate": "2024-08-08 11:03:20",
        "coverType": "Bìa mềm",
        "pageCount": "232",
        "publishingHouse": "Nhà Xuất Bản Thế Giới"
    },
    "description": "99+ CHIẾN LƯỢC MARKETING THỰC CHIẾN,\nCHI PHÍ THẤP, CHUYỂN ĐỔI CAO - DÀNH CHO CÁC DOANH NGHIỆP BÁN LẺ NHỎ VÀ SIÊU NHỎ\n\nQuyển sách mang đến cho bạn:\nThông qua qua những câu chuyện thực tế, ví dụ gần gũi, tác giả đã chia sẻ kinh nghiệm, tư duy khởi nghiệp, kinh doanh với marketing là trụ cột quan trọng. Từ đó, bạn có thể dễ dàng tiếp thu, áp dụng vào doanh nghiệp của mình, tạo nên doanh thu đột phá.\n\nVỀ TÁC GIẢ\n\nNguyễn Quốc Trung\n- Founder kiêm CEO Công ty Cổ phần Đồ Nghề Tự Chọn\n- Nguyên Giám đốc PGD MBBank - Thốt Nốt - CN Cần Thơ\n- Vận động viên 3 môn phối hợp Ironman và vận động viên chạy bộ đường dài\n- Có hơn 15 năm kinh nghiệm làm việc tại ngân hàng và khởi nghiệp, đồng thời đã tiếp xúc, tư vấn và học tập cùng hơn 1000 doanh nghiệp trên toàn quốc\n- Là diễn giả thường xuyên và cố vấn mônThực hành Khởi nghiệptại trường Đại học FPT Cần Thơ và trường Cao Đẳng FPT Cần Thơ.\n\nLỜI KHEN DÀNH TẶNG CHO QUYỂN SÁCH\n\n\nTÓM TẮT SÁCH\nMở cửa hàng không giúp bạn ngay lập tức có khách, nhưng Marketing thì có thể!  Nếu cứ bán hàng là sẽ có người mua, chắc chắn ai cũng đã thành công. Nhưng rõ ràng, cơ hội chỉ dành cho những ai dám làm và làm đúng phương pháp.\nTác giả Nguyễn Quốc Trung là một ví dụ. Anh chưa bao giờ ngại xông pha, nhưng cứ lao đầu tiến lên mà không có hướng đi thì đó là “đốt tiền”, chứ không phải là khởi nghiệp. Học từ thất bại, tác giả đã đúc kết các bí kíp bán lẻ đơn giản, chi phí thấp, hiệu quả cao, phù hợp với tất cả những ai đang muốn tăng trưởng đơn hàng trong kinh doanh bán lẻ.\nChương 1:MARKETING - CHÌA KHÓA VÀNG CHO NGƯỜI BÁN HÀNG\nAnh Giám đốc Phòng Giao dịch của Ngân hàng Quân Đội (MB Bank) bỏ dở sự nghiệp nhiều người mê để quyết tâm khởi nghiệp. Anh thất bại nhiều lần, cho đến lúc tìm được công thức thành công của riêng mình: Bốn cho - Một nhận. Marketing hiệu quả cũng giống thế. Người kinh doanh phải đầu tư vào tiếp thị, nhưng cho đi không phải cho vui mà phải kiếm lại được tiền.\nChương 2: VƯỢT RÀO CẢN ĐỂ LÀM MARKETING\nCó rất nhiều người chia sẻ chung một nỗi khổ: Ước mơ lớn, nhưng lại dễ đầu hàng trước khó khăn. Nhiều chủ doanh nghiệp không marketing vì cho rằng bản thân không có nền tảng về nguồn lực, ví dụ như thiếu tiền, thiếu người, thiếu kiến thức,\nSự thật là kiến thức có ở mọi nơi. Chỉ cần biết cách khai thác, chủ doanh nghiệp hoàn toàn có thể ứng dụng các bài học thành công của người khác vào chính mô hình của mình.\nChương 3: \"ĐỌC VỊ KHÁCH HÀNG\" THẤU HIỂU VÀ ĐÁP ỨNG\nBạn phải hiểu khách hàng sâu đến nỗi biết họ đang đau ở đâu “chữa lành” ở đó. Chủ doanh nghiệp không thể chỉ hình dung đại khái về những vấn đề khách đang gặp, cũng không thể chỉ lấy kinh nghiệm của mình áp lên toàn thị trường.\nCấp độ cao hơn của việc khiến khách hàng “hết đau” là khiến họ “sướng” và “sướng hơn”. Ví như, nhờ sản phẩm, dịch vụ của doanh nghiệp mà khách không phải làm một điều gì đó - được lười thêm một chút cũng là một cảm giác tuyệt vời của đời người.\nChương 4: CHINH PHỤC HÀNH TRÌNH KHÁCH HÀNG\nChinh phục khách hàng cũng giống như đun sôi nồi lẩu. Ban đầu nước lạnh, nhiệt độ tăng nước ấm dần, trở nên nóng rồi thành sôi. Ở mỗi giai đoạn khác nhau, khách hàng sẽ có nhu cầu khác nhau, việc của bạn là nắm bắt nhu cầu ấy rồi giải quyết, khiến họ chuyển đổi giai đoạn với mục tiêu chung là: Từ người lạ thành khách hàng trung thành.\nChương 5: MARKETING ĐA KÊNH\nThời đại này, ai cũng biết phải đa kênh. Nhưng nếu chủ cửa hàng có kinh phí hạn chế thì đa kênh bằng cách nào? Câu trả lời là họ phải biết cách tận dụng tài nguyên, bao gồm tài nguyên trong nội bộ doanh nghiệp và ngoài xã hội. Marketing không phải là những chiến dịch hoành tráng và đốt tiền, ngược lại, mỗi hành động hằng ngày đều có thể được xem là một phần của marketing. Nếu khéo léo, bạn có thể thực hiện các chiến dịch tiếp thị với mức chi phí tiệm cận 0 đồng, ví dụ như ứng dụng tính năng chấm điểm trên Google map.\nChương 6: TRÁNH XA NHỮNG CHIẾC BẪY MARKETING\nĐôi khi, marketing cũng giống như một cô gái đẹp biết cách thả mồi, giăng bẫy. Có những chiến lược, phương thức marketing thoạt nhìn rất chỉn chu, hoành tráng, nhưng cuối cùng lại không tạo được doanh thu. Có những chiếc bẫy đến từ ngoại cảnh, lại có những chiếc bẫy ở bên trong do chính chủ doanh nghiệp vô tình sắp đặt cho mình. Để né bẫy, chủ doanh nghiệp phải gọi tên được chúng, từ đó lách mình đi qua từng vật cản, để có thể thực sự ứng dụng tiếp thị nhằm thúc đẩy kinh doanh.\nChương 7: BỐN XU HƯỚNG MARKETING BẠN ĐỪNG BỎ LỠ\nCác xu hướng Marketing như KOL/KOC, livestream, video ngắn và trí tuệ nhân tạo sẽ tiếp tục “phá đảo” ngành kinh doanh bán lẻ. Chủ doanh nghiệp không nên bỏ lỡ bất kỳ một xu hướng nào. Bởi lẽ, những hình thức Marketing kể trên hoàn toàn có thể thực hiện được với chi phí vừa phải, nhưng mang lại hiệu quả bất ngờ.\nVới KOL/KOC, tác giả không khuyên chủ doanh nghiệp phải thuê những người nổi tiếng, đắt đỏ. Tác giả hướng dẫn phương pháp từ A-Z, giúp chủ doanh nghiệp và nhân viên phát triển thành một người có tiếng nói, có tầm ảnh hưởng để phục vụ mục đích bán hàng.\nChương 8: BÍ MẬT BÙNG NỔ DOANH SỐ\nSau một đêm, chủ doanh nghiệp có thể đạt hàng nghìn đơn hàng nếu biết ứng dụng Affiliate Marketing (tiếp thị liên kết). Tác giả chia sẻ mẹo ứng dụng tiếp thị liên kết là tìm sản phẩm WIN, tức là sản phẩm chỉ cần gắn đường link là đã có thể ngay lập tức nổ đơn hàng.\nTất nhiên, người kinh doanh không thể chỉ dựa vào phút huy hoàng vụt sáng, không phải bùng nổ một lần rồi sủi bọt, mất tăm. Sự bùng nổ chỉ có ý nghĩa khi được cộng hưởng cùng một hành trình phát triển lâu dài. Nhờ công thức doanh số, chủ doanh nghiệp có thể khám phá vấn đề doanh nghiệp đang gặp phải, từ đây, phát triển chiến lược tiếp thị phù hợp, hỗ trợ cho những lần tăng trưởng đột biến tiếp theo.\n\n#marketingbanle #tiepthibanle #tiepthi #marketing #marketingchonhaquanly #nhaquanly #doanhso #loinhuan #quangcaoonline #online #tinhgon\n#tiepthihieuqua #kinhdoanhbanle #tangdoanhthu #xuhuongtiepthi #khachhangmuctieu #phattrienthuonghieu #xuhuongKOL #xuhuongKOC #trituenhantao #sangtaonoidung #chatGPT\n\n\n\nGiá sản phẩm trên Tiki đã bao gồm thuế theo luật hiện hành. Bên cạnh đó, tuỳ vào loại sản phẩm, hình thức và địa chỉ giao hàng mà có thể phát sinh thêm chi phí khác như phí vận chuyển, phụ phí hàng cồng kềnh, thuế nhập khẩu (đối với đơn hàng giao từ nước ngoài có giá trị trên 1 triệu đồng).....",
    "rating": {
        "totalRating": 4.9,
        "numberOfRating": 7
    },
    "reviews": [
        {
            "reviewer": {
                "name": "Hà Trương",
                "date": "Đã tham gia 9 năm",
                "reviewCount": "88 Đánh giá",
                "likedCount": "129 Lượt cảm ơn"
            },
            "review": {
                "rating": 5,
                "title": "Cực kì hài lòng",
                "content": "Nhiều chiến lược marketing đơn giản. Thích cái cách tác giả kể chuyện, đúng chất miền tây. Mình thích đọc mấy cuốn mà có ví dụ tại việt nam như vầy, áp dụng được luôn"
            }
        },
        {
            "reviewer": {
                "name": "Ngọc Trân",
                "date": "Đã tham gia 12 năm",
                "reviewCount": "4 Đánh giá",
                "likedCount": "2 Lượt cảm ơn"
            },
            "review": {
                "rating": 5,
                "title": "Cực kì hài lòng",
                "content": "Sách có nhiều bí kíp mà thông thường, lăn lội trên thị trường bán lẻ người ta mới nhận ra. Nên mn có thể cân nhắc mua sách để rút ngắn được thời gian \"thực hành\" trên thị trường"
            }
        },
        {
            "reviewer": {
                "name": "Sang Le phu",
                "date": "Đã tham gia 6 năm",
                "reviewCount": "7 Đánh giá",
                "likedCount": "1 Lượt cảm ơn"
            },
            "review": {
                "rating": 5,
                "title": "Cực kì hài lòng",
                "content": "Học được khá nhiều chiến lược marketing đơn giản. Tâm đắc ý tưởng sáng tạo 100 nội dung cho một đối tượng khách hàng. Sẽ cố gắng đọc hết và review tiếp cho mọi người"
            }
        },
        {
            "reviewer": {
                "name": "Nguyễn Minh Tuấn",
                "date": "Đã tham gia 5 tháng",
                "reviewCount": "12 Đánh giá",
                "likedCount": "1 Lượt cảm ơn"
            },
            "review": {
                "rating": 5,
                "title": "Cực kì hài lòng",
                "content": "Giao hàng nhanh gọn"
            }
        },
        {
            "reviewer": {
                "name": "Hui Wang",
                "date": "Đã tham gia 7 năm",
                "reviewCount": "20 Đánh giá",
                "likedCount": "0 Lượt cảm ơn"
            },
            "review": {
                "rating": 5,
                "title": "Cực kì hài lòng",
                "content": ""
            }
        }
    ]
}