{
    "url": "https://tiki.vn/mba-bang-hinh-tron-goi-hai-nam-kien-thuc-quan-tri-kinh-doanh-qua-truc-quan-sinh-dong-p272000024.html?spid=272000026",
    "info": {
        "title": "MBA bằng hình (Trọn gói hai năm kiến thức quản trị kinh doanh qua trực quan sinh động)",
        "author": "Jason Barron,",
        "imageUrl": "https://salt.tikicdn.com/cache/750x750/ts/product/3e/25/3a/1e6bc9998b75b3345a4c38dd93bbbe16.jpg.webp",
        "soldQuantity": 4000,
        "currentPrice": 146000,
        "originalPrice": 189000
    },
    "details": {
        "publisher": "Nhã Nam",
        "publishDate": "2023-08-24 00:00:00",
        "dimensions": "15 x 24 cm",
        "translator": "Bùi Thu Hà",
        "coverType": "Bìa mềm",
        "pageCount": "207",
        "publishingHouse": "Nhà Xuất Bản Công Thương"
    },
    "description": "Jason Barron, MBA, là một nhà lãnh đạo đầy sáng tạo tập trung vào chiến lược sản phẩm số và trải nghiệm người dùng. Ông cũng là đồng sự sáng lập nên công ty khởi nghiệp LowestMed, vốn được RetailMeNot thâu tóm vào năm 2018, và hiện nay đang làm quản lý cấp cao cho một tổ chức phi lợi nhuận lớn chuyên về các sản phẩm số cung cấp cho hàng triệu người dùng trên khắp thế giới.\nÔng nhận bằng cử nhân từ Đại học Southern Virginia năm 2007 và bằng Thạc sĩ Quản trị Kinh doanh từ Đại học Brigham Young vào năm 2017.\nHiện tại Jason đang sống gần Salt Lake City, Utah, với vợ và năm người con. Tìm hiểu thêm về Jason tại địa chỉ\nJason Barron mang lại cái nhìn cận cảnh về cấu trúc của khóa học MBA trong trường kinh doanh thông qua những ghi chép trực quan trong một cuốn sách đầy những minh họa lôi cuốn và dễ tiếp thu. Nhờ đó bạn đọc có thể dễ dàng hiểu được những khái niệm quan trọng như:\nKế toán quản trị là gì?\nLàm sao để hoạch định tài chính khởi nghiệp?\nNên lập chiến lược kinh doanh và quản trị doanh nghiệp khởi nghiệp như thế nào?\nTài chính doanh nghiệp là gì và làm sao để phân bổ nó hiệu quả?\n\nDù bạn đang tính chuyện thi vào trường kinh doanh, hay hiện đang là sinh viên đại học chuyên ngành tài chính, hoặc là người trước nay luôn tự hỏi rốt cuộc người ta dạy cái gì trong chương trình MBA, đây chắc hẳn là một cuốn sách đầy lý thú và trực quan dành cho bạn.\nGiá sản phẩm trên Tiki đã bao gồm thuế theo luật hiện hành. Bên cạnh đó, tuỳ vào loại sản phẩm, hình thức và địa chỉ giao hàng mà có thể phát sinh thêm chi phí khác như phí vận chuyển, phụ phí hàng cồng kềnh, thuế nhập khẩu (đối với đơn hàng giao từ nước ngoài có giá trị trên 1 triệu đồng).....",
    "rating": {
        "totalRating": 4.9,
        "numberOfRating": 210
    },
    "reviews": [
        {
            "reviewer": {
                "name": "O T I S",
                "date": "Đã tham gia 6 năm",
                "reviewCount": "14 Đánh giá",
                "likedCount": "76 Lượt cảm ơn"
            },
            "review": {
                "rating": 5,
                "title": "Cực kì hài lòng",
                "content": "Nội dung đúc rút ngắn gọn, súc tích dễ tiếp cận và dễ ghi nhớ, tôi đã có bằng MBA tuy nhiên nhiều kiến thức dễ bị quên, quyển sách này giúp tôi tra cứu lại 1 cách nhanh và gọn.\r\n\r\nSách in chất lượng tốt, sắc nét rõ ràng, dễ đọc.\r\n\r\nSách chính hãng."
            }
        },
        {
            "reviewer": {
                "name": "Duy Khoi",
                "date": "Đã tham gia 5 năm",
                "reviewCount": "9 Đánh giá",
                "likedCount": "18 Lượt cảm ơn"
            },
            "review": {
                "rating": 5,
                "title": "Cực kì hài lòng",
                "content": "Tiki đóng sách bằng túi chống sốc nhìn rất chỉn chu, đẹp mắt, bóc lấy sản phẩm cũng tiện. Sách thì tổng hợp kiến thức và truyền tải kiến thức qua hình ảnh. Dễ đọc và có cái nhìn toàn cảnh về lĩnh vực nhưng muốn tìm hiểu chi tiết thì cuốn sách không phải là một sự lựa chọn."
            }
        },
        {
            "reviewer": {
                "name": "Tuyet Trinh",
                "date": "Đã tham gia 6 năm",
                "reviewCount": "26 Đánh giá",
                "likedCount": "8 Lượt cảm ơn"
            },
            "review": {
                "rating": 5,
                "title": "Cực kì hài lòng",
                "content": "Giao hàng nhanh, đóng gói cẩn thận, sách đẹp cực, nhiều hình ảnh sống động, làm việc đọc trở nên thú vị và dễ hiểu, dễ nhớ hơn. Giá lại mềm, nên mình rất hài lòng, và sẽ tiếp tục ủng hộ shop"
            }
        },
        {
            "reviewer": {
                "name": "Tú Lê",
                "date": "Đã tham gia 6 năm",
                "reviewCount": "6 Đánh giá",
                "likedCount": "1 Lượt cảm ơn"
            },
            "review": {
                "rating": 5,
                "title": "Cực kì hài lòng",
                "content": "Chất liệu giấy cực tốt \r\nHình ảnh sinh động, dễ hình dung\r\nNội dung dễ hiểu \r\nMột cuốn sách chất lượng về nội dung, cần phải được đọc nghiền ngẫm."
            }
        },
        {
            "reviewer": {
                "name": "Nguyễn Đặng Thanh Hằng",
                "date": "Đã tham gia 7 năm",
                "reviewCount": "9 Đánh giá",
                "likedCount": "0 Lượt cảm ơn"
            },
            "review": {
                "rating": 5,
                "title": "Cực kì hài lòng",
                "content": "Sách hay, bìa đẹp, hình ảnh đẹp, bắt mắt. Tóm gọn kiến thức dưới dạng hình ảnh rất sôi động nhưng chỉ là cuốn tham khảo thêm thôi chứ không hàm ý hết kiến thức MBA được đâu (dưới góc nhìn của dân chuyên ngành). Rất phù hợp để mua cho những bạn quan tâm đến ngành này hoặc những bạn muốn ôn lại kiến thức cơ bản"
            }
        },
        {
            "reviewer": {
                "name": "Nguyễn Phương Anh",
                "date": "Đã tham gia 9 năm",
                "reviewCount": "413 Đánh giá",
                "likedCount": "374 Lượt cảm ơn"
            },
            "review": {
                "rating": 5,
                "title": "Cực kì hài lòng",
                "content": "Hài lòng, sách dày dặn cứng cáp bọc nilon cẩn thận, giảm giá sâu, giao hàng tiki now nhanh"
            }
        },
        {
            "reviewer": {
                "name": "Nguyễn Hoài Thanh",
                "date": "Đã tham gia 10 năm",
                "reviewCount": "1 Đánh giá",
                "likedCount": "1 Lượt cảm ơn"
            },
            "review": {
                "rating": 5,
                "title": "Cực kì hài lòng",
                "content": "Chưa đọc kĩ nội dung nhưng sơ qua thì đây là một cuốn sách khá thú vị, nhiều hình ảnh, mô tả và câu từ dễ hiểu"
            }
        },
        {
            "reviewer": {
                "name": "Đoàn Quang Vinh",
                "date": "Đã tham gia 6 năm",
                "reviewCount": "6 Đánh giá",
                "likedCount": "2 Lượt cảm ơn"
            },
            "review": {
                "rating": 5,
                "title": "Cực kì hài lòng",
                "content": "Mọi thứ ok, chưa đọc nên chưa đánh giá nội dung, nhung về sách thì ok."
            }
        },
        {
            "reviewer": {
                "name": "Ái Nhi",
                "date": "Đã tham gia 8 năm",
                "reviewCount": "15 Đánh giá",
                "likedCount": "0 Lượt cảm ơn"
            },
            "review": {
                "rating": 5,
                "title": "Cực kì hài lòng",
                "content": "Sách minh hoạ đẹp, nó giống như recap lại 4 năm học qtkd nhưng recap đỉnh chính và ý nhỏ hoi, ko chuyên sâu"
            }
        },
        {
            "reviewer": {
                "name": "Nguyen Quynh Trinh",
                "date": "Đã tham gia 2 năm",
                "reviewCount": "1 Đánh giá",
                "likedCount": "0 Lượt cảm ơn"
            },
            "review": {
                "rating": 5,
                "title": "Cực kì hài lòng",
                "content": "Giấy đẹp nhen, giao khá nhanh, lần đầu mua đồ ở Tiki, khá ưng ý ạaa"
            }
        },
        {
            "reviewer": {
                "name": "Du Tuan Anh",
                "date": "Đã tham gia 5 năm",
                "reviewCount": "18 Đánh giá",
                "likedCount": "0 Lượt cảm ơn"
            },
            "review": {
                "rating": 5,
                "title": "Cực kì hài lòng",
                "content": "sách rất hay, nhưng bạn nên hoàn thành chương trình cử nhân quản trị kinh doanh rồi hãy đọc."
            }
        },
        {
            "reviewer": {
                "name": "Phan Thanh Hùng",
                "date": "Đã tham gia 6 năm",
                "reviewCount": "14 Đánh giá",
                "likedCount": "3 Lượt cảm ơn"
            },
            "review": {
                "rating": 5,
                "title": "Cực kì hài lòng",
                "content": "Tiki giao quá nhanh, dự kiến 07/09 mà nay 05/09 đã nhận được rồi"
            }
        },
        {
            "reviewer": {
                "name": "Nguyễn Ngọc Kim Ngân",
                "date": "Đã tham gia 6 năm",
                "reviewCount": "7 Đánh giá",
                "likedCount": "1 Lượt cảm ơn"
            },
            "review": {
                "rating": 5,
                "title": "Cực kì hài lòng",
                "content": "Sách của Tiki thì khỏi phải bàn rùi, sách mới thẳng thóm, đóng gói kĩ, book care siêu ưngg"
            }
        },
        {
            "reviewer": {
                "name": "Trương Đức Văn",
                "date": "Đã tham gia 1 năm",
                "reviewCount": "1 Đánh giá",
                "likedCount": "0 Lượt cảm ơn"
            },
            "review": {
                "rating": 5,
                "title": "Cực kì hài lòng",
                "content": "Vì là người Việt nên luôn ủng hộ tiki, tuy nhiên thì nên giao đúng thời gian ghi trong hệ thống. \r\nTại giao trễ hơn sẽ gây ra sự hụt hẫng cho khách hàng"
            }
        },
        {
            "reviewer": {
                "name": "TRẦN MINH TUẤN",
                "date": "Đã tham gia 6 năm",
                "reviewCount": "181 Đánh giá",
                "likedCount": "38 Lượt cảm ơn"
            },
            "review": {
                "rating": 5,
                "title": "Cực kì hài lòng",
                "content": "Giấy tốt, trình bày đẹp, dễ hiểu."
            }
        },
        {
            "reviewer": {
                "name": "Nguyen Tay Nguyen",
                "date": "Đã tham gia 8 năm",
                "reviewCount": "89 Đánh giá",
                "likedCount": "24 Lượt cảm ơn"
            },
            "review": {
                "rating": 5,
                "title": "Cực kì hài lòng",
                "content": "Sách đẹp, giấy dày, có bọc cover. Nội dung trình bay bắt mắt dễ hiểu"
            }
        },
        {
            "reviewer": {
                "name": "Đoan Chiêu",
                "date": "Đã tham gia 4 năm",
                "reviewCount": "23 Đánh giá",
                "likedCount": "3 Lượt cảm ơn"
            },
            "review": {
                "rating": 5,
                "title": "Cực kì hài lòng",
                "content": "Lần này mua sách tuyệt vời hơn ông mặt trời. Săn được giờ sale rẻ, mà sách ship về đẹp ko tỳ vết nha."
            }
        },
        {
            "reviewer": {
                "name": "Anh Tuấn",
                "date": "Đã tham gia 6 năm",
                "reviewCount": "2 Đánh giá",
                "likedCount": "0 Lượt cảm ơn"
            },
            "review": {
                "rating": 5,
                "title": "Cực kì hài lòng",
                "content": "Giao hàng nhanh, đóng gói đẹp và cẩn thận. 10 điểm ;-)"
            }
        },
        {
            "reviewer": {
                "name": "Phạm Thị Mỹ Hạnh",
                "date": "Đã tham gia 9 năm",
                "reviewCount": "2 Đánh giá",
                "likedCount": "0 Lượt cảm ơn"
            },
            "review": {
                "rating": 1,
                "title": "Rất không hài lòng",
                "content": "Thực sự thất vọng! sách bị rách, dấu dán rõ ràng. \r\nBìa bọc sách cắt cẩu thả, k thẳng thóm. Ngoài ra phía sau thì bị rách luôn, nhận hàng sách 1 nơi bìa 1 nẻo. \r\nĐề nghị bên bán/tiki hỗ trợ xử lý giúp mình vấn đề này gấp!!! \r\nSách đem đi tặng mà nhìn hoảng hồn."
            }
        },
        {
            "reviewer": {
                "name": "Anh Cuong",
                "date": "Đã tham gia 3 năm",
                "reviewCount": "1 Đánh giá",
                "likedCount": "0 Lượt cảm ơn"
            },
            "review": {
                "rating": 5,
                "title": "Cực kì hài lòng",
                "content": "Sách hayyy thật sự. Cảm giác như 4 năm học bằng MBA nhập hết vào người luôn."
            }
        },
        {
            "reviewer": {
                "name": "Trần Ngọc Nguyên",
                "date": "Đã tham gia 2 năm",
                "reviewCount": "1 Đánh giá",
                "likedCount": "0 Lượt cảm ơn"
            },
            "review": {
                "rating": 5,
                "title": "Cực kì hài lòng",
                "content": "Đóng gói cẩn thận đúng hàng chính hãng"
            }
        },
        {
            "reviewer": {
                "name": "Mỹ Hạnh",
                "date": "Đã tham gia 8 năm",
                "reviewCount": "47 Đánh giá",
                "likedCount": "0 Lượt cảm ơn"
            },
            "review": {
                "rating": 5,
                "title": "Cực kì hài lòng",
                "content": "Minh hoạ ok, kiến thức chắt lọc, sách rất phù hợp cho beginner ah"
            }
        },
        {
            "reviewer": {
                "name": "Cao Ngọc Rin",
                "date": "Đã tham gia 8 năm",
                "reviewCount": "12 Đánh giá",
                "likedCount": "1 Lượt cảm ơn"
            },
            "review": {
                "rating": 5,
                "title": "Cực kì hài lòng",
                "content": "Sách đẹp lắm ah, chất lượng giấy rất tốt"
            }
        },
        {
            "reviewer": {
                "name": "Apple User",
                "date": "Đã tham gia 1 năm",
                "reviewCount": "1 Đánh giá",
                "likedCount": "0 Lượt cảm ơn"
            },
            "review": {
                "rating": 5,
                "title": "Cực kì hài lòng",
                "content": "Ổn"
            }
        },
        {
            "reviewer": {
                "name": "Nguyễn Đức Hậu",
                "date": "Đã tham gia 5 năm",
                "reviewCount": "9 Đánh giá",
                "likedCount": "1 Lượt cảm ơn"
            },
            "review": {
                "rating": 5,
                "title": "Cực kì hài lòng",
                "content": "Sách hay, giao hàng nhanh , đóng gói cẩn thận."
            }
        },
        {
            "reviewer": {
                "name": "Đặng Vân Ngọc Thông",
                "date": "Đã tham gia 5 năm",
                "reviewCount": "16 Đánh giá",
                "likedCount": "2 Lượt cảm ơn"
            },
            "review": {
                "rating": 5,
                "title": "Cực kì hài lòng",
                "content": "Sách đọc oke. Hình ảnh tuy ít nhưng cũng dễ nhớ"
            }
        },
        {
            "reviewer": {
                "name": "Trần Thị Hiền",
                "date": "Đã tham gia 9 năm",
                "reviewCount": "1 Đánh giá",
                "likedCount": "0 Lượt cảm ơn"
            },
            "review": {
                "rating": 5,
                "title": "Cực kì hài lòng",
                "content": "Sách trực quan và thú vị. Dịch vụ Tiki tốt!"
            }
        },
        {
            "reviewer": {
                "name": "Nguyễn Đức Toàn",
                "date": "Đã tham gia 1 năm",
                "reviewCount": "18 Đánh giá",
                "likedCount": "0 Lượt cảm ơn"
            },
            "review": {
                "rating": 5,
                "title": "Cực kì hài lòng",
                "content": ""
            }
        },
        {
            "reviewer": {
                "name": "Phương Nguyễn Minh",
                "date": "Đã tham gia 7 năm",
                "reviewCount": "23 Đánh giá",
                "likedCount": "0 Lượt cảm ơn"
            },
            "review": {
                "rating": 5,
                "title": "Cực kì hài lòng",
                "content": ""
            }
        },
        {
            "reviewer": {
                "name": "Ngoc Nguyen",
                "date": "Đã tham gia 3 năm",
                "reviewCount": "21 Đánh giá",
                "likedCount": "2 Lượt cảm ơn"
            },
            "review": {
                "rating": 5,
                "title": "Cực kì hài lòng",
                "content": ""
            }
        },
        {
            "reviewer": {
                "name": "Đỗ Hoàng Anh",
                "date": "Đã tham gia 2 năm",
                "reviewCount": "57 Đánh giá",
                "likedCount": "0 Lượt cảm ơn"
            },
            "review": {
                "rating": 5,
                "title": "Cực kì hài lòng",
                "content": ""
            }
        },
        {
            "reviewer": {
                "name": "Mộc Trà",
                "date": "Đã tham gia 2 năm",
                "reviewCount": "38 Đánh giá",
                "likedCount": "1 Lượt cảm ơn"
            },
            "review": {
                "rating": 5,
                "title": "Cực kì hài lòng",
                "content": ""
            }
        },
        {
            "reviewer": {
                "name": "Hoa Tâm",
                "date": "Đã tham gia 8 năm",
                "reviewCount": "39 Đánh giá",
                "likedCount": "0 Lượt cảm ơn"
            },
            "review": {
                "rating": 5,
                "title": "Cực kì hài lòng",
                "content": ""
            }
        },
        {
            "reviewer": {
                "name": "Phong Trieu Chau",
                "date": "Đã tham gia 5 năm",
                "reviewCount": "6 Đánh giá",
                "likedCount": "0 Lượt cảm ơn"
            },
            "review": {
                "rating": 5,
                "title": "Cực kì hài lòng",
                "content": ""
            }
        },
        {
            "reviewer": {
                "name": "Lê Thị Thu Hiền",
                "date": "Đã tham gia 6 năm",
                "reviewCount": "118 Đánh giá",
                "likedCount": "9 Lượt cảm ơn"
            },
            "review": {
                "rating": 5,
                "title": "Cực kì hài lòng",
                "content": ""
            }
        },
        {
            "reviewer": {
                "name": "Huynh Co",
                "date": "Đã tham gia 5 năm",
                "reviewCount": "5 Đánh giá",
                "likedCount": "0 Lượt cảm ơn"
            },
            "review": {
                "rating": 5,
                "title": "Cực kì hài lòng",
                "content": "Hay"
            }
        },
        {
            "reviewer": {
                "name": "lưu văn Thành",
                "date": "Đã tham gia 3 năm",
                "reviewCount": "21 Đánh giá",
                "likedCount": "0 Lượt cảm ơn"
            },
            "review": {
                "rating": 5,
                "title": "Cực kì hài lòng",
                "content": ""
            }
        },
        {
            "reviewer": {
                "name": "Mai Duy Linh",
                "date": "Đã tham gia 7 năm",
                "reviewCount": "3 Đánh giá",
                "likedCount": "0 Lượt cảm ơn"
            },
            "review": {
                "rating": 5,
                "title": "Cực kì hài lòng",
                "content": "sách chất lượng nhé"
            }
        },
        {
            "reviewer": {
                "name": "Hiếu Trần",
                "date": "Đã tham gia 4 năm",
                "reviewCount": "6 Đánh giá",
                "likedCount": "0 Lượt cảm ơn"
            },
            "review": {
                "rating": 5,
                "title": "Cực kì hài lòng",
                "content": ""
            }
        },
        {
            "reviewer": {
                "name": "Nguyễn Thư",
                "date": "Đã tham gia 1 năm",
                "reviewCount": "4 Đánh giá",
                "likedCount": "0 Lượt cảm ơn"
            },
            "review": {
                "rating": 5,
                "title": "Cực kì hài lòng",
                "content": ""
            }
        },
        {
            "reviewer": {
                "name": "Nguyễn Trần Huy",
                "date": "Đã tham gia 4 năm",
                "reviewCount": "16 Đánh giá",
                "likedCount": "0 Lượt cảm ơn"
            },
            "review": {
                "rating": 5,
                "title": "Cực kì hài lòng",
                "content": ""
            }
        },
        {
            "reviewer": {
                "name": "Nguyễn  Hiền",
                "date": "Đã tham gia 12 năm",
                "reviewCount": "9 Đánh giá",
                "likedCount": "1 Lượt cảm ơn"
            },
            "review": {
                "rating": 5,
                "title": "Cực kì hài lòng",
                "content": ""
            }
        },
        {
            "reviewer": {
                "name": "Tran Van Chung",
                "date": "Đã tham gia 6 năm",
                "reviewCount": "23 Đánh giá",
                "likedCount": "0 Lượt cảm ơn"
            },
            "review": {
                "rating": 5,
                "title": "Cực kì hài lòng",
                "content": ""
            }
        },
        {
            "reviewer": {
                "name": "Hoàng Đăng Khoa",
                "date": "Đã tham gia 8 năm",
                "reviewCount": "51 Đánh giá",
                "likedCount": "0 Lượt cảm ơn"
            },
            "review": {
                "rating": 5,
                "title": "Cực kì hài lòng",
                "content": ""
            }
        },
        {
            "reviewer": {
                "name": "Đặng Văn Thành",
                "date": "Đã tham gia 4 năm",
                "reviewCount": "154 Đánh giá",
                "likedCount": "5 Lượt cảm ơn"
            },
            "review": {
                "rating": 5,
                "title": "Cực kì hài lòng",
                "content": ""
            }
        },
        {
            "reviewer": {
                "name": "Trường Nguyễn",
                "date": "Đã tham gia 7 năm",
                "reviewCount": "37 Đánh giá",
                "likedCount": "1 Lượt cảm ơn"
            },
            "review": {
                "rating": 5,
                "title": "Cực kì hài lòng",
                "content": ""
            }
        },
        {
            "reviewer": {
                "name": "Nguyễn Quang Minh",
                "date": "Đã tham gia 6 năm",
                "reviewCount": "17 Đánh giá",
                "likedCount": "14 Lượt cảm ơn"
            },
            "review": {
                "rating": 5,
                "title": "Cực kì hài lòng",
                "content": "Sách hay, giao nhanh đóng gói cẩn thận"
            }
        },
        {
            "reviewer": {
                "name": "Bảo Hoàng",
                "date": "Đã tham gia 3 năm",
                "reviewCount": "10 Đánh giá",
                "likedCount": "0 Lượt cảm ơn"
            },
            "review": {
                "rating": 5,
                "title": "Cực kì hài lòng",
                "content": ""
            }
        },
        {
            "reviewer": {
                "name": "Ánh Tuyết",
                "date": "Đã tham gia 4 năm",
                "reviewCount": "15 Đánh giá",
                "likedCount": "1 Lượt cảm ơn"
            },
            "review": {
                "rating": 5,
                "title": "Cực kì hài lòng",
                "content": ""
            }
        },
        {
            "reviewer": {
                "name": "Hương Đoàn",
                "date": "Đã tham gia 6 năm",
                "reviewCount": "20 Đánh giá",
                "likedCount": "0 Lượt cảm ơn"
            },
            "review": {
                "rating": 5,
                "title": "Cực kì hài lòng",
                "content": ""
            }
        },
        {
            "reviewer": {
                "name": "Lê Minh Thuận",
                "date": "Đã tham gia 3 năm",
                "reviewCount": "47 Đánh giá",
                "likedCount": "0 Lượt cảm ơn"
            },
            "review": {
                "rating": 5,
                "title": "Cực kì hài lòng",
                "content": ""
            }
        },
        {
            "reviewer": {
                "name": "Vũ Đức Hùng",
                "date": "Đã tham gia 12 năm",
                "reviewCount": "56 Đánh giá",
                "likedCount": "12 Lượt cảm ơn"
            },
            "review": {
                "rating": 5,
                "title": "Cực kì hài lòng",
                "content": ""
            }
        },
        {
            "reviewer": {
                "name": "Nguyễn Ngọc Tuấn",
                "date": "Đã tham gia 6 năm",
                "reviewCount": "1 Đánh giá",
                "likedCount": "0 Lượt cảm ơn"
            },
            "review": {
                "rating": 5,
                "title": "Cực kì hài lòng",
                "content": ""
            }
        },
        {
            "reviewer": {
                "name": "PHAN VĂN HIỆP",
                "date": "Đã tham gia 7 năm",
                "reviewCount": "79 Đánh giá",
                "likedCount": "15 Lượt cảm ơn"
            },
            "review": {
                "rating": 5,
                "title": "Cực kì hài lòng",
                "content": ""
            }
        },
        {
            "reviewer": {
                "name": "Nguyễn Ngân",
                "date": "Đã tham gia 13 năm",
                "reviewCount": "12 Đánh giá",
                "likedCount": "0 Lượt cảm ơn"
            },
            "review": {
                "rating": 5,
                "title": "Cực kì hài lòng",
                "content": ""
            }
        },
        {
            "reviewer": {
                "name": "Nguyễn minh tuấn",
                "date": "Đã tham gia 4 năm",
                "reviewCount": "3 Đánh giá",
                "likedCount": "0 Lượt cảm ơn"
            },
            "review": {
                "rating": 5,
                "title": "Cực kì hài lòng",
                "content": ""
            }
        },
        {
            "reviewer": {
                "name": "Nguyễn Tiến Lâm",
                "date": "Đã tham gia 7 năm",
                "reviewCount": "20 Đánh giá",
                "likedCount": "0 Lượt cảm ơn"
            },
            "review": {
                "rating": 5,
                "title": "Cực kì hài lòng",
                "content": ""
            }
        },
        {
            "reviewer": {
                "name": "Alexander J",
                "date": "Đã tham gia 12 năm",
                "reviewCount": "9 Đánh giá",
                "likedCount": "0 Lượt cảm ơn"
            },
            "review": {
                "rating": 5,
                "title": "Cực kì hài lòng",
                "content": ""
            }
        },
        {
            "reviewer": {
                "name": "Mai Linh",
                "date": "Đã tham gia 13 năm",
                "reviewCount": "87 Đánh giá",
                "likedCount": "0 Lượt cảm ơn"
            },
            "review": {
                "rating": 5,
                "title": "Cực kì hài lòng",
                "content": ""
            }
        },
        {
            "reviewer": {
                "name": "Nguyễn Châu",
                "date": "Đã tham gia 11 năm",
                "reviewCount": "146 Đánh giá",
                "likedCount": "15 Lượt cảm ơn"
            },
            "review": {
                "rating": 5,
                "title": "Cực kì hài lòng",
                "content": ""
            }
        },
        {
            "reviewer": {
                "name": "Huỳnh Thành Đạt",
                "date": "Đã tham gia 1 năm",
                "reviewCount": "2 Đánh giá",
                "likedCount": "0 Lượt cảm ơn"
            },
            "review": {
                "rating": 5,
                "title": "Cực kì hài lòng",
                "content": ""
            }
        },
        {
            "reviewer": {
                "name": "Thanh Giáp",
                "date": "Đã tham gia 3 năm",
                "reviewCount": "17 Đánh giá",
                "likedCount": "2 Lượt cảm ơn"
            },
            "review": {
                "rating": 5,
                "title": "Cực kì hài lòng",
                "content": ""
            }
        },
        {
            "reviewer": {
                "name": "Andrey Nguyen",
                "date": "Đã tham gia 7 năm",
                "reviewCount": "26 Đánh giá",
                "likedCount": "9 Lượt cảm ơn"
            },
            "review": {
                "rating": 5,
                "title": "Cực kì hài lòng",
                "content": ""
            }
        },
        {
            "reviewer": {
                "name": "Hồ Bảo Ngọc",
                "date": "Đã tham gia 3 năm",
                "reviewCount": "7 Đánh giá",
                "likedCount": "0 Lượt cảm ơn"
            },
            "review": {
                "rating": 5,
                "title": "Cực kì hài lòng",
                "content": ""
            }
        },
        {
            "reviewer": {
                "name": "Hien Lam",
                "date": "Đã tham gia 6 năm",
                "reviewCount": "5 Đánh giá",
                "likedCount": "0 Lượt cảm ơn"
            },
            "review": {
                "rating": 5,
                "title": "Cực kì hài lòng",
                "content": "Tốt"
            }
        },
        {
            "reviewer": {
                "name": "THAI THANH VI",
                "date": "Đã tham gia 6 năm",
                "reviewCount": "167 Đánh giá",
                "likedCount": "11 Lượt cảm ơn"
            },
            "review": {
                "rating": 5,
                "title": "Cực kì hài lòng",
                "content": "Cảm ơn !"
            }
        },
        {
            "reviewer": {
                "name": "Bùi Hưng",
                "date": "Đã tham gia 5 năm",
                "reviewCount": "2 Đánh giá",
                "likedCount": "0 Lượt cảm ơn"
            },
            "review": {
                "rating": 5,
                "title": "Cực kì hài lòng",
                "content": "Sách đẹp nha"
            }
        },
        {
            "reviewer": {
                "name": "Lê Minh Tuấn",
                "date": "Đã tham gia 6 năm",
                "reviewCount": "10 Đánh giá",
                "likedCount": "0 Lượt cảm ơn"
            },
            "review": {
                "rating": 5,
                "title": "Cực kì hài lòng",
                "content": ""
            }
        },
        {
            "reviewer": {
                "name": "Nhật Đỗ",
                "date": "Đã tham gia 9 năm",
                "reviewCount": "27 Đánh giá",
                "likedCount": "7 Lượt cảm ơn"
            },
            "review": {
                "rating": 5,
                "title": "Cực kì hài lòng",
                "content": ""
            }
        },
        {
            "reviewer": {
                "name": "Apple User",
                "date": "Đã tham gia 2 năm",
                "reviewCount": "2 Đánh giá",
                "likedCount": "0 Lượt cảm ơn"
            },
            "review": {
                "rating": 5,
                "title": "Cực kì hài lòng",
                "content": ""
            }
        },
        {
            "reviewer": {
                "name": "Minh Ngọc",
                "date": "Đã tham gia 1 năm",
                "reviewCount": "5 Đánh giá",
                "likedCount": "0 Lượt cảm ơn"
            },
            "review": {
                "rating": 5,
                "title": "Cực kì hài lòng",
                "content": ""
            }
        },
        {
            "reviewer": {
                "name": "Vân anh trần",
                "date": "Đã tham gia 5 năm",
                "reviewCount": "30 Đánh giá",
                "likedCount": "4 Lượt cảm ơn"
            },
            "review": {
                "rating": 5,
                "title": "Cực kì hài lòng",
                "content": ""
            }
        },
        {
            "reviewer": {
                "name": "Tín Bạch",
                "date": "Đã tham gia 10 năm",
                "reviewCount": "3 Đánh giá",
                "likedCount": "0 Lượt cảm ơn"
            },
            "review": {
                "rating": 5,
                "title": "Cực kì hài lòng",
                "content": ""
            }
        },
        {
            "reviewer": {
                "name": "Nguyen Quang Huy",
                "date": "Đã tham gia 5 năm",
                "reviewCount": "47 Đánh giá",
                "likedCount": "6 Lượt cảm ơn"
            },
            "review": {
                "rating": 5,
                "title": "Cực kì hài lòng",
                "content": "Sách đẹp, thơm"
            }
        },
        {
            "reviewer": {
                "name": "Nguyen Xuan Thang",
                "date": "Đã tham gia 8 năm",
                "reviewCount": "1 Đánh giá",
                "likedCount": "0 Lượt cảm ơn"
            },
            "review": {
                "rating": 5,
                "title": "Cực kì hài lòng",
                "content": ""
            }
        },
        {
            "reviewer": {
                "name": "Liên Trịnh",
                "date": "Đã tham gia 4 năm",
                "reviewCount": "32 Đánh giá",
                "likedCount": "2 Lượt cảm ơn"
            },
            "review": {
                "rating": 5,
                "title": "Cực kì hài lòng",
                "content": ""
            }
        },
        {
            "reviewer": {
                "name": "Trần Quang Phát",
                "date": "Đã tham gia 9 năm",
                "reviewCount": "307 Đánh giá",
                "likedCount": "14 Lượt cảm ơn"
            },
            "review": {
                "rating": 5,
                "title": "Cực kì hài lòng",
                "content": ""
            }
        },
        {
            "reviewer": {
                "name": "Võ Minh Chánh",
                "date": "Đã tham gia 7 năm",
                "reviewCount": "153 Đánh giá",
                "likedCount": "6 Lượt cảm ơn"
            },
            "review": {
                "rating": 5,
                "title": "Cực kì hài lòng",
                "content": ""
            }
        },
        {
            "reviewer": {
                "name": "Ken Quỳnh",
                "date": "Đã tham gia 5 năm",
                "reviewCount": "8 Đánh giá",
                "likedCount": "0 Lượt cảm ơn"
            },
            "review": {
                "rating": 5,
                "title": "Cực kì hài lòng",
                "content": ""
            }
        },
        {
            "reviewer": {
                "name": "Châu Long",
                "date": "Đã tham gia 6 năm",
                "reviewCount": "10 Đánh giá",
                "likedCount": "3 Lượt cảm ơn"
            },
            "review": {
                "rating": 5,
                "title": "Cực kì hài lòng",
                "content": "Sách cũng OK nha"
            }
        },
        {
            "reviewer": {
                "name": "Tạ Đức Huy",
                "date": "Đã tham gia 6 năm",
                "reviewCount": "27 Đánh giá",
                "likedCount": "10 Lượt cảm ơn"
            },
            "review": {
                "rating": 5,
                "title": "Cực kì hài lòng",
                "content": ""
            }
        },
        {
            "reviewer": {
                "name": "Nguyễn Thành Trí",
                "date": "Đã tham gia 8 năm",
                "reviewCount": "49 Đánh giá",
                "likedCount": "18 Lượt cảm ơn"
            },
            "review": {
                "rating": 5,
                "title": "Cực kì hài lòng",
                "content": ""
            }
        },
        {
            "reviewer": {
                "name": "Thanh Vân",
                "date": "Đã tham gia 5 năm",
                "reviewCount": "10 Đánh giá",
                "likedCount": "0 Lượt cảm ơn"
            },
            "review": {
                "rating": 5,
                "title": "Cực kì hài lòng",
                "content": ""
            }
        },
        {
            "reviewer": {
                "name": "Lê Thuỳ",
                "date": "Đã tham gia 10 năm",
                "reviewCount": "8 Đánh giá",
                "likedCount": "0 Lượt cảm ơn"
            },
            "review": {
                "rating": 5,
                "title": "Cực kì hài lòng",
                "content": ""
            }
        },
        {
            "reviewer": {
                "name": "Le Huy",
                "date": "Đã tham gia 9 năm",
                "reviewCount": "90 Đánh giá",
                "likedCount": "2 Lượt cảm ơn"
            },
            "review": {
                "rating": 5,
                "title": "Cực kì hài lòng",
                "content": ""
            }
        },
        {
            "reviewer": {
                "name": "Cảnh Hyundai An Phú",
                "date": "Đã tham gia 5 năm",
                "reviewCount": "2 Đánh giá",
                "likedCount": "0 Lượt cảm ơn"
            },
            "review": {
                "rating": 5,
                "title": "Cực kì hài lòng",
                "content": ""
            }
        },
        {
            "reviewer": {
                "name": "Yana Nguyễn",
                "date": "Đã tham gia 5 năm",
                "reviewCount": "30 Đánh giá",
                "likedCount": "1 Lượt cảm ơn"
            },
            "review": {
                "rating": 5,
                "title": "Cực kì hài lòng",
                "content": ""
            }
        },
        {
            "reviewer": {
                "name": "Song Phatviet",
                "date": "Đã tham gia 2 năm",
                "reviewCount": "4 Đánh giá",
                "likedCount": "0 Lượt cảm ơn"
            },
            "review": {
                "rating": 5,
                "title": "Cực kì hài lòng",
                "content": ""
            }
        },
        {
            "reviewer": {
                "name": "Nguyễn Hải Quang",
                "date": "Đã tham gia 1 năm",
                "reviewCount": "1 Đánh giá",
                "likedCount": "0 Lượt cảm ơn"
            },
            "review": {
                "rating": 5,
                "title": "Cực kì hài lòng",
                "content": "Okie"
            }
        },
        {
            "reviewer": {
                "name": "Đăng Huy",
                "date": "Đã tham gia 2 năm",
                "reviewCount": "17 Đánh giá",
                "likedCount": "0 Lượt cảm ơn"
            },
            "review": {
                "rating": 5,
                "title": "Cực kì hài lòng",
                "content": ""
            }
        },
        {
            "reviewer": {
                "name": "Phạm Anh",
                "date": "Đã tham gia 11 năm",
                "reviewCount": "114 Đánh giá",
                "likedCount": "7 Lượt cảm ơn"
            },
            "review": {
                "rating": 5,
                "title": "Cực kì hài lòng",
                "content": ""
            }
        },
        {
            "reviewer": {
                "name": "Võ Minh Ngà",
                "date": "Đã tham gia 7 năm",
                "reviewCount": "126 Đánh giá",
                "likedCount": "2 Lượt cảm ơn"
            },
            "review": {
                "rating": 5,
                "title": "Cực kì hài lòng",
                "content": ""
            }
        },
        {
            "reviewer": {
                "name": "Nguyễn Hoàng Diễm",
                "date": "Đã tham gia 7 năm",
                "reviewCount": "3 Đánh giá",
                "likedCount": "4 Lượt cảm ơn"
            },
            "review": {
                "rating": 5,
                "title": "Cực kì hài lòng",
                "content": ""
            }
        },
        {
            "reviewer": {
                "name": "Trương Đức Thắng",
                "date": "Đã tham gia 11 năm",
                "reviewCount": "206 Đánh giá",
                "likedCount": "61 Lượt cảm ơn"
            },
            "review": {
                "rating": 5,
                "title": "Cực kì hài lòng",
                "content": ""
            }
        },
        {
            "reviewer": {
                "name": "Nguyễn văn trường",
                "date": "Đã tham gia 7 năm",
                "reviewCount": "26 Đánh giá",
                "likedCount": "1 Lượt cảm ơn"
            },
            "review": {
                "rating": 5,
                "title": "Cực kì hài lòng",
                "content": "Giao hàng nhanh"
            }
        },
        {
            "reviewer": {
                "name": "Pham Quang Tung",
                "date": "Đã tham gia 7 năm",
                "reviewCount": "11 Đánh giá",
                "likedCount": "0 Lượt cảm ơn"
            },
            "review": {
                "rating": 5,
                "title": "Cực kì hài lòng",
                "content": ""
            }
        },
        {
            "reviewer": {
                "name": "Nguyen Thanh Thi",
                "date": "Đã tham gia 7 năm",
                "reviewCount": "15 Đánh giá",
                "likedCount": "1 Lượt cảm ơn"
            },
            "review": {
                "rating": 5,
                "title": "Cực kì hài lòng",
                "content": ""
            }
        },
        {
            "reviewer": {
                "name": "Hung Anh Nguyễn",
                "date": "Đã tham gia 4 năm",
                "reviewCount": "7 Đánh giá",
                "likedCount": "0 Lượt cảm ơn"
            },
            "review": {
                "rating": 5,
                "title": "Cực kì hài lòng",
                "content": ""
            }
        },
        {
            "reviewer": {
                "name": "NAM Ng",
                "date": "Đã tham gia 5 năm",
                "reviewCount": "147 Đánh giá",
                "likedCount": "2 Lượt cảm ơn"
            },
            "review": {
                "rating": 5,
                "title": "Cực kì hài lòng",
                "content": ""
            }
        },
        {
            "reviewer": {
                "name": "Hung Tran",
                "date": "Đã tham gia 6 năm",
                "reviewCount": "10 Đánh giá",
                "likedCount": "0 Lượt cảm ơn"
            },
            "review": {
                "rating": 5,
                "title": "Cực kì hài lòng",
                "content": ""
            }
        },
        {
            "reviewer": {
                "name": "Đặng Phương Nam",
                "date": "Đã tham gia 3 năm",
                "reviewCount": "3 Đánh giá",
                "likedCount": "0 Lượt cảm ơn"
            },
            "review": {
                "rating": 5,
                "title": "Cực kì hài lòng",
                "content": ""
            }
        },
        {
            "reviewer": {
                "name": "Hoang Phan",
                "date": "Đã tham gia 6 năm",
                "reviewCount": "16 Đánh giá",
                "likedCount": "44 Lượt cảm ơn"
            },
            "review": {
                "rating": 5,
                "title": "Cực kì hài lòng",
                "content": ""
            }
        },
        {
            "reviewer": {
                "name": "Tsubaki Ozora",
                "date": "Đã tham gia 8 năm",
                "reviewCount": "227 Đánh giá",
                "likedCount": "14 Lượt cảm ơn"
            },
            "review": {
                "rating": 5,
                "title": "Cực kì hài lòng",
                "content": ""
            }
        },
        {
            "reviewer": {
                "name": "Mai Hanh",
                "date": "Đã tham gia 6 năm",
                "reviewCount": "1 Đánh giá",
                "likedCount": "0 Lượt cảm ơn"
            },
            "review": {
                "rating": 5,
                "title": "Cực kì hài lòng",
                "content": ""
            }
        },
        {
            "reviewer": {
                "name": "Dương Nguyễn",
                "date": "Đã tham gia 3 năm",
                "reviewCount": "25 Đánh giá",
                "likedCount": "21 Lượt cảm ơn"
            },
            "review": {
                "rating": 5,
                "title": "Cực kì hài lòng",
                "content": ""
            }
        },
        {
            "reviewer": {
                "name": "Ngô Thanh Trường",
                "date": "Đã tham gia 12 năm",
                "reviewCount": "204 Đánh giá",
                "likedCount": "45 Lượt cảm ơn"
            },
            "review": {
                "rating": 5,
                "title": "Cực kì hài lòng",
                "content": ""
            }
        },
        {
            "reviewer": {
                "name": "Thao Vinh",
                "date": "Đã tham gia 5 năm",
                "reviewCount": "13 Đánh giá",
                "likedCount": "0 Lượt cảm ơn"
            },
            "review": {
                "rating": 5,
                "title": "Cực kì hài lòng",
                "content": ""
            }
        },
        {
            "reviewer": {
                "name": "Doan Tung",
                "date": "Đã tham gia 9 năm",
                "reviewCount": "27 Đánh giá",
                "likedCount": "0 Lượt cảm ơn"
            },
            "review": {
                "rating": 5,
                "title": "Cực kì hài lòng",
                "content": ""
            }
        },
        {
            "reviewer": {
                "name": "Hà Tân",
                "date": "Đã tham gia 10 năm",
                "reviewCount": "27 Đánh giá",
                "likedCount": "2 Lượt cảm ơn"
            },
            "review": {
                "rating": 5,
                "title": "Cực kì hài lòng",
                "content": ""
            }
        },
        {
            "reviewer": {
                "name": "Dương Quang Bình",
                "date": "Đã tham gia 6 năm",
                "reviewCount": "7 Đánh giá",
                "likedCount": "0 Lượt cảm ơn"
            },
            "review": {
                "rating": 5,
                "title": "Cực kì hài lòng",
                "content": ""
            }
        },
        {
            "reviewer": {
                "name": "Lê Quốc  Vin",
                "date": "Đã tham gia 12 năm",
                "reviewCount": "106 Đánh giá",
                "likedCount": "7 Lượt cảm ơn"
            },
            "review": {
                "rating": 5,
                "title": "Cực kì hài lòng",
                "content": ""
            }
        },
        {
            "reviewer": {
                "name": "Lê Lương Anh",
                "date": "Đã tham gia 9 năm",
                "reviewCount": "91 Đánh giá",
                "likedCount": "0 Lượt cảm ơn"
            },
            "review": {
                "rating": 5,
                "title": "Cực kì hài lòng",
                "content": ""
            }
        },
        {
            "reviewer": {
                "name": "Hòa Lý Quốc",
                "date": "Đã tham gia 7 năm",
                "reviewCount": "138 Đánh giá",
                "likedCount": "7 Lượt cảm ơn"
            },
            "review": {
                "rating": 5,
                "title": "Cực kì hài lòng",
                "content": "Tốt"
            }
        },
        {
            "reviewer": {
                "name": "Ly Ngô",
                "date": "Đã tham gia 6 năm",
                "reviewCount": "8 Đánh giá",
                "likedCount": "0 Lượt cảm ơn"
            },
            "review": {
                "rating": 5,
                "title": "Cực kì hài lòng",
                "content": ""
            }
        },
        {
            "reviewer": {
                "name": "lê huy phú",
                "date": "Đã tham gia 8 năm",
                "reviewCount": "63 Đánh giá",
                "likedCount": "2 Lượt cảm ơn"
            },
            "review": {
                "rating": 5,
                "title": "Cực kì hài lòng",
                "content": ""
            }
        },
        {
            "reviewer": {
                "name": "Trần Ngọc Thanh Thủy",
                "date": "Đã tham gia 9 năm",
                "reviewCount": "143 Đánh giá",
                "likedCount": "9 Lượt cảm ơn"
            },
            "review": {
                "rating": 5,
                "title": "Cực kì hài lòng",
                "content": ""
            }
        },
        {
            "reviewer": {
                "name": "Trần Phúc Nguyên",
                "date": "Đã tham gia 6 năm",
                "reviewCount": "2 Đánh giá",
                "likedCount": "0 Lượt cảm ơn"
            },
            "review": {
                "rating": 5,
                "title": "Cực kì hài lòng",
                "content": "Ok"
            }
        },
        {
            "reviewer": {
                "name": "Minh Trang",
                "date": "Đã tham gia 10 năm",
                "reviewCount": "7 Đánh giá",
                "likedCount": "0 Lượt cảm ơn"
            },
            "review": {
                "rating": 5,
                "title": "Cực kì hài lòng",
                "content": ""
            }
        },
        {
            "reviewer": {
                "name": "Uyen Nguyen",
                "date": "Đã tham gia 3 năm",
                "reviewCount": "3 Đánh giá",
                "likedCount": "0 Lượt cảm ơn"
            },
            "review": {
                "rating": 5,
                "title": "Cực kì hài lòng",
                "content": ""
            }
        },
        {
            "reviewer": {
                "name": "Nguyễn Nguyên Bảo",
                "date": "Đã tham gia 11 năm",
                "reviewCount": "81 Đánh giá",
                "likedCount": "7 Lượt cảm ơn"
            },
            "review": {
                "rating": 5,
                "title": "Cực kì hài lòng",
                "content": ""
            }
        },
        {
            "reviewer": {
                "name": "HUYNH VY",
                "date": "Đã tham gia 12 năm",
                "reviewCount": "3 Đánh giá",
                "likedCount": "0 Lượt cảm ơn"
            },
            "review": {
                "rating": 5,
                "title": "Cực kì hài lòng",
                "content": ""
            }
        },
        {
            "reviewer": {
                "name": "Vo Trung Thu",
                "date": "Đã tham gia 7 năm",
                "reviewCount": "14 Đánh giá",
                "likedCount": "0 Lượt cảm ơn"
            },
            "review": {
                "rating": 5,
                "title": "Cực kì hài lòng",
                "content": ""
            }
        },
        {
            "reviewer": {
                "name": "A Tuan",
                "date": "Đã tham gia 6 năm",
                "reviewCount": "36 Đánh giá",
                "likedCount": "2 Lượt cảm ơn"
            },
            "review": {
                "rating": 5,
                "title": "Cực kì hài lòng",
                "content": ""
            }
        },
        {
            "reviewer": {
                "name": "Nguyễn Hiếu",
                "date": "Đã tham gia 3 năm",
                "reviewCount": "9 Đánh giá",
                "likedCount": "0 Lượt cảm ơn"
            },
            "review": {
                "rating": 5,
                "title": "Cực kì hài lòng",
                "content": "Sách Rất hay."
            }
        },
        {
            "reviewer": {
                "name": "Phạm Đăng Khoa",
                "date": "Đã tham gia 7 năm",
                "reviewCount": "11 Đánh giá",
                "likedCount": "0 Lượt cảm ơn"
            },
            "review": {
                "rating": 5,
                "title": "Cực kì hài lòng",
                "content": ""
            }
        },
        {
            "reviewer": {
                "name": "Apple User",
                "date": "Đã tham gia 2 năm",
                "reviewCount": "6 Đánh giá",
                "likedCount": "0 Lượt cảm ơn"
            },
            "review": {
                "rating": 5,
                "title": "Cực kì hài lòng",
                "content": ""
            }
        },
        {
            "reviewer": {
                "name": "Nguyễn Thanh Trúc",
                "date": "Đã tham gia 6 năm",
                "reviewCount": "13 Đánh giá",
                "likedCount": "0 Lượt cảm ơn"
            },
            "review": {
                "rating": 5,
                "title": "Cực kì hài lòng",
                "content": "Tốt"
            }
        },
        {
            "reviewer": {
                "name": "HoangHa Vu",
                "date": "Đã tham gia 6 năm",
                "reviewCount": "31 Đánh giá",
                "likedCount": "0 Lượt cảm ơn"
            },
            "review": {
                "rating": 5,
                "title": "Cực kì hài lòng",
                "content": ""
            }
        },
        {
            "reviewer": {
                "name": "Vũ Quang Minh",
                "date": "Đã tham gia 5 năm",
                "reviewCount": "12 Đánh giá",
                "likedCount": "1 Lượt cảm ơn"
            },
            "review": {
                "rating": 5,
                "title": "Cực kì hài lòng",
                "content": ""
            }
        },
        {
            "reviewer": {
                "name": "Anh Đại",
                "date": "Đã tham gia 7 năm",
                "reviewCount": "157 Đánh giá",
                "likedCount": "10 Lượt cảm ơn"
            },
            "review": {
                "rating": 5,
                "title": "Cực kì hài lòng",
                "content": ""
            }
        },
        {
            "reviewer": {
                "name": "Nguyễn Đức Tín",
                "date": "Đã tham gia 7 năm",
                "reviewCount": "65 Đánh giá",
                "likedCount": "8 Lượt cảm ơn"
            },
            "review": {
                "rating": 5,
                "title": "Cực kì hài lòng",
                "content": ""
            }
        },
        {
            "reviewer": {
                "name": "Trung Sơn",
                "date": "Đã tham gia 7 năm",
                "reviewCount": "183 Đánh giá",
                "likedCount": "3 Lượt cảm ơn"
            },
            "review": {
                "rating": 5,
                "title": "Cực kì hài lòng",
                "content": ""
            }
        },
        {
            "reviewer": {
                "name": "Khánh Thân",
                "date": "Đã tham gia 6 năm",
                "reviewCount": "9 Đánh giá",
                "likedCount": "0 Lượt cảm ơn"
            },
            "review": {
                "rating": 5,
                "title": "Cực kì hài lòng",
                "content": ""
            }
        },
        {
            "reviewer": {
                "name": "Nguyễn Hoàng Duy",
                "date": "Đã tham gia 10 năm",
                "reviewCount": "38 Đánh giá",
                "likedCount": "1 Lượt cảm ơn"
            },
            "review": {
                "rating": 5,
                "title": "Cực kì hài lòng",
                "content": ""
            }
        },
        {
            "reviewer": {
                "name": "Phạm văn nhựt",
                "date": "Đã tham gia 6 năm",
                "reviewCount": "40 Đánh giá",
                "likedCount": "8 Lượt cảm ơn"
            },
            "review": {
                "rating": 5,
                "title": "Cực kì hài lòng",
                "content": "Sách hay"
            }
        },
        {
            "reviewer": {
                "name": "Vinh Huỳnh",
                "date": "Đã tham gia 9 năm",
                "reviewCount": "11 Đánh giá",
                "likedCount": "0 Lượt cảm ơn"
            },
            "review": {
                "rating": 5,
                "title": "Cực kì hài lòng",
                "content": ""
            }
        },
        {
            "reviewer": {
                "name": "Võ  Hạnh Tân",
                "date": "Đã tham gia 10 năm",
                "reviewCount": "151 Đánh giá",
                "likedCount": "9 Lượt cảm ơn"
            },
            "review": {
                "rating": 5,
                "title": "Cực kì hài lòng",
                "content": ""
            }
        },
        {
            "reviewer": {
                "name": "Dinh Le Phuong",
                "date": "Đã tham gia 6 năm",
                "reviewCount": "2 Đánh giá",
                "likedCount": "0 Lượt cảm ơn"
            },
            "review": {
                "rating": 5,
                "title": "Cực kì hài lòng",
                "content": ""
            }
        },
        {
            "reviewer": {
                "name": "Nguyễn Xuân Nghị",
                "date": "Đã tham gia 1 năm",
                "reviewCount": "2 Đánh giá",
                "likedCount": "0 Lượt cảm ơn"
            },
            "review": {
                "rating": 5,
                "title": "Cực kì hài lòng",
                "content": ""
            }
        },
        {
            "reviewer": {
                "name": "Nhữ Đình Toàn",
                "date": "Đã tham gia 11 năm",
                "reviewCount": "180 Đánh giá",
                "likedCount": "10 Lượt cảm ơn"
            },
            "review": {
                "rating": 5,
                "title": "Cực kì hài lòng",
                "content": ""
            }
        },
        {
            "reviewer": {
                "name": "Nguyen Quyen",
                "date": "Đã tham gia 5 năm",
                "reviewCount": "25 Đánh giá",
                "likedCount": "0 Lượt cảm ơn"
            },
            "review": {
                "rating": 5,
                "title": "Cực kì hài lòng",
                "content": ""
            }
        },
        {
            "reviewer": {
                "name": "Nguyn Trng Thnh",
                "date": "Đã tham gia 5 năm",
                "reviewCount": "2 Đánh giá",
                "likedCount": "0 Lượt cảm ơn"
            },
            "review": {
                "rating": 5,
                "title": "Cực kì hài lòng",
                "content": ""
            }
        },
        {
            "reviewer": {
                "name": "Kim Diệu",
                "date": "Đã tham gia 2 năm",
                "reviewCount": "1 Đánh giá",
                "likedCount": "0 Lượt cảm ơn"
            },
            "review": {
                "rating": 5,
                "title": "Cực kì hài lòng",
                "content": ""
            }
        },
        {
            "reviewer": {
                "name": "Khánh Nga Đoàn",
                "date": "Đã tham gia 6 năm",
                "reviewCount": "41 Đánh giá",
                "likedCount": "0 Lượt cảm ơn"
            },
            "review": {
                "rating": 5,
                "title": "Cực kì hài lòng",
                "content": ""
            }
        },
        {
            "reviewer": {
                "name": "Tô Thiên Long",
                "date": "Đã tham gia 7 năm",
                "reviewCount": "4 Đánh giá",
                "likedCount": "0 Lượt cảm ơn"
            },
            "review": {
                "rating": 5,
                "title": "Cực kì hài lòng",
                "content": ""
            }
        },
        {
            "reviewer": {
                "name": "Toàn Ngô",
                "date": "Đã tham gia 3 năm",
                "reviewCount": "24 Đánh giá",
                "likedCount": "0 Lượt cảm ơn"
            },
            "review": {
                "rating": 5,
                "title": "Cực kì hài lòng",
                "content": "Tốt"
            }
        },
        {
            "reviewer": {
                "name": "Đỗ Quyên",
                "date": "Đã tham gia 3 năm",
                "reviewCount": "4 Đánh giá",
                "likedCount": "0 Lượt cảm ơn"
            },
            "review": {
                "rating": 5,
                "title": "Cực kì hài lòng",
                "content": ""
            }
        },
        {
            "reviewer": {
                "name": "Võ Nhật Kỳ",
                "date": "Đã tham gia 6 năm",
                "reviewCount": "13 Đánh giá",
                "likedCount": "2 Lượt cảm ơn"
            },
            "review": {
                "rating": 5,
                "title": "Cực kì hài lòng",
                "content": ""
            }
        },
        {
            "reviewer": {
                "name": "Phan Thanh Huy",
                "date": "Đã tham gia 5 năm",
                "reviewCount": "4 Đánh giá",
                "likedCount": "11 Lượt cảm ơn"
            },
            "review": {
                "rating": 5,
                "title": "Cực kì hài lòng",
                "content": ""
            }
        },
        {
            "reviewer": {
                "name": "Nguyễn Đăng Khoa",
                "date": "Đã tham gia 6 năm",
                "reviewCount": "3 Đánh giá",
                "likedCount": "0 Lượt cảm ơn"
            },
            "review": {
                "rating": 5,
                "title": "Cực kì hài lòng",
                "content": ""
            }
        },
        {
            "reviewer": {
                "name": "Hà Dũng Hoàng",
                "date": "Đã tham gia 6 năm",
                "reviewCount": "17 Đánh giá",
                "likedCount": "27 Lượt cảm ơn"
            },
            "review": {
                "rating": 5,
                "title": "Cực kì hài lòng",
                "content": ""
            }
        },
        {
            "reviewer": {
                "name": "nguyễn bá mai",
                "date": "Đã tham gia 5 năm",
                "reviewCount": "163 Đánh giá",
                "likedCount": "4 Lượt cảm ơn"
            },
            "review": {
                "rating": 5,
                "title": "Cực kì hài lòng",
                "content": ""
            }
        },
        {
            "reviewer": {
                "name": "Dong Nguyen",
                "date": "Đã tham gia 8 năm",
                "reviewCount": "34 Đánh giá",
                "likedCount": "1 Lượt cảm ơn"
            },
            "review": {
                "rating": 5,
                "title": "Cực kì hài lòng",
                "content": ""
            }
        },
        {
            "reviewer": {
                "name": "Nguyễn Văn Anh",
                "date": "Đã tham gia 6 năm",
                "reviewCount": "167 Đánh giá",
                "likedCount": "5 Lượt cảm ơn"
            },
            "review": {
                "rating": 5,
                "title": "Cực kì hài lòng",
                "content": ""
            }
        },
        {
            "reviewer": {
                "name": "VÕ MẠCH VINH",
                "date": "Đã tham gia 5 năm",
                "reviewCount": "221 Đánh giá",
                "likedCount": "8 Lượt cảm ơn"
            },
            "review": {
                "rating": 5,
                "title": "Cực kì hài lòng",
                "content": ""
            }
        },
        {
            "reviewer": {
                "name": "quang hoang",
                "date": "Đã tham gia 6 năm",
                "reviewCount": "10 Đánh giá",
                "likedCount": "7 Lượt cảm ơn"
            },
            "review": {
                "rating": 5,
                "title": "Cực kì hài lòng",
                "content": ""
            }
        },
        {
            "reviewer": {
                "name": "Long Nguyen",
                "date": "Đã tham gia 4 năm",
                "reviewCount": "13 Đánh giá",
                "likedCount": "0 Lượt cảm ơn"
            },
            "review": {
                "rating": 5,
                "title": "Cực kì hài lòng",
                "content": ""
            }
        },
        {
            "reviewer": {
                "name": "Phan anh",
                "date": "Đã tham gia 2 năm",
                "reviewCount": "3 Đánh giá",
                "likedCount": "0 Lượt cảm ơn"
            },
            "review": {
                "rating": 5,
                "title": "Cực kì hài lòng",
                "content": ""
            }
        },
        {
            "reviewer": {
                "name": "Minh Tâm",
                "date": "Đã tham gia 3 năm",
                "reviewCount": "13 Đánh giá",
                "likedCount": "0 Lượt cảm ơn"
            },
            "review": {
                "rating": 5,
                "title": "Cực kì hài lòng",
                "content": ""
            }
        },
        {
            "reviewer": {
                "name": "Minh Triết Phạm",
                "date": "Đã tham gia 7 năm",
                "reviewCount": "6 Đánh giá",
                "likedCount": "0 Lượt cảm ơn"
            },
            "review": {
                "rating": 5,
                "title": "Cực kì hài lòng",
                "content": ""
            }
        },
        {
            "reviewer": {
                "name": "Hai Nam",
                "date": "Đã tham gia 3 năm",
                "reviewCount": "20 Đánh giá",
                "likedCount": "0 Lượt cảm ơn"
            },
            "review": {
                "rating": 5,
                "title": "Cực kì hài lòng",
                "content": ""
            }
        },
        {
            "reviewer": {
                "name": "Đào Thị Thanh Trang",
                "date": "Đã tham gia 4 năm",
                "reviewCount": "1 Đánh giá",
                "likedCount": "0 Lượt cảm ơn"
            },
            "review": {
                "rating": 5,
                "title": "Cực kì hài lòng",
                "content": ""
            }
        },
        {
            "reviewer": {
                "name": "Nguyễn Hồng Nhung",
                "date": "Đã tham gia 6 năm",
                "reviewCount": "7 Đánh giá",
                "likedCount": "0 Lượt cảm ơn"
            },
            "review": {
                "rating": 5,
                "title": "Cực kì hài lòng",
                "content": ""
            }
        },
        {
            "reviewer": {
                "name": "Tuấn Hòa Đinh",
                "date": "Đã tham gia 8 năm",
                "reviewCount": "55 Đánh giá",
                "likedCount": "0 Lượt cảm ơn"
            },
            "review": {
                "rating": 5,
                "title": "Cực kì hài lòng",
                "content": ""
            }
        },
        {
            "reviewer": {
                "name": "Đặng Như Quốc Hiếu",
                "date": "Đã tham gia 6 năm",
                "reviewCount": "361 Đánh giá",
                "likedCount": "18 Lượt cảm ơn"
            },
            "review": {
                "rating": 5,
                "title": "Cực kì hài lòng",
                "content": ""
            }
        },
        {
            "reviewer": {
                "name": "Nguyễn Thu Hà",
                "date": "Đã tham gia 11 năm",
                "reviewCount": "269 Đánh giá",
                "likedCount": "13 Lượt cảm ơn"
            },
            "review": {
                "rating": 5,
                "title": "Cực kì hài lòng",
                "content": ""
            }
        },
        {
            "reviewer": {
                "name": "Trịnh Chí Cường",
                "date": "Đã tham gia 2 năm",
                "reviewCount": "237 Đánh giá",
                "likedCount": "3 Lượt cảm ơn"
            },
            "review": {
                "rating": 5,
                "title": "Cực kì hài lòng",
                "content": ""
            }
        },
        {
            "reviewer": {
                "name": "Nguyễn Hữu Tuấn",
                "date": "Đã tham gia 3 năm",
                "reviewCount": "11 Đánh giá",
                "likedCount": "0 Lượt cảm ơn"
            },
            "review": {
                "rating": 5,
                "title": "Cực kì hài lòng",
                "content": ""
            }
        },
        {
            "reviewer": {
                "name": "Nguyễn Duy Bân",
                "date": "Đã tham gia 9 năm",
                "reviewCount": "57 Đánh giá",
                "likedCount": "4 Lượt cảm ơn"
            },
            "review": {
                "rating": 5,
                "title": "Cực kì hài lòng",
                "content": ""
            }
        },
        {
            "reviewer": {
                "name": "Nguyễn Đức Thịnh",
                "date": "Đã tham gia 6 năm",
                "reviewCount": "51 Đánh giá",
                "likedCount": "0 Lượt cảm ơn"
            },
            "review": {
                "rating": 5,
                "title": "Cực kì hài lòng",
                "content": ""
            }
        },
        {
            "reviewer": {
                "name": "Apple User",
                "date": "Đã tham gia 1 năm",
                "reviewCount": "8 Đánh giá",
                "likedCount": "0 Lượt cảm ơn"
            },
            "review": {
                "rating": 5,
                "title": "Cực kì hài lòng",
                "content": ""
            }
        },
        {
            "reviewer": {
                "name": "Như Lê",
                "date": "Đã tham gia 3 năm",
                "reviewCount": "3 Đánh giá",
                "likedCount": "0 Lượt cảm ơn"
            },
            "review": {
                "rating": 5,
                "title": "Cực kì hài lòng",
                "content": ""
            }
        },
        {
            "reviewer": {
                "name": "Ngô Ngọc Đoan",
                "date": "Đã tham gia 8 năm",
                "reviewCount": "28 Đánh giá",
                "likedCount": "0 Lượt cảm ơn"
            },
            "review": {
                "rating": 5,
                "title": "Cực kì hài lòng",
                "content": ""
            }
        },
        {
            "reviewer": {
                "name": "Thắng Hoàng Xuân",
                "date": "Đã tham gia 10 năm",
                "reviewCount": "9 Đánh giá",
                "likedCount": "0 Lượt cảm ơn"
            },
            "review": {
                "rating": 5,
                "title": "Cực kì hài lòng",
                "content": ""
            }
        },
        {
            "reviewer": {
                "name": "Thỏa Nguyễn",
                "date": "Đã tham gia 4 năm",
                "reviewCount": "2 Đánh giá",
                "likedCount": "0 Lượt cảm ơn"
            },
            "review": {
                "rating": 5,
                "title": "Cực kì hài lòng",
                "content": ""
            }
        },
        {
            "reviewer": {
                "name": "Lương Quỳnh Trang",
                "date": "Đã tham gia 5 năm",
                "reviewCount": "34 Đánh giá",
                "likedCount": "2 Lượt cảm ơn"
            },
            "review": {
                "rating": 5,
                "title": "Cực kì hài lòng",
                "content": ""
            }
        },
        {
            "reviewer": {
                "name": "Nguyen Thanh Huong",
                "date": "Đã tham gia 5 năm",
                "reviewCount": "2 Đánh giá",
                "likedCount": "0 Lượt cảm ơn"
            },
            "review": {
                "rating": 5,
                "title": "Cực kì hài lòng",
                "content": ""
            }
        },
        {
            "reviewer": {
                "name": "Mai Thuận Thành",
                "date": "Đã tham gia 5 năm",
                "reviewCount": "45 Đánh giá",
                "likedCount": "1 Lượt cảm ơn"
            },
            "review": {
                "rating": 5,
                "title": "Cực kì hài lòng",
                "content": ""
            }
        },
        {
            "reviewer": {
                "name": "Nguyen phan thu thảo",
                "date": "Đã tham gia 3 năm",
                "reviewCount": "9 Đánh giá",
                "likedCount": "0 Lượt cảm ơn"
            },
            "review": {
                "rating": 5,
                "title": "Cực kì hài lòng",
                "content": ""
            }
        },
        {
            "reviewer": {
                "name": "Tuan Kiet",
                "date": "Đã tham gia 7 năm",
                "reviewCount": "22 Đánh giá",
                "likedCount": "0 Lượt cảm ơn"
            },
            "review": {
                "rating": 5,
                "title": "Cực kì hài lòng",
                "content": ""
            }
        },
        {
            "reviewer": {
                "name": "Trần Công Tuấn",
                "date": "Đã tham gia 4 năm",
                "reviewCount": "101 Đánh giá",
                "likedCount": "2 Lượt cảm ơn"
            },
            "review": {
                "rating": 5,
                "title": "Cực kì hài lòng",
                "content": ""
            }
        },
        {
            "reviewer": {
                "name": "THANH NGUYÊN",
                "date": "Đã tham gia 2 năm",
                "reviewCount": "12 Đánh giá",
                "likedCount": "0 Lượt cảm ơn"
            },
            "review": {
                "rating": 5,
                "title": "Cực kì hài lòng",
                "content": ""
            }
        },
        {
            "reviewer": {
                "name": "Tăng Hiến Vinh",
                "date": "Đã tham gia 3 năm",
                "reviewCount": "41 Đánh giá",
                "likedCount": "1 Lượt cảm ơn"
            },
            "review": {
                "rating": 5,
                "title": "Cực kì hài lòng",
                "content": ""
            }
        },
        {
            "reviewer": {
                "name": "Pham Bao Trung",
                "date": "Đã tham gia 5 năm",
                "reviewCount": "17 Đánh giá",
                "likedCount": "6 Lượt cảm ơn"
            },
            "review": {
                "rating": 5,
                "title": "Cực kì hài lòng",
                "content": ""
            }
        },
        {
            "reviewer": {
                "name": "Lam Tran",
                "date": "Đã tham gia 3 năm",
                "reviewCount": "111 Đánh giá",
                "likedCount": "1 Lượt cảm ơn"
            },
            "review": {
                "rating": 5,
                "title": "Cực kì hài lòng",
                "content": ""
            }
        },
        {
            "reviewer": {
                "name": "Nguyen Dinh Thien Phuc",
                "date": "Đã tham gia 8 năm",
                "reviewCount": "150 Đánh giá",
                "likedCount": "0 Lượt cảm ơn"
            },
            "review": {
                "rating": 5,
                "title": "Cực kì hài lòng",
                "content": ""
            }
        },
        {
            "reviewer": {
                "name": "Hoàng Phúc",
                "date": "Đã tham gia 8 năm",
                "reviewCount": "5 Đánh giá",
                "likedCount": "3 Lượt cảm ơn"
            },
            "review": {
                "rating": 5,
                "title": "Cực kì hài lòng",
                "content": ""
            }
        },
        {
            "reviewer": {
                "name": "LÂM HOÀNG THANH",
                "date": "Đã tham gia 4 năm",
                "reviewCount": "5 Đánh giá",
                "likedCount": "0 Lượt cảm ơn"
            },
            "review": {
                "rating": 5,
                "title": "Cực kì hài lòng",
                "content": ""
            }
        },
        {
            "reviewer": {
                "name": "Kiên Đỗ",
                "date": "Đã tham gia 6 năm",
                "reviewCount": "52 Đánh giá",
                "likedCount": "0 Lượt cảm ơn"
            },
            "review": {
                "rating": 5,
                "title": "Cực kì hài lòng",
                "content": ""
            }
        },
        {
            "reviewer": {
                "name": "Đỗ Quốc Việt",
                "date": "Đã tham gia 7 năm",
                "reviewCount": "168 Đánh giá",
                "likedCount": "179 Lượt cảm ơn"
            },
            "review": {
                "rating": 5,
                "title": "Cực kì hài lòng",
                "content": ""
            }
        },
        {
            "reviewer": {
                "name": "C Thuy",
                "date": "Đã tham gia 6 năm",
                "reviewCount": "49 Đánh giá",
                "likedCount": "1 Lượt cảm ơn"
            },
            "review": {
                "rating": 5,
                "title": "Cực kì hài lòng",
                "content": ""
            }
        },
        {
            "reviewer": {
                "name": "Doan Nam Trung",
                "date": "Đã tham gia 6 năm",
                "reviewCount": "7 Đánh giá",
                "likedCount": "5 Lượt cảm ơn"
            },
            "review": {
                "rating": 5,
                "title": "Cực kì hài lòng",
                "content": ""
            }
        },
        {
            "reviewer": {
                "name": "Phạm Thị Thanh",
                "date": "Đã tham gia 3 năm",
                "reviewCount": "21 Đánh giá",
                "likedCount": "2 Lượt cảm ơn"
            },
            "review": {
                "rating": 5,
                "title": "Cực kì hài lòng",
                "content": ""
            }
        },
        {
            "reviewer": {
                "name": "Trần Hữu Sơn",
                "date": "Đã tham gia 9 năm",
                "reviewCount": "51 Đánh giá",
                "likedCount": "10 Lượt cảm ơn"
            },
            "review": {
                "rating": 5,
                "title": "Cực kì hài lòng",
                "content": ""
            }
        },
        {
            "reviewer": {
                "name": "Phương  Uyên",
                "date": "Đã tham gia 10 năm",
                "reviewCount": "47 Đánh giá",
                "likedCount": "41 Lượt cảm ơn"
            },
            "review": {
                "rating": 5,
                "title": "Cực kì hài lòng",
                "content": ""
            }
        },
        {
            "reviewer": {
                "name": "Phạm Khánh Toàn",
                "date": "Đã tham gia 7 năm",
                "reviewCount": "137 Đánh giá",
                "likedCount": "1 Lượt cảm ơn"
            },
            "review": {
                "rating": 5,
                "title": "Cực kì hài lòng",
                "content": ""
            }
        },
        {
            "reviewer": {
                "name": "Phạm Xuân Lạc",
                "date": "Đã tham gia 9 năm",
                "reviewCount": "143 Đánh giá",
                "likedCount": "39 Lượt cảm ơn"
            },
            "review": {
                "rating": 5,
                "title": "Cực kì hài lòng",
                "content": ""
            }
        },
        {
            "reviewer": {
                "name": "Hang Huynh",
                "date": "Đã tham gia 10 năm",
                "reviewCount": "239 Đánh giá",
                "likedCount": "11 Lượt cảm ơn"
            },
            "review": {
                "rating": 5,
                "title": "Cực kì hài lòng",
                "content": ""
            }
        },
        {
            "reviewer": {
                "name": "Tình Anh",
                "date": "Đã tham gia 1 năm",
                "reviewCount": "1 Đánh giá",
                "likedCount": "0 Lượt cảm ơn"
            },
            "review": {
                "rating": 2,
                "title": "Không hài lòng",
                "content": "Sách rách khá nhiều. Khoảng hơn 10 trang. Rách từ trang 33-47. Mua một cuốn sách mới mà bị rách cảm thấy có chút hụt hẫng."
            }
        },
        {
            "reviewer": {
                "name": "Ying Ying",
                "date": "Đã tham gia 6 năm",
                "reviewCount": "6 Đánh giá",
                "likedCount": "0 Lượt cảm ơn"
            },
            "review": {
                "rating": 4,
                "title": "Hài lòng",
                "content": "Nội dung phù hợp với các bạn có nhu cầu, chất lượng sách ổn, giao hàng đúng hạn"
            }
        },
        {
            "reviewer": {
                "name": "anh  khoa",
                "date": "Đã tham gia 13 năm",
                "reviewCount": "127 Đánh giá",
                "likedCount": "7 Lượt cảm ơn"
            },
            "review": {
                "rating": 4,
                "title": "Hài lòng",
                "content": "đóng gói kỹ càng, giao đúng hạn, sản phẩm chất lượng, giá cả phù hợp, phù hợp với nhu cầu sử dụng"
            }
        },
        {
            "reviewer": {
                "name": "Bach Hiếu",
                "date": "Đã tham gia 6 năm",
                "reviewCount": "12 Đánh giá",
                "likedCount": "4 Lượt cảm ơn"
            },
            "review": {
                "rating": 4,
                "title": "Hài lòng",
                "content": "Nội dung basic, phù hợp với người mới bắt đầu tìm hiểu. Nhưng số liệu hiển thị con số làm tròn, nên kết quả tính toán không đúng"
            }
        },
        {
            "reviewer": {
                "name": "Hân Phương",
                "date": "Đã tham gia 1 năm",
                "reviewCount": "14 Đánh giá",
                "likedCount": "0 Lượt cảm ơn"
            },
            "review": {
                "rating": 4,
                "title": "Hài lòng",
                "content": "Nội dung hay"
            }
        },
        {
            "reviewer": {
                "name": "Gia Vinh Phan",
                "date": "Đã tham gia 6 năm",
                "reviewCount": "8 Đánh giá",
                "likedCount": "1 Lượt cảm ơn"
            },
            "review": {
                "rating": 4,
                "title": "Hài lòng",
                "content": "nhân viên làm việc lưu ý , khi đóng gói kiểm tra cẩn thận. Sách thiếu bookmark"
            }
        },
        {
            "reviewer": {
                "name": "Trương Quang Kiên",
                "date": "Đã tham gia 7 năm",
                "reviewCount": "10 Đánh giá",
                "likedCount": "4 Lượt cảm ơn"
            },
            "review": {
                "rating": 1,
                "title": "Rất không hài lòng",
                "content": "Sách nội dung tệ quâ, mọi người cân nhắc khi mua."
            }
        },
        {
            "reviewer": {
                "name": "Nhật Tân",
                "date": "Đã tham gia 4 năm",
                "reviewCount": "8 Đánh giá",
                "likedCount": "0 Lượt cảm ơn"
            },
            "review": {
                "rating": 1,
                "title": "Rất không hài lòng",
                "content": "Đặt bookcare mà không có 🤦‍♂️"
            }
        },
        {
            "reviewer": {
                "name": "Edgar Nguyễn",
                "date": "Đã tham gia 4 năm",
                "reviewCount": "3 Đánh giá",
                "likedCount": "0 Lượt cảm ơn"
            },
            "review": {
                "rating": 4,
                "title": "Hài lòng",
                "content": ""
            }
        },
        {
            "reviewer": {
                "name": "Nguyễn đỗ Long",
                "date": "Đã tham gia 5 năm",
                "reviewCount": "54 Đánh giá",
                "likedCount": "1 Lượt cảm ơn"
            },
            "review": {
                "rating": 4,
                "title": "Hài lòng",
                "content": ""
            }
        },
        {
            "reviewer": {
                "name": "Uyen Tran",
                "date": "Đã tham gia 3 năm",
                "reviewCount": "4 Đánh giá",
                "likedCount": "0 Lượt cảm ơn"
            },
            "review": {
                "rating": 4,
                "title": "Hài lòng",
                "content": ""
            }
        },
        {
            "reviewer": {
                "name": "Trung Lê",
                "date": "Đã tham gia 6 năm",
                "reviewCount": "11 Đánh giá",
                "likedCount": "0 Lượt cảm ơn"
            },
            "review": {
                "rating": 4,
                "title": "Hài lòng",
                "content": ""
            }
        }
    ]
}