{
    "url": "https://tiki.vn/naval-ravikant-de-thinh-vuong-va-hanh-phuc-p273708841.html?spid=273708842",
    "info": {
        "title": "Naval Ravikant - Để thịnh vượng và hạnh phúc",
        "author": "Eric Jorgenson",
        "imageUrl": "https://salt.tikicdn.com/cache/750x750/ts/product/9c/9e/00/389effb0ab4bc92db22ee648910c4c2f.jpg.webp",
        "soldQuantity": 652,
        "currentPrice": 159000,
        "originalPrice": 198000
    },
    "details": {
        "publisher": "CÔNG TY CỔ PHẦN RIO BOOK VIỆT NAM",
        "publishDate": "2023-12-01 00:00:00",
        "dimensions": "21 x 14 cm",
        "translator": "Phương Anh dịch, Nhật Mỹ hiệu đính",
        "coverType": "Bìa mềm",
        "pageCount": "272",
        "publishingHouse": "Nhà Xuất Bản Dân Trí"
    },
    "description": "Hạnh phúc, giàu có, sự thịnh vượng là những điều nằm trong tầm với của TẤT CẢ MỌI NGƯỜI đơn giản bởi vì chúng là kỹ năng chúng ta có thể học được. Vậy thì câu hỏi được đặt ra là: Những kỹ năng này là gì, chúng ta phải học như thế nào và đâu là những nguyên tắc nền tảng dẫn lối chúng ta vươn tới khát vọng?\n“NAVAL RAVIKANT - ĐỂ THỊNH VƯỢNG VÀ HẠNH PHÚC” là cuốn sách bạn nên đọc càng sớm càng tốt vì nó chứa đựng câu trả lời toàn diện nhất cho những câu hỏi về sự giàu có và hạnh phúc. Tập hợp trí tuệ và kinh nghiệm của Naval Ravikant - một doanh nhân nổi tiếng với những nguyên tắc tạo ra cuộc sống thịnh vượng, cuốn sách chứa đầy những chiêm nghiệm sâu sắc của ông về sự giàu có trong tài chính, sức khỏe, trải nghiệm và tâm hồn.\nMỗi trang sách sẽ khai mở cho bạn nhiều ý nghĩa để tạo ra những thay đổi tích cực trong cuộc sống của mình, dẫn lối bạn hướng tới tương lai giàu có hơn, hạnh phúc hơn.\nNếu bạn đang có những suy nghĩ hỗn loạn về hạnh phúc và sự giàu có, đừng chờ đợi mà hãy tìm đáp án cho chính mình trong quyển sách này! \"\nGiá sản phẩm trên Tiki đã bao gồm thuế theo luật hiện hành. Bên cạnh đó, tuỳ vào loại sản phẩm, hình thức và địa chỉ giao hàng mà có thể phát sinh thêm chi phí khác như phí vận chuyển, phụ phí hàng cồng kềnh, thuế nhập khẩu (đối với đơn hàng giao từ nước ngoài có giá trị trên 1 triệu đồng).....",
    "rating": {
        "totalRating": 4.9,
        "numberOfRating": 33
    },
    "reviews": [
        {
            "reviewer": {
                "name": "Đăng Khôi",
                "date": "Đã tham gia 1 năm",
                "reviewCount": "3 Đánh giá",
                "likedCount": "0 Lượt cảm ơn"
            },
            "review": {
                "rating": 5,
                "title": "Cực kì hài lòng",
                "content": "Sách đáng để đọc"
            }
        },
        {
            "reviewer": {
                "name": "Tâm Nguyễn",
                "date": "Đã tham gia 3 năm",
                "reviewCount": "9 Đánh giá",
                "likedCount": "0 Lượt cảm ơn"
            },
            "review": {
                "rating": 5,
                "title": "Cực kì hài lòng",
                "content": "Nội dung khách hay và cô đọng được phương pháp theo đuổi sự thịnh vượng và hạnh phúc."
            }
        },
        {
            "reviewer": {
                "name": "Châu Bùi",
                "date": "Đã tham gia 6 năm",
                "reviewCount": "7 Đánh giá",
                "likedCount": "0 Lượt cảm ơn"
            },
            "review": {
                "rating": 5,
                "title": "Cực kì hài lòng",
                "content": "Luôn ngưỡng mộ Naval, bản dịch hay và thực sự nghiền ngẫm các tư tưởng của Naval"
            }
        },
        {
            "reviewer": {
                "name": "A Nam",
                "date": "Đã tham gia 4 năm",
                "reviewCount": "41 Đánh giá",
                "likedCount": "4 Lượt cảm ơn"
            },
            "review": {
                "rating": 5,
                "title": "Cực kì hài lòng",
                "content": "Đọc với 1 cảm xúc khoáng đạt cũng rất nhiều ý tưởng hay."
            }
        },
        {
            "reviewer": {
                "name": "Nguyễn Ngọc Hồng Vy",
                "date": "Đã tham gia 10 năm",
                "reviewCount": "52 Đánh giá",
                "likedCount": "1 Lượt cảm ơn"
            },
            "review": {
                "rating": 5,
                "title": "Cực kì hài lòng",
                "content": "Sách rất hay ạ❤️"
            }
        },
        {
            "reviewer": {
                "name": "Anh Phùng",
                "date": "Đã tham gia 6 năm",
                "reviewCount": "22 Đánh giá",
                "likedCount": "0 Lượt cảm ơn"
            },
            "review": {
                "rating": 5,
                "title": "Cực kì hài lòng",
                "content": "Quá hay nên đọc"
            }
        },
        {
            "reviewer": {
                "name": "Lê Thạch Thảo",
                "date": "Đã tham gia 6 năm",
                "reviewCount": "15 Đánh giá",
                "likedCount": "0 Lượt cảm ơn"
            },
            "review": {
                "rating": 5,
                "title": "Cực kì hài lòng",
                "content": ""
            }
        },
        {
            "reviewer": {
                "name": "Trương Việt",
                "date": "Đã tham gia 1 năm",
                "reviewCount": "1 Đánh giá",
                "likedCount": "0 Lượt cảm ơn"
            },
            "review": {
                "rating": 5,
                "title": "Cực kì hài lòng",
                "content": ""
            }
        },
        {
            "reviewer": {
                "name": "Lê Ngọc Quốc Đạt",
                "date": "Đã tham gia 6 năm",
                "reviewCount": "4 Đánh giá",
                "likedCount": "0 Lượt cảm ơn"
            },
            "review": {
                "rating": 5,
                "title": "Cực kì hài lòng",
                "content": ""
            }
        },
        {
            "reviewer": {
                "name": "Ngô Thanh Tùng",
                "date": "Đã tham gia 7 năm",
                "reviewCount": "57 Đánh giá",
                "likedCount": "0 Lượt cảm ơn"
            },
            "review": {
                "rating": 5,
                "title": "Cực kì hài lòng",
                "content": ""
            }
        },
        {
            "reviewer": {
                "name": "Vũ Quyên",
                "date": "Đã tham gia 12 năm",
                "reviewCount": "7 Đánh giá",
                "likedCount": "1 Lượt cảm ơn"
            },
            "review": {
                "rating": 5,
                "title": "Cực kì hài lòng",
                "content": ""
            }
        },
        {
            "reviewer": {
                "name": "Đức Kha",
                "date": "Đã tham gia 7 năm",
                "reviewCount": "135 Đánh giá",
                "likedCount": "2 Lượt cảm ơn"
            },
            "review": {
                "rating": 5,
                "title": "Cực kì hài lòng",
                "content": ""
            }
        },
        {
            "reviewer": {
                "name": "Đỗ Thị Thanh Lê",
                "date": "Đã tham gia 4 năm",
                "reviewCount": "41 Đánh giá",
                "likedCount": "3 Lượt cảm ơn"
            },
            "review": {
                "rating": 5,
                "title": "Cực kì hài lòng",
                "content": ""
            }
        },
        {
            "reviewer": {
                "name": "Phong Ngo",
                "date": "Đã tham gia 1 năm",
                "reviewCount": "4 Đánh giá",
                "likedCount": "0 Lượt cảm ơn"
            },
            "review": {
                "rating": 5,
                "title": "Cực kì hài lòng",
                "content": ""
            }
        },
        {
            "reviewer": {
                "name": "Đồng Thị Bích Ngọc",
                "date": "Đã tham gia 2 năm",
                "reviewCount": "1 Đánh giá",
                "likedCount": "0 Lượt cảm ơn"
            },
            "review": {
                "rating": 5,
                "title": "Cực kì hài lòng",
                "content": ""
            }
        },
        {
            "reviewer": {
                "name": "Lien Hien",
                "date": "Đã tham gia 3 năm",
                "reviewCount": "39 Đánh giá",
                "likedCount": "0 Lượt cảm ơn"
            },
            "review": {
                "rating": 5,
                "title": "Cực kì hài lòng",
                "content": ""
            }
        },
        {
            "reviewer": {
                "name": "Tran Thanh Minh",
                "date": "Đã tham gia 7 năm",
                "reviewCount": "6 Đánh giá",
                "likedCount": "0 Lượt cảm ơn"
            },
            "review": {
                "rating": 5,
                "title": "Cực kì hài lòng",
                "content": ""
            }
        },
        {
            "reviewer": {
                "name": "Nguyen Thu Bich Thao",
                "date": "Đã tham gia 5 năm",
                "reviewCount": "5 Đánh giá",
                "likedCount": "0 Lượt cảm ơn"
            },
            "review": {
                "rating": 5,
                "title": "Cực kì hài lòng",
                "content": ""
            }
        },
        {
            "reviewer": {
                "name": "Thuỳ Nhung",
                "date": "Đã tham gia 2 năm",
                "reviewCount": "1 Đánh giá",
                "likedCount": "0 Lượt cảm ơn"
            },
            "review": {
                "rating": 5,
                "title": "Cực kì hài lòng",
                "content": ""
            }
        },
        {
            "reviewer": {
                "name": "Nguyễn Sỹ Đức",
                "date": "Đã tham gia 10 năm",
                "reviewCount": "24 Đánh giá",
                "likedCount": "12 Lượt cảm ơn"
            },
            "review": {
                "rating": 5,
                "title": "Cực kì hài lòng",
                "content": ""
            }
        },
        {
            "reviewer": {
                "name": "Tin Nguyen",
                "date": "Đã tham gia 6 năm",
                "reviewCount": "1 Đánh giá",
                "likedCount": "0 Lượt cảm ơn"
            },
            "review": {
                "rating": 5,
                "title": "Cực kì hài lòng",
                "content": ""
            }
        },
        {
            "reviewer": {
                "name": "Thuan Vo",
                "date": "Đã tham gia 4 năm",
                "reviewCount": "4 Đánh giá",
                "likedCount": "0 Lượt cảm ơn"
            },
            "review": {
                "rating": 5,
                "title": "Cực kì hài lòng",
                "content": ""
            }
        },
        {
            "reviewer": {
                "name": "Trương huy thủy",
                "date": "Đã tham gia 6 năm",
                "reviewCount": "48 Đánh giá",
                "likedCount": "1 Lượt cảm ơn"
            },
            "review": {
                "rating": 5,
                "title": "Cực kì hài lòng",
                "content": ""
            }
        },
        {
            "reviewer": {
                "name": "Truong Hoang Anh",
                "date": "Đã tham gia 2 năm",
                "reviewCount": "54 Đánh giá",
                "likedCount": "0 Lượt cảm ơn"
            },
            "review": {
                "rating": 5,
                "title": "Cực kì hài lòng",
                "content": ""
            }
        },
        {
            "reviewer": {
                "name": "Duong Tuan Anh",
                "date": "Đã tham gia 6 năm",
                "reviewCount": "20 Đánh giá",
                "likedCount": "0 Lượt cảm ơn"
            },
            "review": {
                "rating": 5,
                "title": "Cực kì hài lòng",
                "content": ""
            }
        },
        {
            "reviewer": {
                "name": "Cường Mạnh Lưu",
                "date": "Đã tham gia 9 năm",
                "reviewCount": "27 Đánh giá",
                "likedCount": "0 Lượt cảm ơn"
            },
            "review": {
                "rating": 5,
                "title": "Cực kì hài lòng",
                "content": ""
            }
        },
        {
            "reviewer": {
                "name": "Thuong Nguyen",
                "date": "Đã tham gia 3 năm",
                "reviewCount": "1 Đánh giá",
                "likedCount": "0 Lượt cảm ơn"
            },
            "review": {
                "rating": 5,
                "title": "Cực kì hài lòng",
                "content": ""
            }
        },
        {
            "reviewer": {
                "name": "Võ Đăng Khoa",
                "date": "Đã tham gia 13 năm",
                "reviewCount": "8 Đánh giá",
                "likedCount": "0 Lượt cảm ơn"
            },
            "review": {
                "rating": 5,
                "title": "Cực kì hài lòng",
                "content": ""
            }
        },
        {
            "reviewer": {
                "name": "Bùi  Đức Long",
                "date": "Đã tham gia 10 năm",
                "reviewCount": "6 Đánh giá",
                "likedCount": "9 Lượt cảm ơn"
            },
            "review": {
                "rating": 5,
                "title": "Cực kì hài lòng",
                "content": ""
            }
        },
        {
            "reviewer": {
                "name": "Mỹ Nguyễn",
                "date": "Đã tham gia 7 năm",
                "reviewCount": "63 Đánh giá",
                "likedCount": "14 Lượt cảm ơn"
            },
            "review": {
                "rating": 5,
                "title": "Cực kì hài lòng",
                "content": ""
            }
        },
        {
            "reviewer": {
                "name": "nguyễn  minh châu",
                "date": "Đã tham gia 11 năm",
                "reviewCount": "6 Đánh giá",
                "likedCount": "0 Lượt cảm ơn"
            },
            "review": {
                "rating": 5,
                "title": "Cực kì hài lòng",
                "content": ""
            }
        },
        {
            "reviewer": {
                "name": "hân nguyễn",
                "date": "Đã tham gia 9 năm",
                "reviewCount": "5 Đánh giá",
                "likedCount": "1 Lượt cảm ơn"
            },
            "review": {
                "rating": 4,
                "title": "Hài lòng",
                "content": "Sách hay"
            }
        },
        {
            "reviewer": {
                "name": "Hưng Vũ",
                "date": "Đã tham gia 5 năm",
                "reviewCount": "3 Đánh giá",
                "likedCount": "0 Lượt cảm ơn"
            },
            "review": {
                "rating": 4,
                "title": "Hài lòng",
                "content": ""
            }
        }
    ]
}