{
    "url": "https://tiki.vn/tinh-than-chien-dau-ruc-lua-p82996527.html?spid=82996528",
    "info": {
        "title": "Tinh Thần Chiến Đấu Rực Lửa",
        "author": "Inamori Kazuo",
        "imageUrl": "https://salt.tikicdn.com/cache/750x750/ts/product/6d/97/37/2b039fd2a4825392fe1fd1b29d9a783e.jpg.webp",
        "soldQuantity": 882,
        "currentPrice": 66600,
        "originalPrice": 95000
    },
    "details": {
        "bookVersion": "Phiên bản thường",
        "publisher": "NXB Trẻ",
        "publishDate": "2021-03-01 00:00:00",
        "dimensions": "13 x 20.5 cm",
        "translator": "Nguyễn Thị Thanh Thủy",
        "coverType": "Bìa mềm",
        "pageCount": "184",
        "publishingHouse": "NXB Trẻ"
    },
    "description": "Quyển sách nhắc đến một Kyocera kinh doanh có lãi 54 năm liên tục kể từ khi sáng lập, những Kyocera, KDDI với doanh thu 5 ngàn tỷ yen, tạo công ăn việc làm cho hơn 90 ngàn người, và sự tái sinh thần kỳ của Hãng Hàng không Nhật Bản (JAL) Quyển sách về triết lý kinh doanh của Inamori Kazuo - doanh nhân mạnh mẽ nhất.\nTác giả cho rằng điều mà người Nhật cần có là “tinh thần chiến đấu rực lửa”. Ông nói rằng bằng cách “thay đổi tâm hồn” của quốc dân, Nhật Bản hoàn toàn có khả năng hồi phục và phát triển, như cách JAL đã được vực dậy và tăng trưởng dù ai cũng đoan chắc nó sẽ bị phá sản lần hai.\nHãy cùng tìm hiểu tinh thần của doanh nhân mạnh mẽ nhất Nhật Bản Sau tái sinh JAL, tái sinh Nhật Bản! Quyển sách truyền đạt triết lý thành công, biến nguy thành cơ! Tại sao quản trị của Inamori là mạnh mẽ nhất? Tại sao bây giờ triết lý quản trị ấy vẫn được quan tâm? Câu trả lời nằm trong quyển sách này.\nGiá sản phẩm trên Tiki đã bao gồm thuế theo luật hiện hành. Bên cạnh đó, tuỳ vào loại sản phẩm, hình thức và địa chỉ giao hàng mà có thể phát sinh thêm chi phí khác như phí vận chuyển, phụ phí hàng cồng kềnh, thuế nhập khẩu (đối với đơn hàng giao từ nước ngoài có giá trị trên 1 triệu đồng).....",
    "rating": {
        "totalRating": 5.0,
        "numberOfRating": 60
    },
    "reviews": [
        {
            "reviewer": {
                "name": "Nguyen Tinh",
                "date": "Đã tham gia 8 năm",
                "reviewCount": "89 Đánh giá",
                "likedCount": "0 Lượt cảm ơn"
            },
            "review": {
                "rating": 5,
                "title": "Cực kì hài lòng",
                "content": "Xin trân trọng cảm ơn quý khách đã ủng hộ Laptop Đức An.\nMong quý hãy giới thiệu các sản phẩm chất lượng của chúng tôi tới bạn bè và người thân.\nLaptop Đức An chuyên laptop, máy chiếu Nhật Bản\nZalo: ***"
            }
        },
        {
            "reviewer": {
                "name": "trung phan",
                "date": "Đã tham gia 4 năm",
                "reviewCount": "53 Đánh giá",
                "likedCount": "1 Lượt cảm ơn"
            },
            "review": {
                "rating": 5,
                "title": "Cực kì hài lòng",
                "content": "Hay, dễ hiểu , truyền cảm hứng"
            }
        },
        {
            "reviewer": {
                "name": "Lich Nguyen",
                "date": "Đã tham gia 4 năm",
                "reviewCount": "1 Đánh giá",
                "likedCount": "0 Lượt cảm ơn"
            },
            "review": {
                "rating": 5,
                "title": "Cực kì hài lòng",
                "content": ""
            }
        },
        {
            "reviewer": {
                "name": "Phương Nguyễn Minh",
                "date": "Đã tham gia 7 năm",
                "reviewCount": "23 Đánh giá",
                "likedCount": "0 Lượt cảm ơn"
            },
            "review": {
                "rating": 5,
                "title": "Cực kì hài lòng",
                "content": ""
            }
        },
        {
            "reviewer": {
                "name": "Oanh Nguyễn",
                "date": "Đã tham gia 3 năm",
                "reviewCount": "9 Đánh giá",
                "likedCount": "0 Lượt cảm ơn"
            },
            "review": {
                "rating": 5,
                "title": "Cực kì hài lòng",
                "content": ""
            }
        },
        {
            "reviewer": {
                "name": "Phạm Hồng Hà",
                "date": "Đã tham gia 6 năm",
                "reviewCount": "31 Đánh giá",
                "likedCount": "3 Lượt cảm ơn"
            },
            "review": {
                "rating": 5,
                "title": "Cực kì hài lòng",
                "content": "Nội dung xoay quanh lời khuyên của tác giả: chiến đấu và làm hết mình."
            }
        },
        {
            "reviewer": {
                "name": "Nguyễn Tùng Dương",
                "date": "Đã tham gia 5 năm",
                "reviewCount": "30 Đánh giá",
                "likedCount": "1 Lượt cảm ơn"
            },
            "review": {
                "rating": 5,
                "title": "Cực kì hài lòng",
                "content": ""
            }
        },
        {
            "reviewer": {
                "name": "Dari Nguyen",
                "date": "Đã tham gia 3 năm",
                "reviewCount": "31 Đánh giá",
                "likedCount": "0 Lượt cảm ơn"
            },
            "review": {
                "rating": 5,
                "title": "Cực kì hài lòng",
                "content": ""
            }
        },
        {
            "reviewer": {
                "name": "Dương Đức Thịnh",
                "date": "Đã tham gia 6 năm",
                "reviewCount": "30 Đánh giá",
                "likedCount": "0 Lượt cảm ơn"
            },
            "review": {
                "rating": 5,
                "title": "Cực kì hài lòng",
                "content": ""
            }
        },
        {
            "reviewer": {
                "name": "Nguyễn Lạc Quan",
                "date": "Đã tham gia 2 năm",
                "reviewCount": "1 Đánh giá",
                "likedCount": "0 Lượt cảm ơn"
            },
            "review": {
                "rating": 5,
                "title": "Cực kì hài lòng",
                "content": ""
            }
        },
        {
            "reviewer": {
                "name": "Trịnh Quốc Việt",
                "date": "Đã tham gia 5 năm",
                "reviewCount": "2 Đánh giá",
                "likedCount": "0 Lượt cảm ơn"
            },
            "review": {
                "rating": 5,
                "title": "Cực kì hài lòng",
                "content": "sách hay. dễ đọc gọn nhẹ. riêng dịch vụ tiki thì luôn tin dùng và vẫn rất hào lòng."
            }
        },
        {
            "reviewer": {
                "name": "Nguyễn Vũ Giáp",
                "date": "Đã tham gia 6 năm",
                "reviewCount": "116 Đánh giá",
                "likedCount": "83 Lượt cảm ơn"
            },
            "review": {
                "rating": 5,
                "title": "Cực kì hài lòng",
                "content": ""
            }
        },
        {
            "reviewer": {
                "name": "Nguyễn Vinh Kiêm",
                "date": "Đã tham gia 6 năm",
                "reviewCount": "6 Đánh giá",
                "likedCount": "0 Lượt cảm ơn"
            },
            "review": {
                "rating": 5,
                "title": "Cực kì hài lòng",
                "content": "Em thấy tốc độ giao.hàng nhanh ạ"
            }
        },
        {
            "reviewer": {
                "name": "Nguyễn thị yến oanh",
                "date": "Đã tham gia 7 năm",
                "reviewCount": "46 Đánh giá",
                "likedCount": "2 Lượt cảm ơn"
            },
            "review": {
                "rating": 5,
                "title": "Cực kì hài lòng",
                "content": ""
            }
        },
        {
            "reviewer": {
                "name": "Aram Dono",
                "date": "Đã tham gia 4 năm",
                "reviewCount": "87 Đánh giá",
                "likedCount": "7 Lượt cảm ơn"
            },
            "review": {
                "rating": 5,
                "title": "Cực kì hài lòng",
                "content": "sách đẹp"
            }
        },
        {
            "reviewer": {
                "name": "Lê Thị Thu Hiếu",
                "date": "Đã tham gia 5 năm",
                "reviewCount": "8 Đánh giá",
                "likedCount": "0 Lượt cảm ơn"
            },
            "review": {
                "rating": 5,
                "title": "Cực kì hài lòng",
                "content": ""
            }
        },
        {
            "reviewer": {
                "name": "Dao Tung",
                "date": "Đã tham gia 5 năm",
                "reviewCount": "18 Đánh giá",
                "likedCount": "0 Lượt cảm ơn"
            },
            "review": {
                "rating": 5,
                "title": "Cực kì hài lòng",
                "content": ""
            }
        },
        {
            "reviewer": {
                "name": "Nguyễn Văn Tĩnh",
                "date": "Đã tham gia 3 năm",
                "reviewCount": "7 Đánh giá",
                "likedCount": "0 Lượt cảm ơn"
            },
            "review": {
                "rating": 5,
                "title": "Cực kì hài lòng",
                "content": ""
            }
        },
        {
            "reviewer": {
                "name": "Đinh Thạc Sinh",
                "date": "Đã tham gia 5 năm",
                "reviewCount": "30 Đánh giá",
                "likedCount": "8 Lượt cảm ơn"
            },
            "review": {
                "rating": 5,
                "title": "Cực kì hài lòng",
                "content": "Tốt"
            }
        },
        {
            "reviewer": {
                "name": "PHÁT THUẬN",
                "date": "Đã tham gia 6 năm",
                "reviewCount": "60 Đánh giá",
                "likedCount": "2 Lượt cảm ơn"
            },
            "review": {
                "rating": 5,
                "title": "Cực kì hài lòng",
                "content": ""
            }
        },
        {
            "reviewer": {
                "name": "Nguyễn Anh Minh",
                "date": "Đã tham gia 8 năm",
                "reviewCount": "126 Đánh giá",
                "likedCount": "17 Lượt cảm ơn"
            },
            "review": {
                "rating": 5,
                "title": "Cực kì hài lòng",
                "content": ""
            }
        },
        {
            "reviewer": {
                "name": "Tạ Đình Phúc",
                "date": "Đã tham gia 5 năm",
                "reviewCount": "76 Đánh giá",
                "likedCount": "0 Lượt cảm ơn"
            },
            "review": {
                "rating": 5,
                "title": "Cực kì hài lòng",
                "content": "chs hay"
            }
        },
        {
            "reviewer": {
                "name": "Đào Đức Đắc",
                "date": "Đã tham gia 6 năm",
                "reviewCount": "189 Đánh giá",
                "likedCount": "4 Lượt cảm ơn"
            },
            "review": {
                "rating": 5,
                "title": "Cực kì hài lòng",
                "content": "Hài Lòng"
            }
        },
        {
            "reviewer": {
                "name": "Phong Duong",
                "date": "Đã tham gia 9 năm",
                "reviewCount": "107 Đánh giá",
                "likedCount": "2 Lượt cảm ơn"
            },
            "review": {
                "rating": 5,
                "title": "Cực kì hài lòng",
                "content": ""
            }
        },
        {
            "reviewer": {
                "name": "Anh Tú",
                "date": "Đã tham gia 8 năm",
                "reviewCount": "111 Đánh giá",
                "likedCount": "41 Lượt cảm ơn"
            },
            "review": {
                "rating": 5,
                "title": "Cực kì hài lòng",
                "content": "rẻ, giao nhanh nè hiiiiiiiii"
            }
        },
        {
            "reviewer": {
                "name": "Tran Tam",
                "date": "Đã tham gia 11 năm",
                "reviewCount": "17 Đánh giá",
                "likedCount": "5 Lượt cảm ơn"
            },
            "review": {
                "rating": 5,
                "title": "Cực kì hài lòng",
                "content": "sản phẩm tốt"
            }
        },
        {
            "reviewer": {
                "name": "Nguyễn Hương Giang",
                "date": "Đã tham gia 4 năm",
                "reviewCount": "10 Đánh giá",
                "likedCount": "0 Lượt cảm ơn"
            },
            "review": {
                "rating": 5,
                "title": "Cực kì hài lòng",
                "content": ""
            }
        },
        {
            "reviewer": {
                "name": "Đặng Trương Trường Giang",
                "date": "Đã tham gia 7 năm",
                "reviewCount": "6 Đánh giá",
                "likedCount": "0 Lượt cảm ơn"
            },
            "review": {
                "rating": 5,
                "title": "Cực kì hài lòng",
                "content": ""
            }
        },
        {
            "reviewer": {
                "name": "Tường Vân",
                "date": "Đã tham gia 9 năm",
                "reviewCount": "65 Đánh giá",
                "likedCount": "1 Lượt cảm ơn"
            },
            "review": {
                "rating": 5,
                "title": "Cực kì hài lòng",
                "content": "Sách đẹp, chắc chắn."
            }
        },
        {
            "reviewer": {
                "name": "Nguyễn Thanh Thế",
                "date": "Đã tham gia 5 năm",
                "reviewCount": "532 Đánh giá",
                "likedCount": "19 Lượt cảm ơn"
            },
            "review": {
                "rating": 5,
                "title": "Cực kì hài lòng",
                "content": "sách hay"
            }
        },
        {
            "reviewer": {
                "name": "nam tran",
                "date": "Đã tham gia 4 năm",
                "reviewCount": "6 Đánh giá",
                "likedCount": "3 Lượt cảm ơn"
            },
            "review": {
                "rating": 5,
                "title": "Cực kì hài lòng",
                "content": "Sách hay"
            }
        },
        {
            "reviewer": {
                "name": "Anh Đức",
                "date": "Đã tham gia 4 năm",
                "reviewCount": "24 Đánh giá",
                "likedCount": "3 Lượt cảm ơn"
            },
            "review": {
                "rating": 5,
                "title": "Cực kì hài lòng",
                "content": ""
            }
        },
        {
            "reviewer": {
                "name": "Trần Đăng Khoa",
                "date": "Đã tham gia 13 năm",
                "reviewCount": "48 Đánh giá",
                "likedCount": "0 Lượt cảm ơn"
            },
            "review": {
                "rating": 5,
                "title": "Cực kì hài lòng",
                "content": ""
            }
        },
        {
            "reviewer": {
                "name": "Tài khoản Zalo",
                "date": "Đã tham gia 5 năm",
                "reviewCount": "15 Đánh giá",
                "likedCount": "0 Lượt cảm ơn"
            },
            "review": {
                "rating": 5,
                "title": "Cực kì hài lòng",
                "content": "ok"
            }
        },
        {
            "reviewer": {
                "name": "Thương Trần",
                "date": "Đã tham gia 4 năm",
                "reviewCount": "39 Đánh giá",
                "likedCount": "0 Lượt cảm ơn"
            },
            "review": {
                "rating": 5,
                "title": "Cực kì hài lòng",
                "content": ""
            }
        },
        {
            "reviewer": {
                "name": "Hoàng Thiện",
                "date": "Đã tham gia 6 năm",
                "reviewCount": "7 Đánh giá",
                "likedCount": "3 Lượt cảm ơn"
            },
            "review": {
                "rating": 5,
                "title": "Cực kì hài lòng",
                "content": ""
            }
        },
        {
            "reviewer": {
                "name": "Trn Ngc Quang",
                "date": "Đã tham gia 5 năm",
                "reviewCount": "28 Đánh giá",
                "likedCount": "1 Lượt cảm ơn"
            },
            "review": {
                "rating": 5,
                "title": "Cực kì hài lòng",
                "content": ""
            }
        },
        {
            "reviewer": {
                "name": "bi Nguyễn",
                "date": "Đã tham gia 5 năm",
                "reviewCount": "3 Đánh giá",
                "likedCount": "0 Lượt cảm ơn"
            },
            "review": {
                "rating": 5,
                "title": "Cực kì hài lòng",
                "content": ""
            }
        },
        {
            "reviewer": {
                "name": "Dang Van Luan",
                "date": "Đã tham gia 7 năm",
                "reviewCount": "31 Đánh giá",
                "likedCount": "1 Lượt cảm ơn"
            },
            "review": {
                "rating": 5,
                "title": "Cực kì hài lòng",
                "content": ""
            }
        },
        {
            "reviewer": {
                "name": "Hong Bui",
                "date": "Đã tham gia 4 năm",
                "reviewCount": "82 Đánh giá",
                "likedCount": "3 Lượt cảm ơn"
            },
            "review": {
                "rating": 5,
                "title": "Cực kì hài lòng",
                "content": ""
            }
        },
        {
            "reviewer": {
                "name": "Trần Thiện",
                "date": "Đã tham gia 3 năm",
                "reviewCount": "12 Đánh giá",
                "likedCount": "0 Lượt cảm ơn"
            },
            "review": {
                "rating": 5,
                "title": "Cực kì hài lòng",
                "content": "Gud"
            }
        },
        {
            "reviewer": {
                "name": "Phạm Văn Tùng",
                "date": "Đã tham gia 5 năm",
                "reviewCount": "171 Đánh giá",
                "likedCount": "5 Lượt cảm ơn"
            },
            "review": {
                "rating": 5,
                "title": "Cực kì hài lòng",
                "content": ""
            }
        },
        {
            "reviewer": {
                "name": "Tony Cheng",
                "date": "Đã tham gia 6 năm",
                "reviewCount": "22 Đánh giá",
                "likedCount": "1 Lượt cảm ơn"
            },
            "review": {
                "rating": 5,
                "title": "Cực kì hài lòng",
                "content": ""
            }
        },
        {
            "reviewer": {
                "name": "Cường Đỗ Đình",
                "date": "Đã tham gia 6 năm",
                "reviewCount": "25 Đánh giá",
                "likedCount": "0 Lượt cảm ơn"
            },
            "review": {
                "rating": 5,
                "title": "Cực kì hài lòng",
                "content": ""
            }
        },
        {
            "reviewer": {
                "name": "Nguyen Thi Kim Dung",
                "date": "Đã tham gia 5 năm",
                "reviewCount": "46 Đánh giá",
                "likedCount": "4 Lượt cảm ơn"
            },
            "review": {
                "rating": 5,
                "title": "Cực kì hài lòng",
                "content": ""
            }
        },
        {
            "reviewer": {
                "name": "Nguyễn Quốc Cường",
                "date": "Đã tham gia 5 năm",
                "reviewCount": "241 Đánh giá",
                "likedCount": "4 Lượt cảm ơn"
            },
            "review": {
                "rating": 5,
                "title": "Cực kì hài lòng",
                "content": ""
            }
        },
        {
            "reviewer": {
                "name": "Cuong Duong Ngoc",
                "date": "Đã tham gia 7 năm",
                "reviewCount": "38 Đánh giá",
                "likedCount": "9 Lượt cảm ơn"
            },
            "review": {
                "rating": 5,
                "title": "Cực kì hài lòng",
                "content": ""
            }
        },
        {
            "reviewer": {
                "name": "Mentori VN",
                "date": "Đã tham gia 5 năm",
                "reviewCount": "94 Đánh giá",
                "likedCount": "0 Lượt cảm ơn"
            },
            "review": {
                "rating": 5,
                "title": "Cực kì hài lòng",
                "content": ""
            }
        },
        {
            "reviewer": {
                "name": "Tuan le",
                "date": "Đã tham gia 3 năm",
                "reviewCount": "2 Đánh giá",
                "likedCount": "0 Lượt cảm ơn"
            },
            "review": {
                "rating": 5,
                "title": "Cực kì hài lòng",
                "content": ""
            }
        },
        {
            "reviewer": {
                "name": "Đồng Xuân Hưng",
                "date": "Đã tham gia 7 năm",
                "reviewCount": "75 Đánh giá",
                "likedCount": "0 Lượt cảm ơn"
            },
            "review": {
                "rating": 5,
                "title": "Cực kì hài lòng",
                "content": ""
            }
        },
        {
            "reviewer": {
                "name": "TRẦN NGỌC SỸ",
                "date": "Đã tham gia 9 năm",
                "reviewCount": "116 Đánh giá",
                "likedCount": "24 Lượt cảm ơn"
            },
            "review": {
                "rating": 5,
                "title": "Cực kì hài lòng",
                "content": "Nên mua."
            }
        },
        {
            "reviewer": {
                "name": "Nguyễn Ngọc Long",
                "date": "Đã tham gia 7 năm",
                "reviewCount": "2 Đánh giá",
                "likedCount": "1 Lượt cảm ơn"
            },
            "review": {
                "rating": 5,
                "title": "Cực kì hài lòng",
                "content": ""
            }
        },
        {
            "reviewer": {
                "name": "Nguyễn Ngọc Sáng",
                "date": "Đã tham gia 9 năm",
                "reviewCount": "11 Đánh giá",
                "likedCount": "5 Lượt cảm ơn"
            },
            "review": {
                "rating": 5,
                "title": "Cực kì hài lòng",
                "content": ""
            }
        },
        {
            "reviewer": {
                "name": "Phát Cơ",
                "date": "Đã tham gia 4 năm",
                "reviewCount": "5 Đánh giá",
                "likedCount": "0 Lượt cảm ơn"
            },
            "review": {
                "rating": 5,
                "title": "Cực kì hài lòng",
                "content": ""
            }
        },
        {
            "reviewer": {
                "name": "Thi Thu Ha Hoang",
                "date": "Đã tham gia 9 năm",
                "reviewCount": "2 Đánh giá",
                "likedCount": "0 Lượt cảm ơn"
            },
            "review": {
                "rating": 5,
                "title": "Cực kì hài lòng",
                "content": ""
            }
        },
        {
            "reviewer": {
                "name": "Lê Hưng",
                "date": "Đã tham gia 14 năm",
                "reviewCount": "108 Đánh giá",
                "likedCount": "14 Lượt cảm ơn"
            },
            "review": {
                "rating": 5,
                "title": "Cực kì hài lòng",
                "content": ""
            }
        },
        {
            "reviewer": {
                "name": "PHẠM NGỌC TÀI",
                "date": "Đã tham gia 11 năm",
                "reviewCount": "12 Đánh giá",
                "likedCount": "0 Lượt cảm ơn"
            },
            "review": {
                "rating": 5,
                "title": "Cực kì hài lòng",
                "content": ""
            }
        },
        {
            "reviewer": {
                "name": "Lê Khắc Định",
                "date": "Đã tham gia 6 năm",
                "reviewCount": "3 Đánh giá",
                "likedCount": "0 Lượt cảm ơn"
            },
            "review": {
                "rating": 5,
                "title": "Cực kì hài lòng",
                "content": ""
            }
        },
        {
            "reviewer": {
                "name": "Thuy Dong",
                "date": "Đã tham gia 6 năm",
                "reviewCount": "37 Đánh giá",
                "likedCount": "0 Lượt cảm ơn"
            },
            "review": {
                "rating": 4,
                "title": "Hài lòng",
                "content": ""
            }
        },
        {
            "reviewer": {
                "name": "Nguyễn Thị Thanh Vân",
                "date": "Đã tham gia 9 năm",
                "reviewCount": "107 Đánh giá",
                "likedCount": "36 Lượt cảm ơn"
            },
            "review": {
                "rating": 4,
                "title": "Hài lòng",
                "content": ""
            }
        }
    ]
}