{
    "url": "https://tiki.vn/xay-dung-cau-chuyen-thuong-hieu-tai-ban-p193895771.html?spid=193895772",
    "info": {
        "title": "Xây Dựng Câu Chuyện Thương Hiệu (Tái Bản)",
        "author": "Donald Miller",
        "imageUrl": "https://salt.tikicdn.com/cache/750x750/ts/product/05/d6/83/93c7463cbedac7e68e3b114e05cae3b1.jpg.webp",
        "soldQuantity": 324,
        "currentPrice": 124000,
        "originalPrice": 169000
    },
    "details": {
        "bookVersion": "Phiên bản thường",
        "publisher": "1980 Books",
        "publishDate": "2022-08-01 00:00:00",
        "dimensions": "13 x 20.5 cm",
        "translator": "Vũ Diệu Hương",
        "coverType": "Bìa mềm",
        "pageCount": "372",
        "publishingHouse": "Nhà Xuất Bản Lao Động"
    },
    "description": "Hầu hết các công ty đang lãng phí một khoản tiền khổng lồ vào tiếp thị. Liệu có ai làm kinh doanh mà chưa từng trải qua cảm giác điên đầu khi ném những đồng tiền quý báu vào một chiến dịch tiếp thị thất bại?\n- Chúng ta đã sai sót ở đâu?\n- Có phải sản phẩm của ta không thực sự tốt?\n- Chúng ta đã tiếp cận đúng khách hàng mục tiêu, sử dụng đúng kênh truyền thông hay chưa?\nHãy thay đổi cách giao tiếp với công chúng, với những vị khách hàng tiềm năng của bạn! Donald Miller, một chuyên gia xây dựng thương hiệu, giám đốc điều hành của StoryBrand đã lý giải được nguyên nhân thất bại của các doanh nghiệp. Hãy quên đi các chiến dịch marketing tiền tỷ với những mục tiêu “trên trời”, và tập trung vào cải thiện ngay lập tức cách mà bạn đang “trò chuyện” với khách hàng! Miller tạo ra một khung làm việc chuẩn xác, cơ bản nhưng hiệu quả, để trợ giúp hàng ngàn công ty tiếp cận với khách hàng tốt hơn và thu được kết quả thực tiễn.\nCuốn sách“Xây dựng câu chuyện thương hiệu”của Donald Miller giúp bạn tồn tại trong một thế giới ồn ã, nhiễu loạn thông tin. Khi câu chuyện bạn kể đủ rõ ràng và hấp dẫn, bạn sẽ chạm được đến trái tim khách hàng, thôi thúc họ hành động và tin tưởng bạn – với chi phí tiết kiệm nhất. Và tác phẩm này hướng dẫn bạn công thức đơn giản nhất để làm được điều đó, thông qua những ví dụ sinh động và sát thực.\nBậc thầy tiếp thị Seth Godin đã khen ngợi tác phẩm: \"Đây là một cuốn sách chuyên sâu được xây dựng với mục đích sáng tỏ, tiếp thêm sinh lực và biến đổi doanh nghiệp của bạn. Donald Miller đã đưa ra một cách thức cụ thể, chi tiết và hữu ích nhằm thay đổi cách bạn truyền đạt về công việc của mình\".\nGiá sản phẩm trên Tiki đã bao gồm thuế theo luật hiện hành. Bên cạnh đó, tuỳ vào loại sản phẩm, hình thức và địa chỉ giao hàng mà có thể phát sinh thêm chi phí khác như phí vận chuyển, phụ phí hàng cồng kềnh, thuế nhập khẩu (đối với đơn hàng giao từ nước ngoài có giá trị trên 1 triệu đồng).....",
    "rating": {
        "totalRating": 4.6,
        "numberOfRating": 13
    },
    "reviews": [
        {
            "reviewer": {
                "name": "Lê Hoa",
                "date": "Đã tham gia 7 năm",
                "reviewCount": "18 Đánh giá",
                "likedCount": "0 Lượt cảm ơn"
            },
            "review": {
                "rating": 5,
                "title": "Cực kì hài lòng",
                "content": "Sách hay! Đọc rất cuốn. Hỗ trợ việc định hình và xây dựng thương hiệu"
            }
        },
        {
            "reviewer": {
                "name": "Nguyễn Quốc Trung",
                "date": "Đã tham gia 4 năm",
                "reviewCount": "13 Đánh giá",
                "likedCount": "0 Lượt cảm ơn"
            },
            "review": {
                "rating": 5,
                "title": "Cực kì hài lòng",
                "content": ""
            }
        },
        {
            "reviewer": {
                "name": "Doan Tung",
                "date": "Đã tham gia 9 năm",
                "reviewCount": "27 Đánh giá",
                "likedCount": "0 Lượt cảm ơn"
            },
            "review": {
                "rating": 5,
                "title": "Cực kì hài lòng",
                "content": ""
            }
        },
        {
            "reviewer": {
                "name": "TQNguyen",
                "date": "Đã tham gia 6 năm",
                "reviewCount": "12 Đánh giá",
                "likedCount": "1 Lượt cảm ơn"
            },
            "review": {
                "rating": 5,
                "title": "Cực kì hài lòng",
                "content": ""
            }
        },
        {
            "reviewer": {
                "name": "Hanaa tana",
                "date": "Đã tham gia 4 năm",
                "reviewCount": "83 Đánh giá",
                "likedCount": "3 Lượt cảm ơn"
            },
            "review": {
                "rating": 5,
                "title": "Cực kì hài lòng",
                "content": ""
            }
        }
    ]
}