{
    "url": "https://tiki.vn/khoi-nghiep-lang-man-va-thuc-te-p276388838.html?spid=276388841",
    "info": {
        "title": "Khởi Nghiệp, Lãng Mạn Và Thực Tế",
        "author": "Đỗ Cao Bảo",
        "imageUrl": "https://salt.tikicdn.com/cache/750x750/ts/product/51/6b/04/e72631a08c9937b99604258b1eb71f98.jpg.webp",
        "soldQuantity": 90,
        "currentPrice": 126000,
        "originalPrice": 179000
    },
    "details": {
        "Bookcare": "Có",
        "publisher": "Thái Hà",
        "dimensions": "15.5x24 cm",
        "pageCount": "480",
        "publishingHouse": "Nhà Xuất Bản Công Thương"
    },
    "description": "Đỗ Cao Bảo là nhà đồng sáng lập, Chủ tịch Uỷ ban Nhân sự và Lương thưởng, nguyên Phó Tổng giám đốc phụ trách kinh doanh Tập đoàn FPT, doanh nghiệp tư nhân có vốn hóa lớn nhất Việt Nam với trên 80.000 nhân viên.\nHơn 36 năm gắn bó với tập đoàn FPT - công ty dịch vụ IT lớn nhất Đông Nam Á, từ chuyên gia phần mềm chuyển sang kinh doanh và quản lý, là Tổng giám đốc, Chủ tịch Công ty FPT IS, ông đã dẫn dắt FPT IS trở thành quả đấm thép của Tập đoàn FPT, là tổ chức xây dựng và triển khai hầu hết các hệ thống công nghệ thông tin lớn cấp ngành, cấp quốc gia, không chỉ của Việt Nam mà của Lào, Campuchia, Philippines, Myanmar, Bangladesh.\nKhởi nghiệp, nếu không có những giấc mơ lãng mạn và khát vọng lớn, đôi khi đến viển vông thì cùng lắm chỉ có thể tạo ra được những doanh nghiệp bình thường. Tuy nhiên, nếu không có tính thực tiễn và những hành động thực tế phù hợp cho từng giai đoạn thì giấc mơ và khát vọng mãi mãi là viển vông. Đó là lý do cuốn sách này có tên Khởi nghiệp, lãng mạn và thực tế.\nCuốn sách Khởi nghiệp, lãng mạn và thực tế là một tác phẩm xuất sắc về chủ đề khởi nghiệp, mang đến những câu chuyện thực tế và các nguyên lý cơ bản về lãnh đạo và quản trị doanh nghiệp. Cuốn sách mở ra một góc nhìn đầy cảm hứng về khởi nghiệp, từ những doanh nhân trẻ dám đối đầu với thử thách, chấp nhận rủi ro, và không sợ thất bại.\nMột điểm nổi bật của cuốn sách là cách tác giả kết hợp khéo léo giữa những yếu tố thực tế và lãng mạn trong hành trình khởi nghiệp. Tác giả nhấn mạnh rằng khởi nghiệp không chỉ là vấn đề của doanh nhân, mà còn là mối quan tâm của toàn xã hội. Tác phẩm không chỉ đưa ra các nguyên lý kinh doanh mà còn lồng ghép những câu chuyện tình yêu đầy cảm hứng của các doanh nhân nổi tiếng trên thế giới.\nCuốn sách còn tập trung vào những mô hình khởi nghiệp thành công toàn cầu như Airbnb và Tesla, nhấn mạnh tầm quan trọng của việc tạo ra những giá trị mới cho xã hội. Đây là một điểm mạnh của tác phẩm, bởi nó không chỉ cung cấp những kiến thức lý thuyết mà còn mang đến những bài học thực tiễn từ các câu chuyện của các doanh nghiệp thành công hàng đầu như FPT, Apple, Amazon, và Infosys...\nTác phẩm là sự kết hợp tuyệt vời giữa những trải nghiệm cá nhân của tác giả và các nghiên cứu chuyên sâu về khởi nghiệp, giúp người đọc không chỉ nắm bắt được các nguyên lý cơ bản mà còn hiểu rõ hơn về tinh thần khởi nghiệp và những câu chuyện đằng sau sự thành công của các tập đoàn lớn. Đây chắc chắn là cuốn sách đáng đọc cho mọi đối tượng, từ người khởi nghiệp đến những ai quan tâm đến các vấn đề kinh doanh và quản trị.\nPhần kết: Những giá trị vĩnh cửu, bất biến với thời gian trong thời đại thay đổi đến chóng mặt\n\nGiá sản phẩm trên Tiki đã bao gồm thuế theo luật hiện hành. Bên cạnh đó, tuỳ vào loại sản phẩm, hình thức và địa chỉ giao hàng mà có thể phát sinh thêm chi phí khác như phí vận chuyển, phụ phí hàng cồng kềnh, thuế nhập khẩu (đối với đơn hàng giao từ nước ngoài có giá trị trên 1 triệu đồng).....",
    "rating": {
        "totalRating": 5.0,
        "numberOfRating": 3
    },
    "reviews": [
        {
            "reviewer": {
                "name": "Anh Trung",
                "date": "Đã tham gia 2 năm",
                "reviewCount": "2 Đánh giá",
                "likedCount": "0 Lượt cảm ơn"
            },
            "review": {
                "rating": 5,
                "title": "Cực kì hài lòng",
                "content": "Sách được bọc và bảo vệ tốt Mới. Shipper chuyên nghiệp và nhanh chóng"
            }
        },
        {
            "reviewer": {
                "name": "Lê Quỳnh Minh Ngân",
                "date": "Đã tham gia 5 năm",
                "reviewCount": "18 Đánh giá",
                "likedCount": "4 Lượt cảm ơn"
            },
            "review": {
                "rating": 5,
                "title": "Cực kì hài lòng",
                "content": ""
            }
        },
        {
            "reviewer": {
                "name": "Thuat Do Van",
                "date": "Đã tham gia 6 năm",
                "reviewCount": "4 Đánh giá",
                "likedCount": "1 Lượt cảm ơn"
            },
            "review": {
                "rating": 5,
                "title": "Cực kì hài lòng",
                "content": ""
            }
        }
    ]
}