{
    "url": "https://tiki.vn/p-kotler-tiep-thi-6-0-tuong-lai-la-toan-nhap-p276376962.html?spid=276376963",
    "info": {
        "title": "P.Kotler. Tiếp thị 6.0: Tương lai là toàn nhập",
        "author": "Philip Kotler,",
        "imageUrl": "https://salt.tikicdn.com/cache/750x750/ts/product/26/2e/b0/f0a43975a5cbf7c3d72844523979a6a7.png.webp",
        "soldQuantity": 48,
        "currentPrice": 117000,
        "originalPrice": 140000
    },
    "details": {
        "publisher": "NXB Trẻ",
        "publishDate": "2024-10-17 00:00:00",
        "dimensions": "13 x 20.5",
        "coverType": "Bìa mềm",
        "pageCount": "296",
        "publishingHouse": "NXB Trẻ"
    },
    "description": "Trong \"Tiếp thị 6.0\", Philip Kotler, nhà tiếp thị nổi tiếng đã phổ biến khái niệm \"4P trong tiếp thị\", giải thích cách các nhà tiếp thị có thể sử dụng công nghệ để đáp ứng nhu cầu của khách hàng và tạo ra sự khác biệt. Trong thời đại mới tiếp thị siêu kênh (metamarketing) ngày nay, cuốn sách này sẽ cung cấp cho các nhà tiếp thị cách tích hợp sự phát triển công nghệ và mô hình kinh doanh với những thay đổi đáng kể trong hành vi của người tiêu dùng đã xảy ra trong thập kỷ qua.\nĐộc giả sẽ được tìm hiểu về:\nTiếp thị đã phát triển để giải quyết những thách thức toàn cầu và thay đổi kỳ vọng của khách hàng. Áp dụng các chủ đề về sự bền vững và công nghệ mới để thu hút với khách hàng là điều cần thiết để các doanh nghiệp duy trì sự phù hợp của mình. Quả thực tiếp thị đã chuyển từ truyền thống sang kỹ thuật số, nhưng hầu hết khách hàng vẫn đánh giá cao một số hình thức tương tác con người. Do đó, tiếp thị đa kênh và hợp kênh đã trở nên phổ biến trong giới tiếp thị nhằm tận dụng cả sự tương tác truyền thống và kỹ thuật số. Tiếp thị siêu kênh vượt xa điều đó và mang lại sự hội tụ thực sự giữa vật lý và kỹ thuật số bằng cách cung cấp một trải nghiệm khách hàng tương tác và toàn nhập hơn trong cả không gian vật lý lẫn kỹ thuật số.\nGiá sản phẩm trên Tiki đã bao gồm thuế theo luật hiện hành. Bên cạnh đó, tuỳ vào loại sản phẩm, hình thức và địa chỉ giao hàng mà có thể phát sinh thêm chi phí khác như phí vận chuyển, phụ phí hàng cồng kềnh, thuế nhập khẩu (đối với đơn hàng giao từ nước ngoài có giá trị trên 1 triệu đồng).....",
    "rating": {
        "totalRating": 5.0,
        "numberOfRating": 2
    },
    "reviews": [
        {
            "reviewer": {
                "name": "Ngọc Trinh Đường",
                "date": "Đã tham gia 10 năm",
                "reviewCount": "8 Đánh giá",
                "likedCount": "0 Lượt cảm ơn"
            },
            "review": {
                "rating": 5,
                "title": "Cực kì hài lòng",
                "content": "Màu sắc như hình, sách có kèm bookmark (giống bìa)."
            }
        },
        {
            "reviewer": {
                "name": "Nguyễn Vũ Duy Tân",
                "date": "Đã tham gia 8 năm",
                "reviewCount": "159 Đánh giá",
                "likedCount": "40 Lượt cảm ơn"
            },
            "review": {
                "rating": 5,
                "title": "Cực kì hài lòng",
                "content": ""
            }
        }
    ]
}