{
    "url": "https://tiki.vn/dai-hoc-khoi-nghiep-nhin-tu-dai-hoc-mit-hoa-ky-p273707135.html?spid=273707136",
    "info": {
        "title": "Đại Học Khởi Nghiệp - Entrerpeneurial University",
        "author": "Đặng Đức Thành",
        "imageUrl": null,
        "soldQuantity": 105,
        "currentPrice": 390000,
        "originalPrice": 390000
    },
    "details": {
        "publisher": "Công Ty Cổ Phần Văn Hóa Sách Sài Gòn",
        "coverType": "Bìa mềm",
        "pageCount": "163",
        "publishingHouse": "Nhà Xuất Bản Thế Giới"
    },
    "description": "Cuốn sáchĐại Học Khởi NghiệpđượcCEO Đặng Đức Thànhbiên soạn với tâm huyết góp thêm những quan điểm, kiến thức có tính khoa học cho đường hướng phát triển của giáo dục đại học tại Việt Nam.\nVới bố cục chặt chẽ, văn phong khúc triết và hàm lượng kiến thức sâu rộng,Đại học khởi nghiệpmang đến cho bạn đọc góc nhìn vừa tổng thể, vừa sâu rộng và trực quan về giáo dục đại học trên thế giới và tại Việt Nam.\nTác giả tập trung kiến giải sự cần thiết ra đời của mô hình đại học khởi nghiệp, các vấn đề xoay quanh việc xây dựng hệ sinh thái cho mô hình đó, và gợi ý các sản phẩm hữu ích của nó. Mô hình“Đại học khởi nghiệp”được kỳ vọng là cầu nối giữa kiến thức hàn lâm và thực tiễn kinh doanh, đóng vai trò trung tâm trong hệ sinh thái khởi nghiệp đổi mới sáng tạo, kết nối hiệu quả doanh nghiệp, nhà đầu tư, và chính phủ…\nThông qua việc tập trung phân tích hai mô hình đại học truyền thống và đại học khởi nghiệp tại Việt Nam, soi chiếu thêm từ một số ví dụ thực tiễn điển hình của các trường đại học nổi tiếng trên thế giới, cuốn sách chỉ ra sự đúng đắn và những lợi ích khi giáo dục đại học Việt Nam chuyển đổi, phát triển lên mô hình đại học khởi nghiệp - đổi mới sáng tạo. Đồng thời, tác giả cũng hiến kế, cung cấp các đề xuất để tiến tới nhân rộng sự chuyển đổi mô hình đó.\nĐại học khởi nghiệpkhông chỉ là nơi cung cấp kiến thức mà còn là môi trường ươm mầm cho những ý tưởng sáng tạo, tạo điều kiện để sinh viên có thể biến kiến thức thành hành động, biến ước mơ thành hiện thực. Một trường Đại học khởi nghiệp sẽ khuyến khích tinh thần đổi mới, dám nghĩ, dám làm và hỗ trợ toàn diện từ cơ sở vật chất đến mạng lưới kết nối với doanh nghiệp. Các bạn sinh viên không chỉ học trong sách vở mà còn được học từ những thành công, cả những trải nghiệm bất thành, từ việc thử nghiệm và sáng tạo.\nCuốn sách không chỉ là tài liệu quý giá mà còn là kim chỉ nam giúp định hướng cho nhiều thế hệ sinh viên và các bạn trẻ trong việc xây dựng tư duy khởi nghiệp tại các trường đại học. Sự ra đời của cuốn sách không chỉ phản ánh tầm nhìn sâu rộng mà còn là sự kết nối giữa tri thức, kinh nghiệm thực tiễn và tinh thần đổi mới. Nó góp phần lan tỏa cảm hứng và kiến thức cho những người trẻ, giúp họ sẵn sàng bước vào hành trình khởi nghiệp đầy thách thức và cơ hội.\nSách hữu ích với nhà quản lý giáo dục, những người làm chính sách về giáo dục, sinh viên, doanh nghiệp, bạn đọc quan tâm đến giáo dục đại học trên thế giới nói chung và tại Việt Nam nói riêng…\n“Cuốn sách chính là là tài liệu tham khảo để nghiên cứu ứng dụng mô hình trường Đại học khởi nghiệp tại Việt Nam.”\nGS. TS. Nguyễn Hữu Đức\n“Khởi nghiệp không phải là hành trình dễ dàng, nhưng với nền tảng tri thức và sự hỗ trợ từ nhà trường, từ các chuyên gia, doanh nhân doanh nghiệp, tôi tin rằng các bạn sẽ có đủ niềm tin và bản lĩnh để bước vào con đường này, đóng góp vào sự phát triển của đất nước và xã hội.”\nTS. Trần Đình Lý\n“Việc phát triển Đại học khởi nghiệp sẽ là một đóng góp lớn cho nền giáo dục đại học nói riêng và nền kinh tế Việt Nam nói chung.”\nTS. Phạm Đỗ Chí\n“Đại học khởi nghiệp sẽ là mô hình trong tương lai mà các trường đại học nên hướng đến – một trong những minh chứng cho việc trường đại học là động lực quan trọng góp phần vào sự tăng trưởng vượt bậc của nền kinh tế sáng tạo.”\nPhan Thị Quý Trúc\n“Với vai trò cầu nối giữa tri thức và thị trường, Đại học khởi nghiệp chính là chìa khóa để mở ra một nền kinh tế đầy sáng tạo và bền vững.”\nThS. Hàng Nhật Quang\nGiá sản phẩm trên Tiki đã bao gồm thuế theo luật hiện hành. Bên cạnh đó, tuỳ vào loại sản phẩm, hình thức và địa chỉ giao hàng mà có thể phát sinh thêm chi phí khác như phí vận chuyển, phụ phí hàng cồng kềnh, thuế nhập khẩu (đối với đơn hàng giao từ nước ngoài có giá trị trên 1 triệu đồng).....",
    "rating": {
        "totalRating": 5.0,
        "numberOfRating": 9
    },
    "reviews": [
        {
            "reviewer": {
                "name": "Dieu Pham",
                "date": "Đã tham gia 3 năm",
                "reviewCount": "2 Đánh giá",
                "likedCount": "0 Lượt cảm ơn"
            },
            "review": {
                "rating": 5,
                "title": "Cực kì hài lòng",
                "content": "Giao sách siêu nhanh. Sách thiết kế và in rất đẹp. Bạn nào đang là sinh viên hay chuẩn bị làm sinh viên nên mua 1 cuốn nhé. Kim chỉ nam đó ạ ❤️❤️❤️❤️"
            }
        },
        {
            "reviewer": {
                "name": "Nguyen Tran Hong Van",
                "date": "Đã tham gia 3 năm",
                "reviewCount": "1 Đánh giá",
                "likedCount": "0 Lượt cảm ơn"
            },
            "review": {
                "rating": 5,
                "title": "Cực kì hài lòng",
                "content": "Giao hàng nhanh! chữ hơi nhiều, phần nền trang trí hơi rối chữ làm mỏi mắt.\r\nThêm một cuốn để đầu giường."
            }
        },
        {
            "reviewer": {
                "name": "Quân Nguyễn",
                "date": "Đã tham gia 1 năm",
                "reviewCount": "1 Đánh giá",
                "likedCount": "0 Lượt cảm ơn"
            },
            "review": {
                "rating": 5,
                "title": "Cực kì hài lòng",
                "content": "Đọc sách nơi Quê hương Đồng Khởi - Bến Tre"
            }
        },
        {
            "reviewer": {
                "name": "Trần Công Lộc",
                "date": "Đã tham gia 6 năm",
                "reviewCount": "6 Đánh giá",
                "likedCount": "1 Lượt cảm ơn"
            },
            "review": {
                "rating": 5,
                "title": "Cực kì hài lòng",
                "content": "Đóng gói và giao hàng nhanh"
            }
        },
        {
            "reviewer": {
                "name": "Nhat Quang",
                "date": "Đã tham gia 3 năm",
                "reviewCount": "41 Đánh giá",
                "likedCount": "3 Lượt cảm ơn"
            },
            "review": {
                "rating": 5,
                "title": "Cực kì hài lòng",
                "content": "Đóng gói cẩn thận, nội dung sách hay, ý nghĩa thực tiễn hiện nay."
            }
        }
    ]
}