{
    "url": "https://tiki.vn/nha-quan-tri-hieu-qua-the-effective-executive-peter-f-drucker-pace-books-p275853192.html?spid=275853193",
    "info": {
        "title": "Nhà Quản Trị Hiệu Quả (The Effective Executive) - Peter F. Drucker - PACE Books",
        "author": "Peter F. Drucker",
        "imageUrl": "https://salt.tikicdn.com/cache/750x750/ts/product/06/a8/4c/40123577f8762aa2af348bc324828f47.jpg.webp",
        "soldQuantity": 35,
        "currentPrice": 162800,
        "originalPrice": 185000
    },
    "details": {
        "publisher": "Viện Quản lý PACE",
        "publishDate": "2024-08-06 11:19:48",
        "pageCount": "320",
        "publishingHouse": "Nhà Xuất Bản Tổng hợp TP.HCM"
    },
    "description": "Tác phẩm:“NHÀ QUẢN TRỊ HIỆU QUẢ”(The Effective Executive)Tác giả:Peter F. DruckerNgười dịch: Nguyễn Dương HiếuPACE BOOKs phát hành | NXB Tổng Hợp TP.HCM\n\nNHÀ QUẢN TRỊ HIỆU QUẢ\nThe Effective Executive\nMột tác phẩm kinh điển của triết gia về quản trịcó ảnh hưởng nhất mọi thời, người được mệnh danhlà “cha đẻ” của quản trị kinh doanh hiện đại.\nĐiều gì tạo nên một nhà quản trị hiệu quả?\nTrong nhiều thập kỷ, Peter F. Drucker đã được thừa nhận rộng rãi là “người đứng đầu trong số các triết gia quản trị và kinh doanh của nước Mỹ và thế giới” (theo báoWall Street Journal).\nTrong tác phẩm kinh điển này, Peter F. Drucker nhắc lại cho chúng ta biết rằng thước đo thành công của nhà Quản trị là khả năng “thực hiện những công việc đúng đắn” hay “làm đúng việc”. Điều này thường bao gồm việc thực hiện những việc mà nhiều người khác có thể bỏ qua hay xem nhẹ, và tránh thực hiện những việc không hiệu quả. Trong vị trí này, các yếu tố như trí thông minh, trí tưởng tượng và kiến thức tất cả đều có thể bị lãng phí nếu nhà Quản trị không có được những thói quen giúp biến chúng thành những kết quả.\nDrucker xác định năm thực hành quan trọng để đạt hiệu quả kinh doanh mà mỗi nhà điều hành cần học và phải học là:\nVới những ví dụ trong các tổ chức ở cả khu vực công và khu vực tư nhân, Drucker trình bày những kỹ năng đặc trưng của nhà Quản trị, đưa ra những kiến giải mới mẻ cho những tình huống kinh doanh có vẻ quen thuộc và dường như đã quá rõ ràng trước đây.\nĐây được xem là cuốn cẩm nang giá trị giúp những nhà lãnh đạo, nhà quản lý để nâng cao hiệu quả quản trị, từ đó thúc đẩy thành công của tổ chức ở mọi quy mô.\n\n\nGiá sản phẩm trên Tiki đã bao gồm thuế theo luật hiện hành. Bên cạnh đó, tuỳ vào loại sản phẩm, hình thức và địa chỉ giao hàng mà có thể phát sinh thêm chi phí khác như phí vận chuyển, phụ phí hàng cồng kềnh, thuế nhập khẩu (đối với đơn hàng giao từ nước ngoài có giá trị trên 1 triệu đồng).....",
    "rating": {
        "totalRating": 5.0,
        "numberOfRating": 3
    },
    "reviews": [
        {
            "reviewer": {
                "name": "Nguyen Bich Diep",
                "date": "Đã tham gia 8 năm",
                "reviewCount": "41 Đánh giá",
                "likedCount": "4 Lượt cảm ơn"
            },
            "review": {
                "rating": 5,
                "title": "Cực kì hài lòng",
                "content": "Lật giở trang đầu tiên, bạn sẽ bắt gặp “10 bài học tôi học được từ Peter Drucker” của Jim Collins, và tiếp sau đó là 13 trang sách tràn đầy minh triết, khiến bạn sáng bừng tâm trí. Như Jim Collins chỉ ra cuốn sách như một tập hợp những điều răn, là cánh cửa nhỏ để đưa mọi người vào tâm trí của nhà tư tưởng quản trị vĩ đại nhất mọi thời."
            }
        },
        {
            "reviewer": {
                "name": "Hong Trung Đức",
                "date": "Đã tham gia 4 năm",
                "reviewCount": "13 Đánh giá",
                "likedCount": "0 Lượt cảm ơn"
            },
            "review": {
                "rating": 5,
                "title": "Cực kì hài lòng",
                "content": ""
            }
        },
        {
            "reviewer": {
                "name": "TRẦN ĐÌNH TUYẾN",
                "date": "Đã tham gia 6 năm",
                "reviewCount": "26 Đánh giá",
                "likedCount": "0 Lượt cảm ơn"
            },
            "review": {
                "rating": 5,
                "title": "Cực kì hài lòng",
                "content": ""
            }
        }
    ]
}