{
    "url": "https://tiki.vn/ai-5-0-nhanh-hon-de-hon-re-hon-chinh-xac-hon-p275316345.html?spid=275316346",
    "info": {
        "title": "AI 5.0 – Nhanh Hơn, Dễ Hơn, Rẻ Hơn, Chính Xác Hơn",
        "author": "Ajay Agrawal,",
        "imageUrl": "https://salt.tikicdn.com/cache/750x750/ts/product/23/60/6f/6be7599fab2b1e928bd2ed52ca0b2ef8.png.webp",
        "soldQuantity": 78,
        "currentPrice": 147000,
        "originalPrice": 209000
    },
    "details": {
        "Bookcare": "Có",
        "publisher": "1980 Books",
        "publishDate": "2024-06-01 00:00:00",
        "dimensions": "13 x 20,5 cm",
        "translator": "Lê Hạnh",
        "coverType": "Bìa mềm",
        "pageCount": "432",
        "publishingHouse": "Nhà Xuất Bản Công Thương"
    },
    "description": "Trong cuốn sách AI 5.0 – Nhanh hơn, dễ hơn, rẻ hơn, chính xác hơn, các tác giả đi sâu vào việc xem xét đơn vị phân tích cơ bản nhất: Quyết định. Các tác giả giải thích rằng hai thành phần quan trọng trong việc đưa ra quyết định là: Dự đoán và Phán đoán, và chúng ta thực hiện cả hai yếu tố đó cùng nhau trong tâm trí mà thường không nhận ra.\nSự phát triển của AI đang chuyển dự đoán từ con người sang máy móc, giúp con người giảm bớt gánh nặng nhận thức này đồng thời tăng tốc độ và độ chính xác của các quyết định. Điều này có ý nghĩa sâu sắc đối với sự đổi mới ở cấp độ hệ thống.\nViệc thiết kế lại các hệ thống đưa ra các quyết định phụ thuộc lẫn nhau cần có thời gian, nhiều ngành đang trong tình trạng yên tĩnh trước cơn bão, nhưng khi những hệ thống mới này xuất hiện, chúng có thể gây rối loạn trên quy mô toàn cầu.\nChứa đầy những hiểu biết sâu sắc, ví dụ phong phú và lời khuyên thực tế, AI 5.0 – Nhanh hơn, dễ hơn, rẻ hơn, chính xác hơn là hướng dẫn phải đọc cho bất kỳ nhà lãnh đạo doanh nghiệp hoặc nhà hoạch định chính sách nào về cách khiến những gián đoạn AI sắp tới có lợi cho bạn thay vì cản trở bạn. Đồng thời, các tác giả chỉ ra cách doanh nghiệp có thể tận dụng cơ hội cũng như bảo vệ vị thế của mình.\nGiá sản phẩm trên Tiki đã bao gồm thuế theo luật hiện hành. Bên cạnh đó, tuỳ vào loại sản phẩm, hình thức và địa chỉ giao hàng mà có thể phát sinh thêm chi phí khác như phí vận chuyển, phụ phí hàng cồng kềnh, thuế nhập khẩu (đối với đơn hàng giao từ nước ngoài có giá trị trên 1 triệu đồng).....",
    "rating": {
        "totalRating": 4.0,
        "numberOfRating": 1
    },
    "reviews": [
        {
            "reviewer": {
                "name": "Hoàng Quốc Khánh",
                "date": "Đã tham gia 4 năm",
                "reviewCount": "183 Đánh giá",
                "likedCount": "31 Lượt cảm ơn"
            },
            "review": {
                "rating": 4,
                "title": "Hài lòng",
                "content": "Sự trỗi dậy của AI đang và sẽ tác động nhiều lĩnh vực nhưng nó chỉ mới bắt đầu. Đây là cuốn thứ 4 trong bộ sách."
            }
        }
    ]
}