{
    "url": "https://tiki.vn/sach-combo-2-cuon-tu-duy-nguoc-tu-duy-mo-nguyen-anh-dung-sbooks-p275025208.html?spid=275025209",
    "info": {
        "title": "Sách Combo 2 Cuốn : Tư Duy Ngược + Tư Duy Mở (Nguyễn Anh Dũng) - SBOOKS",
        "author": "Nguyễn Anh Dũng",
        "imageUrl": "https://salt.tikicdn.com/cache/750x750/ts/product/18/33/57/05e0509a45969e8aecbbdc5ded11af81.jpeg.webp",
        "soldQuantity": 3000,
        "currentPrice": 124200,
        "originalPrice": 276000
    },
    "details": {
        "publisher": "SBOOKS",
        "publishDate": "2024-05-15 11:29:50",
        "coverType": "Bìa mềm",
        "pageCount": "452",
        "publishingHouse": "Nhà Xuất Bản Văn Học"
    },
    "description": "THÔNG TIN TÁC PHẨM\n_________________________________\nGIỚI THIỆU TÁC PHẨM\n1.TƯ DUY NGƯỢC\nChúng ta thực sự có hạnh phúc không? Chúng ta có đang sống cuộc đời mình không? Chúng ta có dám dũng cảm chiến thắng mọi khuôn mẫu, định kiến, đi ngược đám đông để khẳng định bản sắc riêng của mình không?. Có bao giờ bạn tự hỏi như thế, rồi có câu trả lời cho chính mình?\nTôi biết, không phải ai cũng đang sống cuộc đời của mình, không phải ai cũng dám vượt qua mọi lối mòn để sáng tạo và thành công… Dựa trên việc nghiên cứu, tìm hiểu, chắt lọc, tìm kiếm, ghi chép từ các câu chuyện trong đời sống, cũng như trải nghiệm của bản thân, tôi viết cuốn sách này.\nCuốn sách sẽ giải mã bạn là ai, bạn cần Tư duy ngược để thành công và hạnh phúc như thế nào và các phương pháp giúp bạn dũng cảm sống cuộc đời mà bạn muốn.\n\n2.TƯ DUY MỞ\nCon người đang sống trong thời đại công nghệ, khi mọi thứ thay đổi chóng mặt, điều đó đòi hỏi chúng ta phải linh hoạt trong cách tư duy để bắt kịp xu hướng toàn cầu. Hay nói cách khác, chúng ta cần có một tư duy mở để đón nhận và khai phá kiến thức mới, bởi nếu chúng ta cứ khăng khăng giữ định kiến của mình thì sự phát triển sẽ đi vào ngõ cụt.\nCụ thể hơn, người có tư duy mở tin rằng chỉ cần họ nỗ lực, thay đổi là có thể tiến bộ hơn. Họ sẽ vui vẻ chấp nhận thử thách, xem thử thách như cơ hội để học hỏi được những điều hay cái mới. Khi đối mặt với khó khăn hay không thành công, người có tư duy mở thường có thái độ: “Cách này không hiệu quả, vậy mình thử cách khác”. Đối với họ, thất bại chỉ là bài học giúp họ hoàn hảo hơn trên con đường khẳng định bản thân và phát triển sự nghiệp.\nVậy làm thế nào để biết được chúng ta đang có loại tư duy nào, đóng hay mở? Và làm thế nào chúng ta nhận ra chúng?\n\nNhưng làm thế nào để có được tư duy mở?\nVà tư duy mở góp phần vào cuộc sống của chúng ta thế nào?\n\nKhi bạn đặt ra những câu hỏi đó thì cuốn sách này sinh ra để dành cho bạn. Cuốn sách được biên soạn dựa trên sự học tập và nghiên cứu tài liệu trong và ngoài nước cũng như từ những trải nghiệm của bản thân tác giả sẽ mang lại cho bạn những giá trị hữu ích của tư duy mở, giúp bạn tự tin chinh phục ước mơ, sẵn sàng đón nhận mọi chướng ngại và luôn nở nụ cười hạnh phúc.\n_________________________________\nSBOOKS CAM KẾT:\n- Mọi đơn hàng đều được đóng gói tỉ mỉ và cẩn thận.\n- Sbooks luôn có chương trình tốt cho mọi đơn hàng.\n- Đổi trả sản phẩm trong vòng 7 ngày nếu lỗi từ nhà sản xuất.\n_________________________________\nSỨ MỆNH:\n- Sbooks được hình thành bởi sứ mệnh lan tỏa trí tuệ đến với mọi người.\n- Sbooks luôn hi vọng mỗi sản phẩm được quý khách hàng lựa chọn sẽ mang lại nhiều giá trị cho bản thân.\n*****************\nSbooks biết rằng người đọc có rất nhiều sự lựa chọn nhưng lại dành sự lựa chọn đó cho Sbooks, Sbooks xin chân thành cảm ơn sâu sắc đến người đọc. Chúc Quý Khách Hàng có 1 ngày mua sắm vui vẻ ^^!!!\n\nGiá sản phẩm trên Tiki đã bao gồm thuế theo luật hiện hành. Bên cạnh đó, tuỳ vào loại sản phẩm, hình thức và địa chỉ giao hàng mà có thể phát sinh thêm chi phí khác như phí vận chuyển, phụ phí hàng cồng kềnh, thuế nhập khẩu (đối với đơn hàng giao từ nước ngoài có giá trị trên 1 triệu đồng).....",
    "rating": {
        "totalRating": 4.7,
        "numberOfRating": 188
    },
    "reviews": [
        {
            "reviewer": {
                "name": "Quang Quang",
                "date": "Đã tham gia 5 năm",
                "reviewCount": "1 Đánh giá",
                "likedCount": "10 Lượt cảm ơn"
            },
            "review": {
                "rating": 5,
                "title": "Cực kì hài lòng",
                "content": "Sau khi phản ánh việc tác giả đặt tên sách trùng với sách của nước ngoài gây lên sự nhầm lẫn cho người mua thì Tiki đã giải quyết cho trả hàng hoàn tiền, Tiki tôn trọng khách hàng, cám ơn Tiki và đánh giá cao sự giải quyết này. Các nhân viên tư vấn rất nhiệt tình và thiện chí giải quyết. Rất cám ơn!"
            }
        },
        {
            "reviewer": {
                "name": "Thành Trung Nguyễn",
                "date": "Đã tham gia 5 năm",
                "reviewCount": "3 Đánh giá",
                "likedCount": "0 Lượt cảm ơn"
            },
            "review": {
                "rating": 5,
                "title": "Cực kì hài lòng",
                "content": "Giao hàng nhanh, đóng gói cẩn thận"
            }
        },
        {
            "reviewer": {
                "name": "Le Nguyen Ngoc Trinh",
                "date": "Đã tham gia 8 năm",
                "reviewCount": "1 Đánh giá",
                "likedCount": "0 Lượt cảm ơn"
            },
            "review": {
                "rating": 5,
                "title": "Cực kì hài lòng",
                "content": "Giao hàng đúng hẹn, sách đẹp, rõ nét. Tiki luôn uy tín trong việc giới thiệu sách hay đến công chúng. Xin cảm ơn Tiki và cảm ơn Tác giả đã mang đến chúng tôi những thông tin bổ ích. Trân trọng. Ngọc Trinh"
            }
        },
        {
            "reviewer": {
                "name": "Nguyễn Thắm",
                "date": "Đã tham gia 1 năm",
                "reviewCount": "1 Đánh giá",
                "likedCount": "0 Lượt cảm ơn"
            },
            "review": {
                "rating": 5,
                "title": "Cực kì hài lòng",
                "content": "Chất liệu in rõ đẹp, sách chuẩn đáng để mua. Khá hay"
            }
        },
        {
            "reviewer": {
                "name": "HUỲNH VĂN TÂM",
                "date": "Đã tham gia 5 năm",
                "reviewCount": "16 Đánh giá",
                "likedCount": "0 Lượt cảm ơn"
            },
            "review": {
                "rating": 5,
                "title": "Cực kì hài lòng",
                "content": "Đóng gói kỷ càng, giao hàng nhanh, giống như giới thiệu."
            }
        },
        {
            "reviewer": {
                "name": "lý hải đăng",
                "date": "Đã tham gia 2 tháng",
                "reviewCount": "12 Đánh giá",
                "likedCount": "1 Lượt cảm ơn"
            },
            "review": {
                "rating": 5,
                "title": "Cực kì hài lòng",
                "content": "Chất lượng sách tốt giá thành hợp lí \r\nOk la"
            }
        },
        {
            "reviewer": {
                "name": "Thư Lưu Quốc Anh",
                "date": "Đã tham gia 4 tháng",
                "reviewCount": "18 Đánh giá",
                "likedCount": "0 Lượt cảm ơn"
            },
            "review": {
                "rating": 5,
                "title": "Cực kì hài lòng",
                "content": "Sách của tiki giao luôn chất lượng"
            }
        },
        {
            "reviewer": {
                "name": "Nina ThienNga",
                "date": "Đã tham gia 6 năm",
                "reviewCount": "52 Đánh giá",
                "likedCount": "3 Lượt cảm ơn"
            },
            "review": {
                "rating": 5,
                "title": "Cực kì hài lòng",
                "content": "Nội dung sách thực tế , đọc có ví dụ thực tế rất thiết thực"
            }
        },
        {
            "reviewer": {
                "name": "Shop Trà Thái Nguyên Minh Phúc",
                "date": "Đã tham gia 5 năm",
                "reviewCount": "11 Đánh giá",
                "likedCount": "0 Lượt cảm ơn"
            },
            "review": {
                "rating": 5,
                "title": "Cực kì hài lòng",
                "content": "Sản phẩm tốt"
            }
        },
        {
            "reviewer": {
                "name": "Cao Văn Tuấn",
                "date": "Đã tham gia 5 năm",
                "reviewCount": "23 Đánh giá",
                "likedCount": "1 Lượt cảm ơn"
            },
            "review": {
                "rating": 5,
                "title": "Cực kì hài lòng",
                "content": "Nghe tên thấy hấp dẫn. Nhưng tác giả không nổi tiếng lắm"
            }
        },
        {
            "reviewer": {
                "name": "Hung Tran",
                "date": "Đã tham gia 7 năm",
                "reviewCount": "6 Đánh giá",
                "likedCount": "0 Lượt cảm ơn"
            },
            "review": {
                "rating": 5,
                "title": "Cực kì hài lòng",
                "content": "Sách in rõ nét đẹp, hàng mới đóng gói cẩn thận giao hàng nhanh,"
            }
        },
        {
            "reviewer": {
                "name": "Kiều Thị Bích",
                "date": "Đã tham gia 4 năm",
                "reviewCount": "11 Đánh giá",
                "likedCount": "0 Lượt cảm ơn"
            },
            "review": {
                "rating": 5,
                "title": "Cực kì hài lòng",
                "content": "Sách hay, có giá trị, trình bày nội dung đẹp và hấp dẫn, ý nghĩa."
            }
        },
        {
            "reviewer": {
                "name": "Tuyết Nguyễn",
                "date": "Đã tham gia 1 tháng",
                "reviewCount": "46 Đánh giá",
                "likedCount": "0 Lượt cảm ơn"
            },
            "review": {
                "rating": 5,
                "title": "Cực kì hài lòng",
                "content": "Giai hàng đúng thời hạn và đóng gói kỹ"
            }
        },
        {
            "reviewer": {
                "name": "Nguyễn Hoàng Phong",
                "date": "Đã tham gia 4 năm",
                "reviewCount": "10 Đánh giá",
                "likedCount": "0 Lượt cảm ơn"
            },
            "review": {
                "rating": 5,
                "title": "Cực kì hài lòng",
                "content": "Sách đẹp combo giá rẻ hơn mua ở nhà sách, *** nhiều.ngon!"
            }
        },
        {
            "reviewer": {
                "name": "Trí Nguyễn",
                "date": "Đã tham gia 7 năm",
                "reviewCount": "2 Đánh giá",
                "likedCount": "0 Lượt cảm ơn"
            },
            "review": {
                "rating": 5,
                "title": "Cực kì hài lòng",
                "content": "Giao hàng nhanh , sách đẹp . Cảm ơn shop"
            }
        },
        {
            "reviewer": {
                "name": "Lan Hoàng",
                "date": "Đã tham gia 6 năm",
                "reviewCount": "11 Đánh giá",
                "likedCount": "0 Lượt cảm ơn"
            },
            "review": {
                "rating": 5,
                "title": "Cực kì hài lòng",
                "content": "Sách đẹp, đóng gói cẩn thận, giao hàng nhanh"
            }
        },
        {
            "reviewer": {
                "name": "Trí Văn",
                "date": "Đã tham gia 6 năm",
                "reviewCount": "3 Đánh giá",
                "likedCount": "0 Lượt cảm ơn"
            },
            "review": {
                "rating": 5,
                "title": "Cực kì hài lòng",
                "content": "Sách hay, nội dung được tác giả xây dựng kỹ càng"
            }
        },
        {
            "reviewer": {
                "name": "Nguyen Duc Hanh",
                "date": "Đã tham gia 5 năm",
                "reviewCount": "4 Đánh giá",
                "likedCount": "0 Lượt cảm ơn"
            },
            "review": {
                "rating": 5,
                "title": "Cực kì hài lòng",
                "content": "Sách này mới có nhiều nội dung hay xin cảm ơn"
            }
        },
        {
            "reviewer": {
                "name": "PHÙNG ĐÌNH HIỆP",
                "date": "Đã tham gia 6 năm",
                "reviewCount": "31 Đánh giá",
                "likedCount": "7 Lượt cảm ơn"
            },
            "review": {
                "rating": 5,
                "title": "Cực kì hài lòng",
                "content": "Giao hàng nhanh, sách hay và ý nghĩa."
            }
        },
        {
            "reviewer": {
                "name": "Tạ Minh Dũng",
                "date": "Đã tham gia 2 tháng",
                "reviewCount": "1 Đánh giá",
                "likedCount": "0 Lượt cảm ơn"
            },
            "review": {
                "rating": 5,
                "title": "Cực kì hài lòng",
                "content": "Đúng như mô tả"
            }
        },
        {
            "reviewer": {
                "name": "Nguyễn Vũ Tuyết Mai",
                "date": "Đã tham gia 6 năm",
                "reviewCount": "6 Đánh giá",
                "likedCount": "0 Lượt cảm ơn"
            },
            "review": {
                "rating": 5,
                "title": "Cực kì hài lòng",
                "content": "Giao hàng đúng thời gian"
            }
        },
        {
            "reviewer": {
                "name": "Lê Minh Khánh",
                "date": "Đã tham gia 6 năm",
                "reviewCount": "8 Đánh giá",
                "likedCount": "15 Lượt cảm ơn"
            },
            "review": {
                "rating": 5,
                "title": "Cực kì hài lòng",
                "content": "Shop đóng gói cẩn thận"
            }
        },
        {
            "reviewer": {
                "name": "Do trung tuan",
                "date": "Đã tham gia 4 năm",
                "reviewCount": "24 Đánh giá",
                "likedCount": "1 Lượt cảm ơn"
            },
            "review": {
                "rating": 5,
                "title": "Cực kì hài lòng",
                "content": "Hay nhiều ý nghĩa"
            }
        },
        {
            "reviewer": {
                "name": "Trần Thị Thuý Hồng",
                "date": "Đã tham gia 5 năm",
                "reviewCount": "5 Đánh giá",
                "likedCount": "1 Lượt cảm ơn"
            },
            "review": {
                "rating": 5,
                "title": "Cực kì hài lòng",
                "content": "Tổng quan hài lòng"
            }
        },
        {
            "reviewer": {
                "name": "thai nguyen duy",
                "date": "Đã tham gia 6 năm",
                "reviewCount": "24 Đánh giá",
                "likedCount": "2 Lượt cảm ơn"
            },
            "review": {
                "rating": 5,
                "title": "Cực kì hài lòng",
                "content": ""
            }
        },
        {
            "reviewer": {
                "name": "Phan Hoàng Kim Thoa",
                "date": "Đã tham gia 6 năm",
                "reviewCount": "9 Đánh giá",
                "likedCount": "0 Lượt cảm ơn"
            },
            "review": {
                "rating": 5,
                "title": "Cực kì hài lòng",
                "content": ""
            }
        },
        {
            "reviewer": {
                "name": "Dung Do Anh",
                "date": "Đã tham gia 6 năm",
                "reviewCount": "11 Đánh giá",
                "likedCount": "0 Lượt cảm ơn"
            },
            "review": {
                "rating": 5,
                "title": "Cực kì hài lòng",
                "content": ""
            }
        },
        {
            "reviewer": {
                "name": "Nguyễn Tuấn Hùng",
                "date": "Đã tham gia 5 năm",
                "reviewCount": "6 Đánh giá",
                "likedCount": "0 Lượt cảm ơn"
            },
            "review": {
                "rating": 5,
                "title": "Cực kì hài lòng",
                "content": ""
            }
        },
        {
            "reviewer": {
                "name": "Huy Nguyen",
                "date": "Đã tham gia 5 năm",
                "reviewCount": "7 Đánh giá",
                "likedCount": "5 Lượt cảm ơn"
            },
            "review": {
                "rating": 5,
                "title": "Cực kì hài lòng",
                "content": "Rất hay"
            }
        },
        {
            "reviewer": {
                "name": "Trịnh hoài",
                "date": "Đã tham gia 5 năm",
                "reviewCount": "5 Đánh giá",
                "likedCount": "0 Lượt cảm ơn"
            },
            "review": {
                "rating": 5,
                "title": "Cực kì hài lòng",
                "content": ""
            }
        },
        {
            "reviewer": {
                "name": "Hydrus Tran",
                "date": "Đã tham gia 5 năm",
                "reviewCount": "10 Đánh giá",
                "likedCount": "1 Lượt cảm ơn"
            },
            "review": {
                "rating": 5,
                "title": "Cực kì hài lòng",
                "content": ""
            }
        },
        {
            "reviewer": {
                "name": "Lê thành long",
                "date": "Đã tham gia 1 năm",
                "reviewCount": "3 Đánh giá",
                "likedCount": "0 Lượt cảm ơn"
            },
            "review": {
                "rating": 5,
                "title": "Cực kì hài lòng",
                "content": ""
            }
        },
        {
            "reviewer": {
                "name": "Hoàng Hải",
                "date": "Đã tham gia 1 tháng",
                "reviewCount": "1 Đánh giá",
                "likedCount": "0 Lượt cảm ơn"
            },
            "review": {
                "rating": 5,
                "title": "Cực kì hài lòng",
                "content": ""
            }
        },
        {
            "reviewer": {
                "name": "Lang Tu",
                "date": "Đã tham gia 6 năm",
                "reviewCount": "52 Đánh giá",
                "likedCount": "0 Lượt cảm ơn"
            },
            "review": {
                "rating": 5,
                "title": "Cực kì hài lòng",
                "content": ""
            }
        },
        {
            "reviewer": {
                "name": "Linh Nguyen",
                "date": "Đã tham gia 3 năm",
                "reviewCount": "6 Đánh giá",
                "likedCount": "0 Lượt cảm ơn"
            },
            "review": {
                "rating": 5,
                "title": "Cực kì hài lòng",
                "content": ""
            }
        },
        {
            "reviewer": {
                "name": "Do manh",
                "date": "Đã tham gia 1 tháng",
                "reviewCount": "6 Đánh giá",
                "likedCount": "0 Lượt cảm ơn"
            },
            "review": {
                "rating": 5,
                "title": "Cực kì hài lòng",
                "content": ""
            }
        },
        {
            "reviewer": {
                "name": "Huong Dinh",
                "date": "Đã tham gia 2 năm",
                "reviewCount": "11 Đánh giá",
                "likedCount": "0 Lượt cảm ơn"
            },
            "review": {
                "rating": 5,
                "title": "Cực kì hài lòng",
                "content": "Rất bổ ích"
            }
        },
        {
            "reviewer": {
                "name": "Nguyễn Khắc Tuấn",
                "date": "Đã tham gia 4 năm",
                "reviewCount": "2 Đánh giá",
                "likedCount": "0 Lượt cảm ơn"
            },
            "review": {
                "rating": 5,
                "title": "Cực kì hài lòng",
                "content": ""
            }
        },
        {
            "reviewer": {
                "name": "Đoan Linh",
                "date": "Đã tham gia 5 năm",
                "reviewCount": "50 Đánh giá",
                "likedCount": "0 Lượt cảm ơn"
            },
            "review": {
                "rating": 5,
                "title": "Cực kì hài lòng",
                "content": ""
            }
        },
        {
            "reviewer": {
                "name": "Lyly Nguyen",
                "date": "Đã tham gia 6 năm",
                "reviewCount": "116 Đánh giá",
                "likedCount": "4 Lượt cảm ơn"
            },
            "review": {
                "rating": 5,
                "title": "Cực kì hài lòng",
                "content": ""
            }
        },
        {
            "reviewer": {
                "name": "Đinh Đại Phát",
                "date": "Đã tham gia 6 năm",
                "reviewCount": "1 Đánh giá",
                "likedCount": "0 Lượt cảm ơn"
            },
            "review": {
                "rating": 5,
                "title": "Cực kì hài lòng",
                "content": ""
            }
        },
        {
            "reviewer": {
                "name": "Chi Linh Nguyen",
                "date": "Đã tham gia 11 năm",
                "reviewCount": "65 Đánh giá",
                "likedCount": "17 Lượt cảm ơn"
            },
            "review": {
                "rating": 5,
                "title": "Cực kì hài lòng",
                "content": ""
            }
        },
        {
            "reviewer": {
                "name": "Thông Trần Quốc",
                "date": "Đã tham gia 2 năm",
                "reviewCount": "15 Đánh giá",
                "likedCount": "0 Lượt cảm ơn"
            },
            "review": {
                "rating": 5,
                "title": "Cực kì hài lòng",
                "content": ""
            }
        },
        {
            "reviewer": {
                "name": "Nguyễn Anh Tuấn",
                "date": "Đã tham gia 5 năm",
                "reviewCount": "3 Đánh giá",
                "likedCount": "0 Lượt cảm ơn"
            },
            "review": {
                "rating": 5,
                "title": "Cực kì hài lòng",
                "content": ""
            }
        },
        {
            "reviewer": {
                "name": "Hoang Dai Le",
                "date": "Đã tham gia 9 năm",
                "reviewCount": "28 Đánh giá",
                "likedCount": "0 Lượt cảm ơn"
            },
            "review": {
                "rating": 5,
                "title": "Cực kì hài lòng",
                "content": ""
            }
        },
        {
            "reviewer": {
                "name": "Hồ Tô Thị Khải Mùi",
                "date": "Đã tham gia 10 năm",
                "reviewCount": "24 Đánh giá",
                "likedCount": "0 Lượt cảm ơn"
            },
            "review": {
                "rating": 5,
                "title": "Cực kì hài lòng",
                "content": ""
            }
        },
        {
            "reviewer": {
                "name": "Mỹ Điên",
                "date": "Đã tham gia 3 năm",
                "reviewCount": "17 Đánh giá",
                "likedCount": "0 Lượt cảm ơn"
            },
            "review": {
                "rating": 5,
                "title": "Cực kì hài lòng",
                "content": ""
            }
        },
        {
            "reviewer": {
                "name": "nguyen thi xuan hoa",
                "date": "Đã tham gia 5 năm",
                "reviewCount": "8 Đánh giá",
                "likedCount": "3 Lượt cảm ơn"
            },
            "review": {
                "rating": 5,
                "title": "Cực kì hài lòng",
                "content": ""
            }
        },
        {
            "reviewer": {
                "name": "Quang Huy",
                "date": "Đã tham gia 1 năm",
                "reviewCount": "3 Đánh giá",
                "likedCount": "0 Lượt cảm ơn"
            },
            "review": {
                "rating": 5,
                "title": "Cực kì hài lòng",
                "content": ""
            }
        },
        {
            "reviewer": {
                "name": "Nguyễn Vũ",
                "date": "Đã tham gia 1 tháng",
                "reviewCount": "10 Đánh giá",
                "likedCount": "1 Lượt cảm ơn"
            },
            "review": {
                "rating": 5,
                "title": "Cực kì hài lòng",
                "content": ""
            }
        },
        {
            "reviewer": {
                "name": "Nguyễn Vân",
                "date": "Đã tham gia 5 năm",
                "reviewCount": "45 Đánh giá",
                "likedCount": "3 Lượt cảm ơn"
            },
            "review": {
                "rating": 5,
                "title": "Cực kì hài lòng",
                "content": ""
            }
        },
        {
            "reviewer": {
                "name": "Nguyễn Trung Kiên",
                "date": "Đã tham gia 1 tháng",
                "reviewCount": "3 Đánh giá",
                "likedCount": "0 Lượt cảm ơn"
            },
            "review": {
                "rating": 5,
                "title": "Cực kì hài lòng",
                "content": ""
            }
        },
        {
            "reviewer": {
                "name": "hồ tân",
                "date": "Đã tham gia 5 năm",
                "reviewCount": "144 Đánh giá",
                "likedCount": "55 Lượt cảm ơn"
            },
            "review": {
                "rating": 5,
                "title": "Cực kì hài lòng",
                "content": ""
            }
        },
        {
            "reviewer": {
                "name": "Đại Nghĩa Nguyễn",
                "date": "Đã tham gia 6 năm",
                "reviewCount": "8 Đánh giá",
                "likedCount": "0 Lượt cảm ơn"
            },
            "review": {
                "rating": 5,
                "title": "Cực kì hài lòng",
                "content": ""
            }
        },
        {
            "reviewer": {
                "name": "Tiệp Nguyễn",
                "date": "Đã tham gia 3 năm",
                "reviewCount": "5 Đánh giá",
                "likedCount": "0 Lượt cảm ơn"
            },
            "review": {
                "rating": 5,
                "title": "Cực kì hài lòng",
                "content": ""
            }
        },
        {
            "reviewer": {
                "name": "Pham Thi Ha Dong",
                "date": "Đã tham gia 6 năm",
                "reviewCount": "5 Đánh giá",
                "likedCount": "0 Lượt cảm ơn"
            },
            "review": {
                "rating": 5,
                "title": "Cực kì hài lòng",
                "content": ""
            }
        },
        {
            "reviewer": {
                "name": "Nguyen Van Thanh",
                "date": "Đã tham gia 6 năm",
                "reviewCount": "6 Đánh giá",
                "likedCount": "0 Lượt cảm ơn"
            },
            "review": {
                "rating": 5,
                "title": "Cực kì hài lòng",
                "content": ""
            }
        },
        {
            "reviewer": {
                "name": "Nhựt Huỳnh",
                "date": "Đã tham gia 6 năm",
                "reviewCount": "4 Đánh giá",
                "likedCount": "1 Lượt cảm ơn"
            },
            "review": {
                "rating": 5,
                "title": "Cực kì hài lòng",
                "content": ""
            }
        },
        {
            "reviewer": {
                "name": "Thanh Binh",
                "date": "Đã tham gia 3 năm",
                "reviewCount": "5 Đánh giá",
                "likedCount": "0 Lượt cảm ơn"
            },
            "review": {
                "rating": 5,
                "title": "Cực kì hài lòng",
                "content": ""
            }
        },
        {
            "reviewer": {
                "name": "Trang Nguyen",
                "date": "Đã tham gia 11 năm",
                "reviewCount": "67 Đánh giá",
                "likedCount": "1 Lượt cảm ơn"
            },
            "review": {
                "rating": 5,
                "title": "Cực kì hài lòng",
                "content": ""
            }
        },
        {
            "reviewer": {
                "name": "Nguyễn Quang Hường",
                "date": "Đã tham gia 8 năm",
                "reviewCount": "78 Đánh giá",
                "likedCount": "1 Lượt cảm ơn"
            },
            "review": {
                "rating": 5,
                "title": "Cực kì hài lòng",
                "content": ""
            }
        },
        {
            "reviewer": {
                "name": "Kakashi Hà",
                "date": "Đã tham gia 6 năm",
                "reviewCount": "9 Đánh giá",
                "likedCount": "0 Lượt cảm ơn"
            },
            "review": {
                "rating": 5,
                "title": "Cực kì hài lòng",
                "content": ""
            }
        },
        {
            "reviewer": {
                "name": "Trịnh Hồng Giang",
                "date": "Đã tham gia 1 năm",
                "reviewCount": "2 Đánh giá",
                "likedCount": "0 Lượt cảm ơn"
            },
            "review": {
                "rating": 5,
                "title": "Cực kì hài lòng",
                "content": "🥰🥰"
            }
        },
        {
            "reviewer": {
                "name": "Nguyễn Quang Luân",
                "date": "Đã tham gia 6 năm",
                "reviewCount": "65 Đánh giá",
                "likedCount": "15 Lượt cảm ơn"
            },
            "review": {
                "rating": 5,
                "title": "Cực kì hài lòng",
                "content": ""
            }
        },
        {
            "reviewer": {
                "name": "Thu Bình",
                "date": "Đã tham gia 2 năm",
                "reviewCount": "1 Đánh giá",
                "likedCount": "0 Lượt cảm ơn"
            },
            "review": {
                "rating": 5,
                "title": "Cực kì hài lòng",
                "content": ""
            }
        },
        {
            "reviewer": {
                "name": "Lê Văn Hoang Huy",
                "date": "Đã tham gia 7 năm",
                "reviewCount": "5 Đánh giá",
                "likedCount": "1 Lượt cảm ơn"
            },
            "review": {
                "rating": 5,
                "title": "Cực kì hài lòng",
                "content": ""
            }
        },
        {
            "reviewer": {
                "name": "Lưu Vinh",
                "date": "Đã tham gia 5 năm",
                "reviewCount": "54 Đánh giá",
                "likedCount": "3 Lượt cảm ơn"
            },
            "review": {
                "rating": 5,
                "title": "Cực kì hài lòng",
                "content": ""
            }
        },
        {
            "reviewer": {
                "name": "Nguyễn Thị Huyền",
                "date": "Đã tham gia 2 năm",
                "reviewCount": "1 Đánh giá",
                "likedCount": "0 Lượt cảm ơn"
            },
            "review": {
                "rating": 5,
                "title": "Cực kì hài lòng",
                "content": ""
            }
        },
        {
            "reviewer": {
                "name": "Lê Đức Thịnh",
                "date": "Đã tham gia 6 năm",
                "reviewCount": "155 Đánh giá",
                "likedCount": "3 Lượt cảm ơn"
            },
            "review": {
                "rating": 5,
                "title": "Cực kì hài lòng",
                "content": ""
            }
        },
        {
            "reviewer": {
                "name": "Toan nguyen",
                "date": "Đã tham gia 2 năm",
                "reviewCount": "11 Đánh giá",
                "likedCount": "0 Lượt cảm ơn"
            },
            "review": {
                "rating": 5,
                "title": "Cực kì hài lòng",
                "content": ""
            }
        },
        {
            "reviewer": {
                "name": "Vu Van",
                "date": "Đã tham gia 5 năm",
                "reviewCount": "3 Đánh giá",
                "likedCount": "0 Lượt cảm ơn"
            },
            "review": {
                "rating": 5,
                "title": "Cực kì hài lòng",
                "content": ""
            }
        },
        {
            "reviewer": {
                "name": "Ngoc Nguyen",
                "date": "Đã tham gia 4 năm",
                "reviewCount": "14 Đánh giá",
                "likedCount": "0 Lượt cảm ơn"
            },
            "review": {
                "rating": 5,
                "title": "Cực kì hài lòng",
                "content": ""
            }
        },
        {
            "reviewer": {
                "name": "Duy Bình",
                "date": "Đã tham gia 6 năm",
                "reviewCount": "1 Đánh giá",
                "likedCount": "0 Lượt cảm ơn"
            },
            "review": {
                "rating": 5,
                "title": "Cực kì hài lòng",
                "content": ""
            }
        },
        {
            "reviewer": {
                "name": "Nguyễn Duy Khánh Hùng",
                "date": "Đã tham gia 7 năm",
                "reviewCount": "7 Đánh giá",
                "likedCount": "1 Lượt cảm ơn"
            },
            "review": {
                "rating": 5,
                "title": "Cực kì hài lòng",
                "content": ""
            }
        },
        {
            "reviewer": {
                "name": "TRẦN SINH",
                "date": "Đã tham gia 4 năm",
                "reviewCount": "12 Đánh giá",
                "likedCount": "0 Lượt cảm ơn"
            },
            "review": {
                "rating": 5,
                "title": "Cực kì hài lòng",
                "content": ""
            }
        },
        {
            "reviewer": {
                "name": "Hoang Phuc",
                "date": "Đã tham gia 3 năm",
                "reviewCount": "8 Đánh giá",
                "likedCount": "0 Lượt cảm ơn"
            },
            "review": {
                "rating": 5,
                "title": "Cực kì hài lòng",
                "content": ""
            }
        },
        {
            "reviewer": {
                "name": "Phan Quang Tá",
                "date": "Đã tham gia 3 năm",
                "reviewCount": "8 Đánh giá",
                "likedCount": "0 Lượt cảm ơn"
            },
            "review": {
                "rating": 5,
                "title": "Cực kì hài lòng",
                "content": ""
            }
        },
        {
            "reviewer": {
                "name": "Nguyễn Dũng",
                "date": "Đã tham gia 3 năm",
                "reviewCount": "12 Đánh giá",
                "likedCount": "0 Lượt cảm ơn"
            },
            "review": {
                "rating": 5,
                "title": "Cực kì hài lòng",
                "content": ""
            }
        },
        {
            "reviewer": {
                "name": "Trinh Duy Khiem",
                "date": "Đã tham gia 4 năm",
                "reviewCount": "42 Đánh giá",
                "likedCount": "0 Lượt cảm ơn"
            },
            "review": {
                "rating": 5,
                "title": "Cực kì hài lòng",
                "content": ""
            }
        },
        {
            "reviewer": {
                "name": "Anh Minh",
                "date": "Đã tham gia 3 năm",
                "reviewCount": "30 Đánh giá",
                "likedCount": "1 Lượt cảm ơn"
            },
            "review": {
                "rating": 5,
                "title": "Cực kì hài lòng",
                "content": ""
            }
        },
        {
            "reviewer": {
                "name": "Tạ Đức Toàn",
                "date": "Đã tham gia 8 năm",
                "reviewCount": "22 Đánh giá",
                "likedCount": "6 Lượt cảm ơn"
            },
            "review": {
                "rating": 5,
                "title": "Cực kì hài lòng",
                "content": ""
            }
        },
        {
            "reviewer": {
                "name": "Quang Dũng",
                "date": "Đã tham gia 5 năm",
                "reviewCount": "60 Đánh giá",
                "likedCount": "4 Lượt cảm ơn"
            },
            "review": {
                "rating": 5,
                "title": "Cực kì hài lòng",
                "content": ""
            }
        },
        {
            "reviewer": {
                "name": "Anh Mẫn",
                "date": "Đã tham gia 6 năm",
                "reviewCount": "43 Đánh giá",
                "likedCount": "46 Lượt cảm ơn"
            },
            "review": {
                "rating": 5,
                "title": "Cực kì hài lòng",
                "content": ""
            }
        },
        {
            "reviewer": {
                "name": "NGUYỄN THANH MAI",
                "date": "Đã tham gia 4 năm",
                "reviewCount": "12 Đánh giá",
                "likedCount": "0 Lượt cảm ơn"
            },
            "review": {
                "rating": 5,
                "title": "Cực kì hài lòng",
                "content": ""
            }
        },
        {
            "reviewer": {
                "name": "Nguyễn Thuỵ Hoàng Trinh",
                "date": "Đã tham gia 6 năm",
                "reviewCount": "14 Đánh giá",
                "likedCount": "0 Lượt cảm ơn"
            },
            "review": {
                "rating": 5,
                "title": "Cực kì hài lòng",
                "content": ""
            }
        },
        {
            "reviewer": {
                "name": "Nguyễn Tấn Hải",
                "date": "Đã tham gia 10 năm",
                "reviewCount": "7 Đánh giá",
                "likedCount": "0 Lượt cảm ơn"
            },
            "review": {
                "rating": 5,
                "title": "Cực kì hài lòng",
                "content": ""
            }
        },
        {
            "reviewer": {
                "name": "BI Bi",
                "date": "Đã tham gia 8 năm",
                "reviewCount": "22 Đánh giá",
                "likedCount": "0 Lượt cảm ơn"
            },
            "review": {
                "rating": 5,
                "title": "Cực kì hài lòng",
                "content": ""
            }
        },
        {
            "reviewer": {
                "name": "Nguyễn Văn Tân",
                "date": "Đã tham gia 6 năm",
                "reviewCount": "19 Đánh giá",
                "likedCount": "0 Lượt cảm ơn"
            },
            "review": {
                "rating": 5,
                "title": "Cực kì hài lòng",
                "content": ""
            }
        },
        {
            "reviewer": {
                "name": "LE TRAN NHAT TAM",
                "date": "Đã tham gia 6 năm",
                "reviewCount": "55 Đánh giá",
                "likedCount": "1 Lượt cảm ơn"
            },
            "review": {
                "rating": 5,
                "title": "Cực kì hài lòng",
                "content": ""
            }
        },
        {
            "reviewer": {
                "name": "Cao Duy Phong",
                "date": "Đã tham gia 8 năm",
                "reviewCount": "262 Đánh giá",
                "likedCount": "13 Lượt cảm ơn"
            },
            "review": {
                "rating": 5,
                "title": "Cực kì hài lòng",
                "content": ""
            }
        },
        {
            "reviewer": {
                "name": "Đặng Tú",
                "date": "Đã tham gia 1 năm",
                "reviewCount": "1 Đánh giá",
                "likedCount": "0 Lượt cảm ơn"
            },
            "review": {
                "rating": 5,
                "title": "Cực kì hài lòng",
                "content": ""
            }
        },
        {
            "reviewer": {
                "name": "Đỗ Anh Tuấn",
                "date": "Đã tham gia 9 năm",
                "reviewCount": "46 Đánh giá",
                "likedCount": "7 Lượt cảm ơn"
            },
            "review": {
                "rating": 5,
                "title": "Cực kì hài lòng",
                "content": ""
            }
        },
        {
            "reviewer": {
                "name": "Lê Dũng",
                "date": "Đã tham gia 2 năm",
                "reviewCount": "4 Đánh giá",
                "likedCount": "0 Lượt cảm ơn"
            },
            "review": {
                "rating": 5,
                "title": "Cực kì hài lòng",
                "content": ""
            }
        },
        {
            "reviewer": {
                "name": "Dang quoc long",
                "date": "Đã tham gia 1 năm",
                "reviewCount": "3 Đánh giá",
                "likedCount": "0 Lượt cảm ơn"
            },
            "review": {
                "rating": 5,
                "title": "Cực kì hài lòng",
                "content": ""
            }
        },
        {
            "reviewer": {
                "name": "Tran Minh Duc",
                "date": "Đã tham gia 3 năm",
                "reviewCount": "7 Đánh giá",
                "likedCount": "0 Lượt cảm ơn"
            },
            "review": {
                "rating": 5,
                "title": "Cực kì hài lòng",
                "content": ""
            }
        },
        {
            "reviewer": {
                "name": "TÔ THI NỘI",
                "date": "Đã tham gia 4 năm",
                "reviewCount": "67 Đánh giá",
                "likedCount": "0 Lượt cảm ơn"
            },
            "review": {
                "rating": 5,
                "title": "Cực kì hài lòng",
                "content": ""
            }
        },
        {
            "reviewer": {
                "name": "Hải Triều",
                "date": "Đã tham gia 6 năm",
                "reviewCount": "26 Đánh giá",
                "likedCount": "1 Lượt cảm ơn"
            },
            "review": {
                "rating": 5,
                "title": "Cực kì hài lòng",
                "content": ""
            }
        },
        {
            "reviewer": {
                "name": "Thanh tuyền",
                "date": "Đã tham gia 2 năm",
                "reviewCount": "17 Đánh giá",
                "likedCount": "0 Lượt cảm ơn"
            },
            "review": {
                "rating": 5,
                "title": "Cực kì hài lòng",
                "content": ""
            }
        },
        {
            "reviewer": {
                "name": "Nguyễn Sơn",
                "date": "Đã tham gia 6 năm",
                "reviewCount": "6 Đánh giá",
                "likedCount": "0 Lượt cảm ơn"
            },
            "review": {
                "rating": 5,
                "title": "Cực kì hài lòng",
                "content": ""
            }
        },
        {
            "reviewer": {
                "name": "Nguyễn Anh",
                "date": "Đã tham gia 7 năm",
                "reviewCount": "1 Đánh giá",
                "likedCount": "0 Lượt cảm ơn"
            },
            "review": {
                "rating": 5,
                "title": "Cực kì hài lòng",
                "content": ""
            }
        },
        {
            "reviewer": {
                "name": "doan suong",
                "date": "Đã tham gia 4 năm",
                "reviewCount": "27 Đánh giá",
                "likedCount": "0 Lượt cảm ơn"
            },
            "review": {
                "rating": 5,
                "title": "Cực kì hài lòng",
                "content": ""
            }
        },
        {
            "reviewer": {
                "name": "Diệu Tâm",
                "date": "Đã tham gia 4 năm",
                "reviewCount": "4 Đánh giá",
                "likedCount": "0 Lượt cảm ơn"
            },
            "review": {
                "rating": 5,
                "title": "Cực kì hài lòng",
                "content": ""
            }
        },
        {
            "reviewer": {
                "name": "Hà Thị Hồng Hậu",
                "date": "Đã tham gia 6 năm",
                "reviewCount": "16 Đánh giá",
                "likedCount": "2 Lượt cảm ơn"
            },
            "review": {
                "rating": 5,
                "title": "Cực kì hài lòng",
                "content": ""
            }
        },
        {
            "reviewer": {
                "name": "Tung tran",
                "date": "Đã tham gia 4 năm",
                "reviewCount": "11 Đánh giá",
                "likedCount": "12 Lượt cảm ơn"
            },
            "review": {
                "rating": 5,
                "title": "Cực kì hài lòng",
                "content": ""
            }
        },
        {
            "reviewer": {
                "name": "Vân Phan",
                "date": "Đã tham gia 6 năm",
                "reviewCount": "11 Đánh giá",
                "likedCount": "1 Lượt cảm ơn"
            },
            "review": {
                "rating": 5,
                "title": "Cực kì hài lòng",
                "content": ""
            }
        },
        {
            "reviewer": {
                "name": "Thu Huyền",
                "date": "Đã tham gia 5 tháng",
                "reviewCount": "8 Đánh giá",
                "likedCount": "0 Lượt cảm ơn"
            },
            "review": {
                "rating": 5,
                "title": "Cực kì hài lòng",
                "content": ""
            }
        },
        {
            "reviewer": {
                "name": "Phan Đình Thắng",
                "date": "Đã tham gia 6 năm",
                "reviewCount": "73 Đánh giá",
                "likedCount": "1 Lượt cảm ơn"
            },
            "review": {
                "rating": 5,
                "title": "Cực kì hài lòng",
                "content": ""
            }
        },
        {
            "reviewer": {
                "name": "thanh giang",
                "date": "Đã tham gia 3 năm",
                "reviewCount": "19 Đánh giá",
                "likedCount": "0 Lượt cảm ơn"
            },
            "review": {
                "rating": 5,
                "title": "Cực kì hài lòng",
                "content": ""
            }
        },
        {
            "reviewer": {
                "name": "Trung Trần",
                "date": "Đã tham gia 4 tháng",
                "reviewCount": "1 Đánh giá",
                "likedCount": "0 Lượt cảm ơn"
            },
            "review": {
                "rating": 5,
                "title": "Cực kì hài lòng",
                "content": ""
            }
        },
        {
            "reviewer": {
                "name": "Sang Nguyen",
                "date": "Đã tham gia 5 năm",
                "reviewCount": "11 Đánh giá",
                "likedCount": "0 Lượt cảm ơn"
            },
            "review": {
                "rating": 5,
                "title": "Cực kì hài lòng",
                "content": ""
            }
        },
        {
            "reviewer": {
                "name": "Trần Thị Thanh Tâm",
                "date": "Đã tham gia 5 năm",
                "reviewCount": "7 Đánh giá",
                "likedCount": "0 Lượt cảm ơn"
            },
            "review": {
                "rating": 5,
                "title": "Cực kì hài lòng",
                "content": ""
            }
        },
        {
            "reviewer": {
                "name": "Nguyễn Ngọc Lý",
                "date": "Đã tham gia 8 năm",
                "reviewCount": "1 Đánh giá",
                "likedCount": "0 Lượt cảm ơn"
            },
            "review": {
                "rating": 5,
                "title": "Cực kì hài lòng",
                "content": ""
            }
        },
        {
            "reviewer": {
                "name": "Nguyen Le Chung Son",
                "date": "Đã tham gia 8 năm",
                "reviewCount": "3 Đánh giá",
                "likedCount": "0 Lượt cảm ơn"
            },
            "review": {
                "rating": 5,
                "title": "Cực kì hài lòng",
                "content": ""
            }
        },
        {
            "reviewer": {
                "name": "Anne Than",
                "date": "Đã tham gia 5 năm",
                "reviewCount": "5 Đánh giá",
                "likedCount": "0 Lượt cảm ơn"
            },
            "review": {
                "rating": 5,
                "title": "Cực kì hài lòng",
                "content": ""
            }
        },
        {
            "reviewer": {
                "name": "Lê Thị Hồng",
                "date": "Đã tham gia 5 năm",
                "reviewCount": "29 Đánh giá",
                "likedCount": "2 Lượt cảm ơn"
            },
            "review": {
                "rating": 5,
                "title": "Cực kì hài lòng",
                "content": ""
            }
        },
        {
            "reviewer": {
                "name": "Trần Nguyễn Hương Vân",
                "date": "Đã tham gia 6 năm",
                "reviewCount": "143 Đánh giá",
                "likedCount": "20 Lượt cảm ơn"
            },
            "review": {
                "rating": 5,
                "title": "Cực kì hài lòng",
                "content": ""
            }
        },
        {
            "reviewer": {
                "name": "Lam Viet",
                "date": "Đã tham gia 1 năm",
                "reviewCount": "1 Đánh giá",
                "likedCount": "0 Lượt cảm ơn"
            },
            "review": {
                "rating": 5,
                "title": "Cực kì hài lòng",
                "content": ""
            }
        },
        {
            "reviewer": {
                "name": "Nguyễn Ngọc Hằng",
                "date": "Đã tham gia 6 năm",
                "reviewCount": "9 Đánh giá",
                "likedCount": "2 Lượt cảm ơn"
            },
            "review": {
                "rating": 5,
                "title": "Cực kì hài lòng",
                "content": ""
            }
        },
        {
            "reviewer": {
                "name": "Trần Yến Vy",
                "date": "Đã tham gia 6 năm",
                "reviewCount": "13 Đánh giá",
                "likedCount": "0 Lượt cảm ơn"
            },
            "review": {
                "rating": 5,
                "title": "Cực kì hài lòng",
                "content": ""
            }
        },
        {
            "reviewer": {
                "name": "Đam hữu Hiển",
                "date": "Đã tham gia 2 năm",
                "reviewCount": "38 Đánh giá",
                "likedCount": "0 Lượt cảm ơn"
            },
            "review": {
                "rating": 5,
                "title": "Cực kì hài lòng",
                "content": ""
            }
        },
        {
            "reviewer": {
                "name": "Dương thành Lâm",
                "date": "Đã tham gia 5 năm",
                "reviewCount": "31 Đánh giá",
                "likedCount": "1 Lượt cảm ơn"
            },
            "review": {
                "rating": 5,
                "title": "Cực kì hài lòng",
                "content": ""
            }
        },
        {
            "reviewer": {
                "name": "Lê Thái Dương",
                "date": "Đã tham gia 4 năm",
                "reviewCount": "11 Đánh giá",
                "likedCount": "0 Lượt cảm ơn"
            },
            "review": {
                "rating": 5,
                "title": "Cực kì hài lòng",
                "content": ""
            }
        },
        {
            "reviewer": {
                "name": "Nguyễn Quốc Duy",
                "date": "Đã tham gia 9 năm",
                "reviewCount": "1 Đánh giá",
                "likedCount": "0 Lượt cảm ơn"
            },
            "review": {
                "rating": 5,
                "title": "Cực kì hài lòng",
                "content": ""
            }
        },
        {
            "reviewer": {
                "name": "Dương Ngọc",
                "date": "Đã tham gia 9 năm",
                "reviewCount": "6 Đánh giá",
                "likedCount": "2 Lượt cảm ơn"
            },
            "review": {
                "rating": 5,
                "title": "Cực kì hài lòng",
                "content": ""
            }
        },
        {
            "reviewer": {
                "name": "Nguyen Kim Hai",
                "date": "Đã tham gia 6 năm",
                "reviewCount": "59 Đánh giá",
                "likedCount": "0 Lượt cảm ơn"
            },
            "review": {
                "rating": 5,
                "title": "Cực kì hài lòng",
                "content": ""
            }
        },
        {
            "reviewer": {
                "name": "Dũng Lee",
                "date": "Đã tham gia 3 năm",
                "reviewCount": "3 Đánh giá",
                "likedCount": "0 Lượt cảm ơn"
            },
            "review": {
                "rating": 5,
                "title": "Cực kì hài lòng",
                "content": ""
            }
        },
        {
            "reviewer": {
                "name": "Thống Tony",
                "date": "Đã tham gia 5 năm",
                "reviewCount": "9 Đánh giá",
                "likedCount": "0 Lượt cảm ơn"
            },
            "review": {
                "rating": 5,
                "title": "Cực kì hài lòng",
                "content": ""
            }
        },
        {
            "reviewer": {
                "name": "Tự Quý",
                "date": "Đã tham gia 4 năm",
                "reviewCount": "7 Đánh giá",
                "likedCount": "0 Lượt cảm ơn"
            },
            "review": {
                "rating": 5,
                "title": "Cực kì hài lòng",
                "content": ""
            }
        },
        {
            "reviewer": {
                "name": "Apple User",
                "date": "Đã tham gia 5 tháng",
                "reviewCount": "6 Đánh giá",
                "likedCount": "0 Lượt cảm ơn"
            },
            "review": {
                "rating": 5,
                "title": "Cực kì hài lòng",
                "content": ""
            }
        },
        {
            "reviewer": {
                "name": "Tuấn Minh",
                "date": "Đã tham gia 6 năm",
                "reviewCount": "87 Đánh giá",
                "likedCount": "12 Lượt cảm ơn"
            },
            "review": {
                "rating": 5,
                "title": "Cực kì hài lòng",
                "content": ""
            }
        },
        {
            "reviewer": {
                "name": "Hữu Thọ Lương",
                "date": "Đã tham gia 5 năm",
                "reviewCount": "270 Đánh giá",
                "likedCount": "2 Lượt cảm ơn"
            },
            "review": {
                "rating": 5,
                "title": "Cực kì hài lòng",
                "content": ""
            }
        },
        {
            "reviewer": {
                "name": "Nguyễn Ngọc Thao",
                "date": "Đã tham gia 4 năm",
                "reviewCount": "98 Đánh giá",
                "likedCount": "55 Lượt cảm ơn"
            },
            "review": {
                "rating": 5,
                "title": "Cực kì hài lòng",
                "content": ""
            }
        },
        {
            "reviewer": {
                "name": "Lê Thị Liên",
                "date": "Đã tham gia 3 năm",
                "reviewCount": "2 Đánh giá",
                "likedCount": "0 Lượt cảm ơn"
            },
            "review": {
                "rating": 5,
                "title": "Cực kì hài lòng",
                "content": ""
            }
        },
        {
            "reviewer": {
                "name": "Bá Linh",
                "date": "Đã tham gia 6 năm",
                "reviewCount": "57 Đánh giá",
                "likedCount": "1 Lượt cảm ơn"
            },
            "review": {
                "rating": 5,
                "title": "Cực kì hài lòng",
                "content": ""
            }
        },
        {
            "reviewer": {
                "name": "Thuy Anh Nguyen",
                "date": "Đã tham gia 4 năm",
                "reviewCount": "36 Đánh giá",
                "likedCount": "0 Lượt cảm ơn"
            },
            "review": {
                "rating": 5,
                "title": "Cực kì hài lòng",
                "content": ""
            }
        },
        {
            "reviewer": {
                "name": "Đào Mỹ Trân",
                "date": "Đã tham gia 10 năm",
                "reviewCount": "12 Đánh giá",
                "likedCount": "0 Lượt cảm ơn"
            },
            "review": {
                "rating": 5,
                "title": "Cực kì hài lòng",
                "content": ""
            }
        },
        {
            "reviewer": {
                "name": "Xuân Trang",
                "date": "Đã tham gia 5 năm",
                "reviewCount": "6 Đánh giá",
                "likedCount": "0 Lượt cảm ơn"
            },
            "review": {
                "rating": 5,
                "title": "Cực kì hài lòng",
                "content": ""
            }
        },
        {
            "reviewer": {
                "name": "Lê Hải Đăng",
                "date": "Đã tham gia 5 năm",
                "reviewCount": "11 Đánh giá",
                "likedCount": "0 Lượt cảm ơn"
            },
            "review": {
                "rating": 5,
                "title": "Cực kì hài lòng",
                "content": ""
            }
        },
        {
            "reviewer": {
                "name": "Ngô Tấn Vĩnh",
                "date": "Đã tham gia 7 năm",
                "reviewCount": "49 Đánh giá",
                "likedCount": "2 Lượt cảm ơn"
            },
            "review": {
                "rating": 5,
                "title": "Cực kì hài lòng",
                "content": ""
            }
        },
        {
            "reviewer": {
                "name": "Loc Nguyen",
                "date": "Đã tham gia 4 năm",
                "reviewCount": "8 Đánh giá",
                "likedCount": "0 Lượt cảm ơn"
            },
            "review": {
                "rating": 5,
                "title": "Cực kì hài lòng",
                "content": ""
            }
        },
        {
            "reviewer": {
                "name": "Mai Tuyền",
                "date": "Đã tham gia 4 năm",
                "reviewCount": "14 Đánh giá",
                "likedCount": "1 Lượt cảm ơn"
            },
            "review": {
                "rating": 5,
                "title": "Cực kì hài lòng",
                "content": ""
            }
        },
        {
            "reviewer": {
                "name": "Nguyễn Sơn",
                "date": "Đã tham gia 6 năm",
                "reviewCount": "35 Đánh giá",
                "likedCount": "2 Lượt cảm ơn"
            },
            "review": {
                "rating": 5,
                "title": "Cực kì hài lòng",
                "content": ""
            }
        },
        {
            "reviewer": {
                "name": "Tri P",
                "date": "Đã tham gia 5 năm",
                "reviewCount": "24 Đánh giá",
                "likedCount": "8 Lượt cảm ơn"
            },
            "review": {
                "rating": 5,
                "title": "Cực kì hài lòng",
                "content": ""
            }
        },
        {
            "reviewer": {
                "name": "Isvari Trần",
                "date": "Đã tham gia 6 năm",
                "reviewCount": "1 Đánh giá",
                "likedCount": "0 Lượt cảm ơn"
            },
            "review": {
                "rating": 5,
                "title": "Cực kì hài lòng",
                "content": ""
            }
        },
        {
            "reviewer": {
                "name": "Nego Balô",
                "date": "Đã tham gia 4 năm",
                "reviewCount": "1 Đánh giá",
                "likedCount": "0 Lượt cảm ơn"
            },
            "review": {
                "rating": 5,
                "title": "Cực kì hài lòng",
                "content": ""
            }
        },
        {
            "reviewer": {
                "name": "Mark Tú Huỳnh",
                "date": "Đã tham gia 5 năm",
                "reviewCount": "874 Đánh giá",
                "likedCount": "31 Lượt cảm ơn"
            },
            "review": {
                "rating": 5,
                "title": "Cực kì hài lòng",
                "content": ""
            }
        },
        {
            "reviewer": {
                "name": "Hà Ngọc Đạo",
                "date": "Đã tham gia 6 năm",
                "reviewCount": "35 Đánh giá",
                "likedCount": "2 Lượt cảm ơn"
            },
            "review": {
                "rating": 5,
                "title": "Cực kì hài lòng",
                "content": ""
            }
        },
        {
            "reviewer": {
                "name": "A Tăng",
                "date": "Đã tham gia 5 năm",
                "reviewCount": "29 Đánh giá",
                "likedCount": "6 Lượt cảm ơn"
            },
            "review": {
                "rating": 5,
                "title": "Cực kì hài lòng",
                "content": ""
            }
        },
        {
            "reviewer": {
                "name": "Khang Le",
                "date": "Đã tham gia 7 năm",
                "reviewCount": "55 Đánh giá",
                "likedCount": "3 Lượt cảm ơn"
            },
            "review": {
                "rating": 5,
                "title": "Cực kì hài lòng",
                "content": ""
            }
        },
        {
            "reviewer": {
                "name": "Nguyễn Trí Quang",
                "date": "Đã tham gia 8 năm",
                "reviewCount": "7 Đánh giá",
                "likedCount": "2 Lượt cảm ơn"
            },
            "review": {
                "rating": 5,
                "title": "Cực kì hài lòng",
                "content": ""
            }
        },
        {
            "reviewer": {
                "name": "Thongnguyen Nguyen",
                "date": "Đã tham gia 6 năm",
                "reviewCount": "53 Đánh giá",
                "likedCount": "3 Lượt cảm ơn"
            },
            "review": {
                "rating": 5,
                "title": "Cực kì hài lòng",
                "content": ""
            }
        },
        {
            "reviewer": {
                "name": "Thanh Huyen",
                "date": "Đã tham gia 5 năm",
                "reviewCount": "1 Đánh giá",
                "likedCount": "0 Lượt cảm ơn"
            },
            "review": {
                "rating": 5,
                "title": "Cực kì hài lòng",
                "content": ""
            }
        },
        {
            "reviewer": {
                "name": "Phi Long",
                "date": "Đã tham gia 5 năm",
                "reviewCount": "1 Đánh giá",
                "likedCount": "0 Lượt cảm ơn"
            },
            "review": {
                "rating": 5,
                "title": "Cực kì hài lòng",
                "content": ""
            }
        },
        {
            "reviewer": {
                "name": "vũ hoàng việt",
                "date": "Đã tham gia 6 năm",
                "reviewCount": "6 Đánh giá",
                "likedCount": "0 Lượt cảm ơn"
            },
            "review": {
                "rating": 5,
                "title": "Cực kì hài lòng",
                "content": ""
            }
        },
        {
            "reviewer": {
                "name": "Nguyễn Ngọc Quý",
                "date": "Đã tham gia 7 năm",
                "reviewCount": "34 Đánh giá",
                "likedCount": "0 Lượt cảm ơn"
            },
            "review": {
                "rating": 5,
                "title": "Cực kì hài lòng",
                "content": ""
            }
        },
        {
            "reviewer": {
                "name": "Biển Vũ",
                "date": "Đã tham gia 7 năm",
                "reviewCount": "2 Đánh giá",
                "likedCount": "0 Lượt cảm ơn"
            },
            "review": {
                "rating": 4,
                "title": "Hài lòng",
                "content": "Khá phù hợp với các bạn trẻ nhất là các bạn mới đọc sách"
            }
        },
        {
            "reviewer": {
                "name": "Phạm Minh Anh",
                "date": "Đã tham gia 4 năm",
                "reviewCount": "3 Đánh giá",
                "likedCount": "0 Lượt cảm ơn"
            },
            "review": {
                "rating": 4,
                "title": "Hài lòng",
                "content": "Tạm thời thấy ổn.Đọc xong sẽ  review sau.hj.Yhanks shop"
            }
        },
        {
            "reviewer": {
                "name": "Truong bui",
                "date": "Đã tham gia 5 năm",
                "reviewCount": "16 Đánh giá",
                "likedCount": "17 Lượt cảm ơn"
            },
            "review": {
                "rating": 1,
                "title": "Rất không hài lòng",
                "content": "Nội dung cóp nhặt trên mạng, không cái gì tự viết ra. Dành cho các bạn đôi mươi đọc thì được, với người đã đi làm rồi thì quá kém, nội dung thật sự chỉ là tổng hợp. Quảng cáo thì rõ hay, đọc không ra sao cả. Đúng là chủ thương hiệu viết sách, chuyên môn không có, toàn cóp nhặt tào lao."
            }
        },
        {
            "reviewer": {
                "name": "Nguyễn Việt Phương",
                "date": "Đã tham gia 5 năm",
                "reviewCount": "1 Đánh giá",
                "likedCount": "0 Lượt cảm ơn"
            },
            "review": {
                "rating": 4,
                "title": "Hài lòng",
                "content": "Đọc đã cho shop 4* đóng gói hơi sơ sài"
            }
        },
        {
            "reviewer": {
                "name": "Hoang Anh Nguyen",
                "date": "Đã tham gia 5 năm",
                "reviewCount": "1 Đánh giá",
                "likedCount": "0 Lượt cảm ơn"
            },
            "review": {
                "rating": 1,
                "title": "Rất không hài lòng",
                "content": "quyển sách với tựa đề làm hiểu lầm cái khách hàng muốn . người viết cũng không đủ kinh nghiệm và trải nghiệm . viết những câu chuyện quá tầm thường . Nội dung không xứng đáng với cái tên của quyển sách ."
            }
        },
        {
            "reviewer": {
                "name": "Huy Đỗ",
                "date": "Đã tham gia 10 năm",
                "reviewCount": "31 Đánh giá",
                "likedCount": "11 Lượt cảm ơn"
            },
            "review": {
                "rating": 2,
                "title": "Không hài lòng",
                "content": "Sách cố ý đặt trùng tên với một quyền sách nổi tiếng mà nội dung thì lủng củng, nói chung chung và mắc nhiều lỗi sai ngớ ngẫn."
            }
        },
        {
            "reviewer": {
                "name": "Nguyen Hiep",
                "date": "Đã tham gia 8 năm",
                "reviewCount": "5 Đánh giá",
                "likedCount": "0 Lượt cảm ơn"
            },
            "review": {
                "rating": 1,
                "title": "Rất không hài lòng",
                "content": "Nội dung sách bình thường, không như quảng cáo trên cách nền tảng như ***, ***, Youtube. các bạn muốn mua nên đến nhà sách đọc tham khảo trước hoặc đọc tham khảo trên tiki trước khi mua."
            }
        },
        {
            "reviewer": {
                "name": "Nguyễn Thị Ngọc Thuỳ",
                "date": "Đã tham gia 11 năm",
                "reviewCount": "79 Đánh giá",
                "likedCount": "5 Lượt cảm ơn"
            },
            "review": {
                "rating": 4,
                "title": "Hài lòng",
                "content": "Trên *** đọc hay quá trời . Mình bon chen mua từ tiki về đọc thấy ko có gì đặc sắc. Toàn những điều đã biết ở cuộc sống với những thứ đọc được trên mạng là chủ yếu!"
            }
        },
        {
            "reviewer": {
                "name": "Trần Thế Anh",
                "date": "Đã tham gia 7 năm",
                "reviewCount": "20 Đánh giá",
                "likedCount": "1 Lượt cảm ơn"
            },
            "review": {
                "rating": 4,
                "title": "Hài lòng",
                "content": "Tạm được, phù hợp những bạn chưa đọc nhiều sách của các tác giả khác, do nội dung sưu tầm nhiều trùng lặp."
            }
        },
        {
            "reviewer": {
                "name": "Hoàng Duy Nguyễn",
                "date": "Đã tham gia 6 năm",
                "reviewCount": "1 Đánh giá",
                "likedCount": "0 Lượt cảm ơn"
            },
            "review": {
                "rating": 3,
                "title": "Bình thường",
                "content": "chất lượng mực in không tốt lắm tay có tý mồ hồi cầm vào lem chữ tèm nhèm cả ra"
            }
        },
        {
            "reviewer": {
                "name": "kathy hoang",
                "date": "Đã tham gia 9 năm",
                "reviewCount": "91 Đánh giá",
                "likedCount": "41 Lượt cảm ơn"
            },
            "review": {
                "rating": 4,
                "title": "Hài lòng",
                "content": "Sách đọc dễ hiểu có những câu chuyện ví dụ thực tế cũng hay xem để rút kinh nghiệm"
            }
        },
        {
            "reviewer": {
                "name": "Đặng Xuân Duy",
                "date": "Đã tham gia 3 năm",
                "reviewCount": "4 Đánh giá",
                "likedCount": "0 Lượt cảm ơn"
            },
            "review": {
                "rating": 3,
                "title": "Bình thường",
                "content": "Mình mua sách này vì nhầm với 1 cuốn khác. Đang cần tìm 1 cuốn về phương pháp tư duy mà nội dung cuốn này viết chung chung, nói đạo lý là chính."
            }
        },
        {
            "reviewer": {
                "name": "Khoa Tran",
                "date": "Đã tham gia 9 năm",
                "reviewCount": "21 Đánh giá",
                "likedCount": "3 Lượt cảm ơn"
            },
            "review": {
                "rating": 1,
                "title": "Rất không hài lòng",
                "content": "Sản phẩm không nên mua do sử dụng trùng tên sản phẩm gây nhằm lẫn. Cảnh báo cảnh báo các đọc giã."
            }
        },
        {
            "reviewer": {
                "name": "Bình Ngô",
                "date": "Đã tham gia 8 năm",
                "reviewCount": "3 Đánh giá",
                "likedCount": "1 Lượt cảm ơn"
            },
            "review": {
                "rating": 2,
                "title": "Không hài lòng",
                "content": "Sách không có gì mới, nội dung chỉ là góp nhặt đây đó đưa vào thôi, không đáng mua."
            }
        },
        {
            "reviewer": {
                "name": "Mai Tử",
                "date": "Đã tham gia 9 năm",
                "reviewCount": "2 Đánh giá",
                "likedCount": "0 Lượt cảm ơn"
            },
            "review": {
                "rating": 4,
                "title": "Hài lòng",
                "content": "Khi nào đọc xong sẽ viết cảm nhận sau"
            }
        },
        {
            "reviewer": {
                "name": "Sally NG",
                "date": "Đã tham gia 4 năm",
                "reviewCount": "27 Đánh giá",
                "likedCount": "2 Lượt cảm ơn"
            },
            "review": {
                "rating": 3,
                "title": "Bình thường",
                "content": "Tôi khen nhóm marketing của tác giả . ' không sợ sách dở/ chỉ sợ không biết cách làm marketing'"
            }
        },
        {
            "reviewer": {
                "name": "Mai Thuy",
                "date": "Đã tham gia 4 năm",
                "reviewCount": "9 Đánh giá",
                "likedCount": "2 Lượt cảm ơn"
            },
            "review": {
                "rating": 1,
                "title": "Rất không hài lòng",
                "content": "Sách nội dung không hay, tác giả viết chung chung. Góp nhặt không rõ ràng. Tác giả này còn non kém"
            }
        },
        {
            "reviewer": {
                "name": "Nguyen Huu Huynh",
                "date": "Đã tham gia 5 năm",
                "reviewCount": "26 Đánh giá",
                "likedCount": "4 Lượt cảm ơn"
            },
            "review": {
                "rating": 4,
                "title": "Hài lòng",
                "content": "Sách trình bày tương đối tốt dễ hiểu, chất lượng giấy in quá tốt"
            }
        },
        {
            "reviewer": {
                "name": "nguyen vy",
                "date": "Đã tham gia 3 năm",
                "reviewCount": "3 Đánh giá",
                "likedCount": "0 Lượt cảm ơn"
            },
            "review": {
                "rating": 1,
                "title": "Rất không hài lòng",
                "content": "Sách dở, sách thương mại nói chung chung"
            }
        },
        {
            "reviewer": {
                "name": "Nguyễn Thanh Phúc",
                "date": "Đã tham gia 8 năm",
                "reviewCount": "12 Đánh giá",
                "likedCount": "0 Lượt cảm ơn"
            },
            "review": {
                "rating": 4,
                "title": "Hài lòng",
                "content": "Shop giao sách nhưng bìa bì gãy nên bớt 1 sao nhé shop."
            }
        },
        {
            "reviewer": {
                "name": "Phuong Hoang Nguyen",
                "date": "Đã tham gia 6 năm",
                "reviewCount": "21 Đánh giá",
                "likedCount": "3 Lượt cảm ơn"
            },
            "review": {
                "rating": 4,
                "title": "Hài lòng",
                "content": "Bình thường"
            }
        },
        {
            "reviewer": {
                "name": "Lê Huy",
                "date": "Đã tham gia 4 tháng",
                "reviewCount": "1 Đánh giá",
                "likedCount": "0 Lượt cảm ơn"
            },
            "review": {
                "rating": 4,
                "title": "Hài lòng",
                "content": "giao hàng rất nhanh!"
            }
        },
        {
            "reviewer": {
                "name": "Nguyen Tuan Anh",
                "date": "Đã tham gia 7 năm",
                "reviewCount": "63 Đánh giá",
                "likedCount": "4 Lượt cảm ơn"
            },
            "review": {
                "rating": 4,
                "title": "Hài lòng",
                "content": ""
            }
        },
        {
            "reviewer": {
                "name": "Hồng Thủy",
                "date": "Đã tham gia 9 năm",
                "reviewCount": "11 Đánh giá",
                "likedCount": "0 Lượt cảm ơn"
            },
            "review": {
                "rating": 4,
                "title": "Hài lòng",
                "content": ""
            }
        },
        {
            "reviewer": {
                "name": "Phat Đe",
                "date": "Đã tham gia 4 năm",
                "reviewCount": "7 Đánh giá",
                "likedCount": "0 Lượt cảm ơn"
            },
            "review": {
                "rating": 4,
                "title": "Hài lòng",
                "content": ""
            }
        },
        {
            "reviewer": {
                "name": "Lê Xuân Lực",
                "date": "Đã tham gia 5 năm",
                "reviewCount": "3 Đánh giá",
                "likedCount": "0 Lượt cảm ơn"
            },
            "review": {
                "rating": 4,
                "title": "Hài lòng",
                "content": ""
            }
        },
        {
            "reviewer": {
                "name": "Thái Ngân",
                "date": "Đã tham gia 4 năm",
                "reviewCount": "55 Đánh giá",
                "likedCount": "5 Lượt cảm ơn"
            },
            "review": {
                "rating": 4,
                "title": "Hài lòng",
                "content": ""
            }
        },
        {
            "reviewer": {
                "name": "Đỗ Tiến Huân",
                "date": "Đã tham gia 6 năm",
                "reviewCount": "175 Đánh giá",
                "likedCount": "4 Lượt cảm ơn"
            },
            "review": {
                "rating": 4,
                "title": "Hài lòng",
                "content": ""
            }
        },
        {
            "reviewer": {
                "name": "Nguyễn Thế Minh",
                "date": "Đã tham gia 10 năm",
                "reviewCount": "103 Đánh giá",
                "likedCount": "4 Lượt cảm ơn"
            },
            "review": {
                "rating": 4,
                "title": "Hài lòng",
                "content": ""
            }
        },
        {
            "reviewer": {
                "name": "Đặng Văn Sáng",
                "date": "Đã tham gia 5 năm",
                "reviewCount": "5 Đánh giá",
                "likedCount": "0 Lượt cảm ơn"
            },
            "review": {
                "rating": 4,
                "title": "Hài lòng",
                "content": ""
            }
        },
        {
            "reviewer": {
                "name": "Lê Thanh Thế",
                "date": "Đã tham gia 3 năm",
                "reviewCount": "7 Đánh giá",
                "likedCount": "0 Lượt cảm ơn"
            },
            "review": {
                "rating": 4,
                "title": "Hài lòng",
                "content": ""
            }
        },
        {
            "reviewer": {
                "name": "Hà Trung Dũng",
                "date": "Đã tham gia 5 năm",
                "reviewCount": "13 Đánh giá",
                "likedCount": "0 Lượt cảm ơn"
            },
            "review": {
                "rating": 4,
                "title": "Hài lòng",
                "content": ""
            }
        },
        {
            "reviewer": {
                "name": "Tạ Văn",
                "date": "Đã tham gia 5 năm",
                "reviewCount": "46 Đánh giá",
                "likedCount": "0 Lượt cảm ơn"
            },
            "review": {
                "rating": 4,
                "title": "Hài lòng",
                "content": ""
            }
        }
    ]
}