{
    "url": "https://tiki.vn/tinh-nu-toa-rang-p273120248.html?spid=273120250",
    "info": {
        "title": "Tính Nữ Tỏa Rạng",
        "author": "Thục Linh",
        "imageUrl": "https://salt.tikicdn.com/cache/750x750/ts/product/9e/48/92/5e498bd38c626c751458c0ce712f5081.png.webp",
        "soldQuantity": 273,
        "currentPrice": 72900,
        "originalPrice": 109000
    },
    "details": {
        "publisher": "Wavebooks",
        "publishDate": "2023-09-28 00:00:00",
        "dimensions": "14 x 20 cm",
        "coverType": "Bìa mềm",
        "pageCount": "200",
        "publishingHouse": "Nhà Xuất Bản Thế Giới"
    },
    "description": "TÍNH NỮ TỎA RẠNG\n(“SỨC MẠNH GIẤU KÍN CỦA TÍNH NỮ LÀ SỰ BÌNH AN VÀ CHỮA LÀNH” - DEEPAK CHOPRA)\nTheo bạn, sức hút của một cô gái xuất phát từ đâu? Hạnh phúc của một cô gái đến từ điều gì? Phải chẳng là từ mỹ phẩm, nước hoa, túi xách hàng hiệu, địa vị xã hội, số người theo đuổi,\nThật ra, bạn tỏa rạng vì chính bạn, không phải nhờ son phấn, địa vị, hay một “tệp đính kèm” nào đó. Ngày nào bạn còn vịn vào những yếu tố bên ngoài để tự hào, khoe khoang bản thân, ngày đó bạn còn chưa đủ yêu mình.\nBên trong mỗi cô gái đều có một thứ ánh sáng mang tên Tính Nữ. Đó là bản chất của mỗi người, là trạng thái tự nhiên và an ổn nhất. Thứ ánh sáng này mang lại sự rạng rỡ mà không bất kỳ phấn son, quần áo, vật chất nào có thể so sánh được.\nKết nối với Tính Nữ nghĩa là lắng nghe sự chỉ dẫn và đón nhận nguồn cảm hứng từ bên trong. Khi gặp gỡ và kết thân với Tính Nữ, bạn sẽ được chữa lành, bạn sẽ bình an và sau tất cả, bạn tỏa rạng.\nCuốn sách Tính Nữ Tỏa Rạng - “Sức Mạnh Giấu Kín Của Tính Nữ Là Sự Bình An Và Giữa Lành” - Deepak Chopra được viết bởi tác giả Thục Linh - một chuyên gia khai vấn Quốc tế. Thông qua quá trình làm việc với khách hàng và trải nghiệm tự thân, tác giả đã đúc kết những hiểu biết của mình về Tính Nữ trong cuốn sách. Tác giả hy vọng cuốn sách sẽ là một người bạn đồng hành cùng các cô gái trên hành trình tìm kiếm nguồn sáng tự thân để tỏa rạng rực rỡ.\nVề tác giả:\nChuyên gia khai vấn (coach) có chứng nhận Quốc tế.\nGiáo viên Yoga trường phái cổ điển.\nSách được phát hành bởi thương hiệu sách Wavebooks với sứ mệnh trở thành người bạn đồng hành tin cậy cho quá trình phát triển kỹ năng và tâm hồn người Việt trẻ.#wavebooks #tinhnutoarang #thuclinh\nGiá sản phẩm trên Tiki đã bao gồm thuế theo luật hiện hành. Bên cạnh đó, tuỳ vào loại sản phẩm, hình thức và địa chỉ giao hàng mà có thể phát sinh thêm chi phí khác như phí vận chuyển, phụ phí hàng cồng kềnh, thuế nhập khẩu (đối với đơn hàng giao từ nước ngoài có giá trị trên 1 triệu đồng).....",
    "rating": {
        "totalRating": 4.5,
        "numberOfRating": 6
    },
    "reviews": [
        {
            "reviewer": {
                "name": "Đỗ Nguyễn Tú Trinh",
                "date": "Đã tham gia 2 năm",
                "reviewCount": "4 Đánh giá",
                "likedCount": "0 Lượt cảm ơn"
            },
            "review": {
                "rating": 5,
                "title": "Cực kì hài lòng",
                "content": "Sách bổ ích, bố cục rõ ràng."
            }
        },
        {
            "reviewer": {
                "name": "Ngoc Ha",
                "date": "Đã tham gia 1 năm",
                "reviewCount": "2 Đánh giá",
                "likedCount": "0 Lượt cảm ơn"
            },
            "review": {
                "rating": 5,
                "title": "Cực kì hài lòng",
                "content": ""
            }
        },
        {
            "reviewer": {
                "name": "Dung Dung",
                "date": "Đã tham gia 7 năm",
                "reviewCount": "244 Đánh giá",
                "likedCount": "1 Lượt cảm ơn"
            },
            "review": {
                "rating": 5,
                "title": "Cực kì hài lòng",
                "content": ""
            }
        },
        {
            "reviewer": {
                "name": "Thu Thaoo",
                "date": "Đã tham gia 9 năm",
                "reviewCount": "11 Đánh giá",
                "likedCount": "0 Lượt cảm ơn"
            },
            "review": {
                "rating": 4,
                "title": "Hài lòng",
                "content": "Nội dung chưa hấp dẫn như những gì mình kì vọng. Những điều sách chia sẻ chưa thực sự sâu sắc"
            }
        },
        {
            "reviewer": {
                "name": "van linh",
                "date": "Đã tham gia 3 năm",
                "reviewCount": "1 Đánh giá",
                "likedCount": "0 Lượt cảm ơn"
            },
            "review": {
                "rating": 4,
                "title": "Hài lòng",
                "content": "Mình đọc thấy cũng ở mức tạm ổn ạ"
            }
        }
    ]
}