{
    "url": "https://tiki.vn/storytelling-lay-dong-long-nguoi-bang-chuyen-ke-p276477770.html?spid=276477772",
    "info": {
        "title": "Storytelling - Lay Động Lòng Người Bằng Chuyện Kể",
        "author": "Nguyễn Trần Quang",
        "imageUrl": "https://salt.tikicdn.com/cache/750x750/ts/product/24/56/e6/5dc8e820b5d21b2b57057afc3a5fcc70.jpg.webp",
        "soldQuantity": 31,
        "currentPrice": 192000,
        "originalPrice": 246000
    },
    "details": {
        "publisher": "Saigon Books",
        "dimensions": "14×20.5cm",
        "coverType": "Bìa mềm",
        "pageCount": "296",
        "publishingHouse": "Nhà Xuất Bản Thế Giới"
    },
    "description": "Storytelling - Lay động lòng người bằng chuyện kể\nĐiều gì giúp thông điệp truyền tải luôn nổi bật và in dấu vào tâm trí người nghe? - Đó chẳng phải là nhờ Storytelling – nghệ thuật kể chuyện hay sao?\n“Storytelling - Lay động lòng người bằng chuyện kể” chính là quyển sách chứa đựng tất cả những gì bạn cần: phương pháp kể chuyện thu hút, kiến thức chuyên môn được “đơn giản hóa”, phân tích case-study thực tiễn, những khám phá thú vị về văn hóa kể chuyện và góc nhìn về Storytelling trong đời đại bùng nổ thông tin. Dòng chảy của nghệ thuật kể chuyện được tác giả dẫn dắt qua tám chương sách - 8 khía cạnh vừa khoa học, vừa thực tiễn lại vừa lôi cuốn của Storytelling.\nTác giả Nguyễn Trần Quang đã có hơn 30 năm làm việc ở vị trí lãnh đạo và đồng hành xây dựng chiến lược cho những thương hiệu lớn từ nước ngoài đến sân nhà Việt Nam như: Hennessy, Johnnie Walker, Kodak, Trung Nguyên, Bia Sài Gòn, Tân Hiệp Phát, Liberty Central Hotel… Vì thế, chẳng điêu ngoa khi nói ông là một trong những người đặc biệt nhận ra sức mạnh vượt thời gian và không gian của Storytelling. Với kinh nghiệm dày dặn như thế, từng câu chữ ông viết trong “Storytelling - Lay động lòng người bằng chuyện kể” vô cùng chân thành, mộc mạc đậm chất bản sắc văn hoá Việt; nhưng lại đan cài những thông điệp và kiến thức chuyên môn vừa thú vị, vừa thực tiễn lại vừa ấn tượng.\nKhông đơn thuần chỉ là một quyển sách kỹ năng, “Storytelling - Lay động lòng người bằng chuyện kể” còn mang đến cho độc giả trải nghiệm vô cùng thú vị:\nVà điều khiến cuốn sách này thêm phần đặc biệt chính là kho tàng những câu chuyện được sưu tầm và sáng tác, từ những giai thoại quen thuộc được trình bày lại dưới một góc nhìn mới mẻ: sự tích Tấm Cám dưới góc nhìn Storytelling, điểm nhấn TVC “Nâng niu bàn chân Việt” của hiệu giày quốc dân Bitis, thành công của bộ phim Toy Story (Câu chuyện đồ chơi) hay sức mạnh kinh tế từ âm nhạc của chuỗi The Eras Tour bởi nữ ca sĩ đại tài Taylor Swift,...\nHơn ba thập kỷ xây dựng tên tuổi vững chắc cho các thương hiệu tiếng tăm, kinh qua nhiều chức vụ lãnh đạo, cố vấn và quản lý trong các doanh nghiệp đa quốc gia, được đặt chân đến nhiều vùng đất, được nhìn - nghe - chạm và cảm thụ nhiều nền văn hóa; tác giả Trần Quang đã dành gần cả cuộc đời để quan sát, học hỏi và tìm kiếm để đọc được nhiều câu chuyện hay cũng như góp nhặt được nhiều thông tin bổ ích về cách xây dựng một câu chuyện. Và tất cả những tinh túy đã được ông đúc kết một cách cô đọng, gần gũi nhưng chẳng kém phần thú vị trong “Storytelling - Lay động lòng người bằng chuyện kể”.\nGiá sản phẩm trên Tiki đã bao gồm thuế theo luật hiện hành. Bên cạnh đó, tuỳ vào loại sản phẩm, hình thức và địa chỉ giao hàng mà có thể phát sinh thêm chi phí khác như phí vận chuyển, phụ phí hàng cồng kềnh, thuế nhập khẩu (đối với đơn hàng giao từ nước ngoài có giá trị trên 1 triệu đồng).....",
    "rating": {
        "totalRating": 5.0,
        "numberOfRating": 2
    },
    "reviews": [
        {
            "reviewer": {
                "name": "Thuy Trang",
                "date": "Đã tham gia 1 năm",
                "reviewCount": "5 Đánh giá",
                "likedCount": "0 Lượt cảm ơn"
            },
            "review": {
                "rating": 5,
                "title": "Cực kì hài lòng",
                "content": "Sách mới, ổn, nội dung chưa đọc nên chưa feedback được"
            }
        },
        {
            "reviewer": {
                "name": "Hanh Nguyen",
                "date": "Đã tham gia 6 năm",
                "reviewCount": "7 Đánh giá",
                "likedCount": "0 Lượt cảm ơn"
            },
            "review": {
                "rating": 5,
                "title": "Cực kì hài lòng",
                "content": ""
            }
        }
    ]
}