{
    "url": "https://tiki.vn/hieu-ve-ban-chat-con-nguoi-ly-luan-cua-bac-thay-tam-than-hoc-p273717706.html?spid=273717709",
    "info": {
        "title": "Hiểu Về Bản Chất Con Người - Lý Luận Của Bậc Thầy Tâm Thần Học",
        "author": "Alfred Adler",
        "imageUrl": "https://salt.tikicdn.com/cache/750x750/ts/product/4f/40/0e/c678639328846dfa96e0b1b654c5f315.jpg.webp",
        "soldQuantity": 791,
        "currentPrice": 76100,
        "originalPrice": 105000
    },
    "details": {
        "Bookcare": "Có",
        "publisher": "I Love Books",
        "publishDate": "2023-12-30 00:00:00",
        "dimensions": "15,7x24cm",
        "translator": "Thước Lâm",
        "coverType": "Bìa mềm",
        "pageCount": "216",
        "publishingHouse": "Nhà Xuất Bản Thanh Niên"
    },
    "description": "Khi không thể tìm kiếm được hạnh phúc, chúng ta thường có xu hướng tin rằng cuộc sống con người được sắp đặt bởi số phận. Có những người sinh ra đã ở vạch đích; còn cuộc sống chúng ta thì chỉ toàn là biến cố, số phận định sẵn ta sẽ có một cuộc sống vất vả. Có thật sự là như vậy không?\nKỳ thực, đây là cách con người cảm thấy bất lực và ‘đầu hàng’ trước hoàn cảnh. Đối với Alfred Adler - Chuyên gia tâm thần học hàng đầu nước Anh, người được mệnh danh là một trong “ba người khổng lồ của tâm lý học hiện đại” - lại chủ trương “cuộc đời ta là do ta lựa chọn”. Học thuyết tâm lý học cá nhân của ông đã chỉ ra khuôn mẫu hành vi mới chính là thứ khiến một cá nhân không thể cảm thấy hạnh phúc. Chúng ta thường đi theo một khuôn mẫu hành vi nhất định nhằm theo đuổi vị thế được tạo dựng từ cảm nhận xã hội.\nĐể thay đổi và điều chỉnh những quan điểm sai lệch về khuôn mẫu hành vi, chúng ta cần phải có kiến thức về bản chất con người. Cuốn sách “HIỂU VỀ BẢN CHẤT CON NGƯỜI - LÝ LUẬN CỦA BẬC THẦY T M THẦN HỌC” sẽ giúp chúng ta làm quen với những nguyên tắc cơ bản của tâm lý học cá nhân và hướng dẫn cách áp dụng các nguyên tắc này vào các mối quan hệ hàng ngày và việc tổ chức đời sống cá nhân.\nCuốn sách gồm 2 phần:\n- Phần I sẽ đi sâu vào phân tích hành vi con người, cách mà một cá nhân hành động hoặc phản ứng để đối phó với các tình huống kích thích từ bên ngoài hoặc bên trong,\n- Phần II bàn luận về đặc tính khi xem xét mối quan hệ giữa một cá nhân và môi trường sống, hay còn gọi chung là nghiên cứu về khoa học tính cách.\nCuốn sách cũng chỉ ra những đặc điểm tính cách không xuất phát từ yếu tố di truyền mà phát triển dựa theo khuôn mẫu của sự phát triển tinh thần, từ đó định hướng mục tiêu cá nhân. Quy luật này đóng vai trò quan trọng với bất cứ cá nhân nào muốn tự quyết định số phận của mình, thay vì trở thành nạn nhân của những khuynh hướng bi quan.\nĐiều kiện tối thiểu để đạt được hạnh phúc chính là biết mình và hiểu mình. Hy vọng cuốn sách có thể giúp bạn tìm thấy một tư tưởng mới, tự quyết định lấy “số phận” của bản thân cho dù có ở trong hoàn cảnh khó khăn tăm tối đến mức nào.\nGiá sản phẩm trên Tiki đã bao gồm thuế theo luật hiện hành. Bên cạnh đó, tuỳ vào loại sản phẩm, hình thức và địa chỉ giao hàng mà có thể phát sinh thêm chi phí khác như phí vận chuyển, phụ phí hàng cồng kềnh, thuế nhập khẩu (đối với đơn hàng giao từ nước ngoài có giá trị trên 1 triệu đồng).....",
    "rating": {
        "totalRating": 4.7,
        "numberOfRating": 42
    },
    "reviews": [
        {
            "reviewer": {
                "name": "Nguyễn Phương Loan",
                "date": "Đã tham gia 8 năm",
                "reviewCount": "72 Đánh giá",
                "likedCount": "10 Lượt cảm ơn"
            },
            "review": {
                "rating": 5,
                "title": "Cực kì hài lòng",
                "content": "Tiki giao hàng siêu nhanh luôn, trong vòng 2h đã cập bến rồi. Sách được đóng gói chắc chắn, dán tem hàng dễ vỡ cho các chú shipper và người dùng cẩn thận nhẹ nhàng nà. Chất lượng sách Tiki chính hãng, giấy thơm phức và mới nguyên tạo nhiều hứng thú khi đọc sách. Cám ơn Tiki đem đến trí thức cho mọi nhà 👍"
            }
        },
        {
            "reviewer": {
                "name": "Hoang P",
                "date": "Đã tham gia 6 năm",
                "reviewCount": "53 Đánh giá",
                "likedCount": "21 Lượt cảm ơn"
            },
            "review": {
                "rating": 5,
                "title": "Cực kì hài lòng",
                "content": "TiKi NOW làm việc vẫn rất tuyệt vời, rất nhanh và đúng cam kết, giao sách trong vòng < 2h. Sách bọc kỹ càng từ Tiki Trading. Tôi thích nhất là mua sách từ Tiki Trading. Xin cảm ơn."
            }
        },
        {
            "reviewer": {
                "name": "Hương Quỳnh Vũ",
                "date": "Đã tham gia 6 năm",
                "reviewCount": "2 Đánh giá",
                "likedCount": "0 Lượt cảm ơn"
            },
            "review": {
                "rating": 5,
                "title": "Cực kì hài lòng",
                "content": "Sách đọc dễ hiểu, thêm nhiều kiến thức lý thú về tâm lý con người"
            }
        },
        {
            "reviewer": {
                "name": "Bảo Ân",
                "date": "Đã tham gia 2 năm",
                "reviewCount": "32 Đánh giá",
                "likedCount": "1 Lượt cảm ơn"
            },
            "review": {
                "rating": 5,
                "title": "Cực kì hài lòng",
                "content": "Nội dung hay, kiến thức bổ ích. Người dịch tốt"
            }
        },
        {
            "reviewer": {
                "name": "Mark Tú Huỳnh",
                "date": "Đã tham gia 5 năm",
                "reviewCount": "874 Đánh giá",
                "likedCount": "31 Lượt cảm ơn"
            },
            "review": {
                "rating": 5,
                "title": "Cực kì hài lòng",
                "content": ""
            }
        },
        {
            "reviewer": {
                "name": "Trinh Gia Long",
                "date": "Đã tham gia 3 tháng",
                "reviewCount": "5 Đánh giá",
                "likedCount": "0 Lượt cảm ơn"
            },
            "review": {
                "rating": 5,
                "title": "Cực kì hài lòng",
                "content": "Cuốn sách nói về tâm lý hay."
            }
        },
        {
            "reviewer": {
                "name": "Trần Hải Yến",
                "date": "Đã tham gia 7 năm",
                "reviewCount": "115 Đánh giá",
                "likedCount": "7 Lượt cảm ơn"
            },
            "review": {
                "rating": 5,
                "title": "Cực kì hài lòng",
                "content": "Ok nội dung, đọc xem sao."
            }
        },
        {
            "reviewer": {
                "name": "nguyễn quyết bảo châu",
                "date": "Đã tham gia 12 năm",
                "reviewCount": "249 Đánh giá",
                "likedCount": "0 Lượt cảm ơn"
            },
            "review": {
                "rating": 5,
                "title": "Cực kì hài lòng",
                "content": ""
            }
        },
        {
            "reviewer": {
                "name": "Pht Trn Tn",
                "date": "Đã tham gia 5 năm",
                "reviewCount": "10 Đánh giá",
                "likedCount": "0 Lượt cảm ơn"
            },
            "review": {
                "rating": 5,
                "title": "Cực kì hài lòng",
                "content": ""
            }
        },
        {
            "reviewer": {
                "name": "Vu Du",
                "date": "Đã tham gia 5 năm",
                "reviewCount": "114 Đánh giá",
                "likedCount": "0 Lượt cảm ơn"
            },
            "review": {
                "rating": 5,
                "title": "Cực kì hài lòng",
                "content": ""
            }
        },
        {
            "reviewer": {
                "name": "quốc khánh Nguyễn",
                "date": "Đã tham gia 4 tháng",
                "reviewCount": "1 Đánh giá",
                "likedCount": "0 Lượt cảm ơn"
            },
            "review": {
                "rating": 5,
                "title": "Cực kì hài lòng",
                "content": ""
            }
        },
        {
            "reviewer": {
                "name": "Nguyễn Vũ",
                "date": "Đã tham gia 1 tháng",
                "reviewCount": "10 Đánh giá",
                "likedCount": "1 Lượt cảm ơn"
            },
            "review": {
                "rating": 5,
                "title": "Cực kì hài lòng",
                "content": ""
            }
        },
        {
            "reviewer": {
                "name": "Hiếu Khang Nguyễn",
                "date": "Đã tham gia 1 tháng",
                "reviewCount": "2 Đánh giá",
                "likedCount": "0 Lượt cảm ơn"
            },
            "review": {
                "rating": 5,
                "title": "Cực kì hài lòng",
                "content": ""
            }
        },
        {
            "reviewer": {
                "name": "Phuong phuong",
                "date": "Đã tham gia 5 năm",
                "reviewCount": "237 Đánh giá",
                "likedCount": "49 Lượt cảm ơn"
            },
            "review": {
                "rating": 5,
                "title": "Cực kì hài lòng",
                "content": ""
            }
        },
        {
            "reviewer": {
                "name": "Zalo Quốc Hưng",
                "date": "Đã tham gia 8 năm",
                "reviewCount": "17 Đánh giá",
                "likedCount": "1 Lượt cảm ơn"
            },
            "review": {
                "rating": 5,
                "title": "Cực kì hài lòng",
                "content": ""
            }
        },
        {
            "reviewer": {
                "name": "Đào Hải Nghĩa",
                "date": "Đã tham gia 1 năm",
                "reviewCount": "2 Đánh giá",
                "likedCount": "0 Lượt cảm ơn"
            },
            "review": {
                "rating": 5,
                "title": "Cực kì hài lòng",
                "content": "Cực kì hài lòng"
            }
        },
        {
            "reviewer": {
                "name": "Toàn Ngô",
                "date": "Đã tham gia 3 năm",
                "reviewCount": "24 Đánh giá",
                "likedCount": "0 Lượt cảm ơn"
            },
            "review": {
                "rating": 5,
                "title": "Cực kì hài lòng",
                "content": ""
            }
        },
        {
            "reviewer": {
                "name": "Phạm Quỳnh",
                "date": "Đã tham gia 4 năm",
                "reviewCount": "11 Đánh giá",
                "likedCount": "0 Lượt cảm ơn"
            },
            "review": {
                "rating": 5,
                "title": "Cực kì hài lòng",
                "content": ""
            }
        },
        {
            "reviewer": {
                "name": "Nguyễn Ngân",
                "date": "Đã tham gia 13 năm",
                "reviewCount": "12 Đánh giá",
                "likedCount": "0 Lượt cảm ơn"
            },
            "review": {
                "rating": 5,
                "title": "Cực kì hài lòng",
                "content": ""
            }
        },
        {
            "reviewer": {
                "name": "Nguyen Duy Viet",
                "date": "Đã tham gia 9 năm",
                "reviewCount": "23 Đánh giá",
                "likedCount": "1 Lượt cảm ơn"
            },
            "review": {
                "rating": 5,
                "title": "Cực kì hài lòng",
                "content": ""
            }
        },
        {
            "reviewer": {
                "name": "Ngo Thuy Phuong",
                "date": "Đã tham gia 6 năm",
                "reviewCount": "7 Đánh giá",
                "likedCount": "0 Lượt cảm ơn"
            },
            "review": {
                "rating": 5,
                "title": "Cực kì hài lòng",
                "content": ""
            }
        },
        {
            "reviewer": {
                "name": "Mac Mac",
                "date": "Đã tham gia 8 năm",
                "reviewCount": "55 Đánh giá",
                "likedCount": "2 Lượt cảm ơn"
            },
            "review": {
                "rating": 5,
                "title": "Cực kì hài lòng",
                "content": ""
            }
        },
        {
            "reviewer": {
                "name": "Truong Hung",
                "date": "Đã tham gia 10 năm",
                "reviewCount": "430 Đánh giá",
                "likedCount": "5 Lượt cảm ơn"
            },
            "review": {
                "rating": 5,
                "title": "Cực kì hài lòng",
                "content": ""
            }
        },
        {
            "reviewer": {
                "name": "Phương Diễm Hạnh",
                "date": "Đã tham gia 4 năm",
                "reviewCount": "38 Đánh giá",
                "likedCount": "20 Lượt cảm ơn"
            },
            "review": {
                "rating": 5,
                "title": "Cực kì hài lòng",
                "content": ""
            }
        },
        {
            "reviewer": {
                "name": "Sầm Bảo Ngọc",
                "date": "Đã tham gia 6 năm",
                "reviewCount": "21 Đánh giá",
                "likedCount": "0 Lượt cảm ơn"
            },
            "review": {
                "rating": 5,
                "title": "Cực kì hài lòng",
                "content": ""
            }
        },
        {
            "reviewer": {
                "name": "Minh Tuấn",
                "date": "Đã tham gia 5 năm",
                "reviewCount": "8 Đánh giá",
                "likedCount": "0 Lượt cảm ơn"
            },
            "review": {
                "rating": 5,
                "title": "Cực kì hài lòng",
                "content": ""
            }
        },
        {
            "reviewer": {
                "name": "Huỳnh Bích ngọc",
                "date": "Đã tham gia 6 năm",
                "reviewCount": "40 Đánh giá",
                "likedCount": "4 Lượt cảm ơn"
            },
            "review": {
                "rating": 5,
                "title": "Cực kì hài lòng",
                "content": ""
            }
        },
        {
            "reviewer": {
                "name": "Tú Mỡ Hiền Lành",
                "date": "Đã tham gia 10 năm",
                "reviewCount": "12 Đánh giá",
                "likedCount": "3 Lượt cảm ơn"
            },
            "review": {
                "rating": 5,
                "title": "Cực kì hài lòng",
                "content": ""
            }
        },
        {
            "reviewer": {
                "name": "NAM Ng",
                "date": "Đã tham gia 5 năm",
                "reviewCount": "147 Đánh giá",
                "likedCount": "2 Lượt cảm ơn"
            },
            "review": {
                "rating": 5,
                "title": "Cực kì hài lòng",
                "content": ""
            }
        },
        {
            "reviewer": {
                "name": "Văn Nghĩa Nguyễn",
                "date": "Đã tham gia 6 năm",
                "reviewCount": "162 Đánh giá",
                "likedCount": "5 Lượt cảm ơn"
            },
            "review": {
                "rating": 5,
                "title": "Cực kì hài lòng",
                "content": ""
            }
        },
        {
            "reviewer": {
                "name": "Nguyễn Trí Bảo",
                "date": "Đã tham gia 5 năm",
                "reviewCount": "36 Đánh giá",
                "likedCount": "0 Lượt cảm ơn"
            },
            "review": {
                "rating": 5,
                "title": "Cực kì hài lòng",
                "content": ""
            }
        },
        {
            "reviewer": {
                "name": "Vo Linh Anh Kien",
                "date": "Đã tham gia 4 năm",
                "reviewCount": "41 Đánh giá",
                "likedCount": "0 Lượt cảm ơn"
            },
            "review": {
                "rating": 5,
                "title": "Cực kì hài lòng",
                "content": ""
            }
        },
        {
            "reviewer": {
                "name": "Hiep Nguyen Van",
                "date": "Đã tham gia 5 năm",
                "reviewCount": "12 Đánh giá",
                "likedCount": "0 Lượt cảm ơn"
            },
            "review": {
                "rating": 5,
                "title": "Cực kì hài lòng",
                "content": ""
            }
        },
        {
            "reviewer": {
                "name": "Cayas Minh Nhựt",
                "date": "Đã tham gia 1 năm",
                "reviewCount": "1 Đánh giá",
                "likedCount": "0 Lượt cảm ơn"
            },
            "review": {
                "rating": 5,
                "title": "Cực kì hài lòng",
                "content": ""
            }
        },
        {
            "reviewer": {
                "name": "Khánh Nga Đoàn",
                "date": "Đã tham gia 6 năm",
                "reviewCount": "41 Đánh giá",
                "likedCount": "0 Lượt cảm ơn"
            },
            "review": {
                "rating": 5,
                "title": "Cực kì hài lòng",
                "content": ""
            }
        },
        {
            "reviewer": {
                "name": "Lê Hữu Tuấn",
                "date": "Đã tham gia 6 năm",
                "reviewCount": "13 Đánh giá",
                "likedCount": "2 Lượt cảm ơn"
            },
            "review": {
                "rating": 4,
                "title": "Hài lòng",
                "content": "Update sau khi đọc xong Chương 2: Đây là cảm nhận của riêng mình: sách được dịch rất tệ, và khiến người đọc khó hiểu với những từ ngữ rất thô và hơi tối nghĩa, như kiểu sách được tác giả ném vào Google Dịch xong rồi chỉ sửa lại đôi chút thôi vậy, mà khi đọc ngay cả mình, một người không giỏi về hành văn cũng thấy rằng có những từ có thể dùng bằng từ khác hay hơn, dễ hiểu hơn và sâu sắc hơn nhiều, hay có những câu có thể ý của câu đấy là như vậy nhưng có thể dùng một cách diễn đạt khác ổn hơn. Người dịch có thể không có nhiều vốn từ vựng cũng như cách diễn đạt tốt, nên mình cảm thấy hơi thất vọng khi đọc, nói chung rất xin lỗi người dịch nhưng cảm nhận của mình là vậy, tất nhiên chỉ mới hết chương 2 thôi nhưng nhìn chung là sách dịch tệ. Còn mình cho 5 sao xuống 4 sao thôi ạ vì dịch vụ tốt của Tiki, với để cho các bạn muốn mua có thể tham khảo. Sẽ cập nhật tiếp khi đọc xong. T-T\r\n\r\nLúc nhận sách:\r\nQuyển này tuy cũng không có bọc trong giấy bóng với lúc mở ra thấy cũng hơi bẩn tí mà lau cái là sạch ngay, nhưng mà vẫn mùi sách thơm phức sách vẫn mới tinh không một vết gợn nào, vậy là yên tâm rồi cảm ơn tiki ship cẩn thận chứ tôi mua 5 cuốn mà sách bị làm sao là tôi mất ăn mất ngủ ngay vì tôi thích sách mới tôi giữ gìn lắm, ôi cái quyển sách nghe tên thôi là đã muốn đọc rồi, muốn hiểu xem bản chất của tôi là gì hế hế xem là tốt hay xấu, chắc là tốt thôi vì tôi biết mà, vậy mà vẫn không có người yêu quá buồn"
            }
        },
        {
            "reviewer": {
                "name": "Phùng hùng",
                "date": "Đã tham gia 5 năm",
                "reviewCount": "11 Đánh giá",
                "likedCount": "1 Lượt cảm ơn"
            },
            "review": {
                "rating": 2,
                "title": "Không hài lòng",
                "content": "Người dịch cuốn sách quá tệ. Trong khi nội dung nguyên gốc thì hay. Sách dịch như thể đưa lên Google dịch. Đọc bản dịch tiếng Anh hay hơn nhiều."
            }
        },
        {
            "reviewer": {
                "name": "Nguyễn Thị Thanh Bình",
                "date": "Đã tham gia 1 năm",
                "reviewCount": "19 Đánh giá",
                "likedCount": "0 Lượt cảm ơn"
            },
            "review": {
                "rating": 3,
                "title": "Bình thường",
                "content": "Một phần bìa và gáy sách bị tổn hại."
            }
        },
        {
            "reviewer": {
                "name": "Nguyễn Trung Hiếu",
                "date": "Đã tham gia 7 năm",
                "reviewCount": "28 Đánh giá",
                "likedCount": "10 Lượt cảm ơn"
            },
            "review": {
                "rating": 2,
                "title": "Không hài lòng",
                "content": "mới đọc trang đầu mà đã ko muốn đọc nữa, vì google dịch, ngô nghê, khó hiểu, cho 2 sao vì shipper thân thiện, nhiệt tình."
            }
        },
        {
            "reviewer": {
                "name": "Tân Thành",
                "date": "Đã tham gia 9 năm",
                "reviewCount": "28 Đánh giá",
                "likedCount": "3 Lượt cảm ơn"
            },
            "review": {
                "rating": 4,
                "title": "Hài lòng",
                "content": ""
            }
        },
        {
            "reviewer": {
                "name": "Vũ Văn Cường",
                "date": "Đã tham gia 1 năm",
                "reviewCount": "2 Đánh giá",
                "likedCount": "0 Lượt cảm ơn"
            },
            "review": {
                "rating": 4,
                "title": "Hài lòng",
                "content": ""
            }
        },
        {
            "reviewer": {
                "name": "Hoàng Ngọc Lữ",
                "date": "Đã tham gia 9 năm",
                "reviewCount": "57 Đánh giá",
                "likedCount": "4 Lượt cảm ơn"
            },
            "review": {
                "rating": 4,
                "title": "Hài lòng",
                "content": ""
            }
        }
    ]
}