{
    "url": "https://tiki.vn/ky-luat-ban-than-p190238356.html?spid=190238357",
    "info": {
        "title": "Kỷ Luật Bản Thân",
        "author": "Richard Guare,",
        "imageUrl": "https://salt.tikicdn.com/cache/750x750/ts/product/09/3b/73/873b5e1f6e55c774b90062ad94e07940.png.webp",
        "soldQuantity": 3000,
        "currentPrice": 140000,
        "originalPrice": 189000
    },
    "details": {
        "bookVersion": "Phiên bản thường",
        "publisher": "1980 Books",
        "publishDate": "2022-07-07 00:00:00",
        "dimensions": "13x20,5cm",
        "translator": "Ngô Cẩm Ly",
        "coverType": "Bìa mềm",
        "pageCount": "396",
        "publishingHouse": "Nhà Xuất Bản Công Thương"
    },
    "description": "Trong cuộc sống hiện nay, bất cứ ai cũng phải cùng lúc đảm đương nhiều nhiệm vụ khác nhau. Khi vừa phải lo liệu suôn sẻ công việc tại văn phòng, vừa phải chăm sóc gia đình, đồng thời nuôi dưỡng các mối quan hệ và duy trì sức khỏe của bản thân, không ít cá nhân đã bị quá tải và kiệt sức. Kỷ luật bản thân hướng dẫn người đọc làm chủ 12 kỹ năng điều hành thiết yếu trong nhịp sống hiện đại, để bạn có thể sắp xếp lại mỗi ngày của mình thật khoa học và vui vẻ, gia tăng hiệu quả xử lý vấn đề (ở cả nơi công sở lẫn khi ở nhà) và giảm thiểu căng thẳng xuống mức tối thiểu.\nBạn là một người thông minh, nhưng lại thường xuyên “đụng đâu hỏng đó”, dễ mất bình tĩnh, khó lòng kiểm soát các công việc hằng ngày và thường xuyên bị căng thẳng? Bạn không cô đơn đâu. Trước hàng loạt vấn đề phải giải quyết ở nơi làm việc cũng như ở nhà, rất nhiều người phải xoay như chong chóng mà vẫn không thể sắp xếp được tình hình sao cho ổn thỏa. Chìa khóa để giải quyết vấn đề này nằm ở việc mài giũa các kỹ năng điều hành thiết yếu của mỗi cá nhân.\n12 kỹ năng điều hành có trong sách là những năng lực thiết yếu để chúng ta duy trì sự tập trung, cân bằng cảm xúc và xử lý vấn đề một cách logic. Bạn sẽ học được cách quản lý thời gian, lập kế hoạch, duy trì sự bền bỉ hướng tới mục tiê và nhiều kỹ năng quan trọng khác. Với việc vạch ra các chiến lược cụ thể dựa trên thông tin khoa học và cung cấp các ví dụ hết sức gần gũi, hai tác giả Peg Dawson và Richard Guare giúp bạn nhanh chóng áp dụng được các bí quyết vào đời thực, để bạn có thể nâng cao hiệu quả làm việc của mình và tận hưởng một cuộc sống không còn tồn tại những căng thẳng không cần thiết.\n- Nếu bạn có xu hướng:\n… vậy thì, cuốn sách này là dành cho bạn!\nCuốn sách “Kỷ luật bản thân” giúp bạn đánh giá lại các kỹ năng điều hành của chính mình thông qua một bài khảo sát ngắn gọn và khoa học, để bạn biết được mình có ưu điểm về khía cạnh nào và ngược lại, đâu là những khía cạnh mà bạn còn cần rèn luyện thêm. Rất nhiều câu chuyện thực tế được đưa vào sách, giúp bạn dễ dàng nhận ra bản thân (cũng như một số người quen của mình) trong các ví dụ cụ thể này, từ đó vạch ra một chiến lược phù hợp với cá nhân bạn. Dù cho bạn muốn nâng cao kỹ năng của chính mình, hay là trợ giúp cho bạn đời và con cái, cuốn sách cũng có thể mang tới những lời khuyên thực tiễn và giàu giá trị.\nDưới đây là danh sách 12 kỹ năng điều hành thiết yếu để xử lý tốt các nhiệm vụ và bảo đảm cho bạn có được một cuộc đời không-áp-lực:\nHãy nhớ, mỗi chúng ta thường sẽ mạnh về những kỹ năng nhất định nhưng lại thiếu sót ở những kỹ năng khác - không có ai là hoàn hảo. Bên cạnh việc cố khắc phục những điểm yếu còn tồn tại ở bản thân, bạn hoàn toàn có thể trông cậy vào sự giúp đỡ của những người xung quanh - như các thành viên trong gia đình, bạn bè, đồng nghiệp - để họ bù đắp cho các khiếm khuyết của bạn và ngược lại, bạn cũng có thể trợ giúp họ trong những vấn đề họ gặp khó khăn.\n- Về tác giả\nTiến sĩ giáo dục Peg Dawson là nhà tâm lý học làm việc tại Trung tâm Sức khỏe Tâm thần Seacoast ở Portsmouth, New Hampshire. Cô có những lớp đào tạo nâng cao kỹ năng điều hành cho các trường học và tổ chức tại Mỹ cũng như nhiều quốc gia khác.Tiến sĩ Richard Guare tập trung nghiên cứu vào việc thấu hiểu và khắc phục các vấn đề khó khăn trong học tập và duy trì sự tập trung. Ông là nhà tâm lý học thần kinh và nhà phân tích hành vi được chứng nhận, thường xuyên tham vấn cho các trường học và cơ quan.\n- Một số nhận xét\n“Dawson và Guare là những bậc thầy về kỹ năng điều hành. Họ cung cấp cho chúng ta một cuốn sách hướng dẫn dễ đọc, thực tiễn và cực kỳ giá trị.”\n- Edward M. Hallowell, MD\n“Cuốn sách này trình bày chính xác những vấn đề mà tôi phải xoay xở khi không thể hoàn thành các mục tiêu của mình. Nó giúp tôi đánh giá những điểm yếu của mình, đồng thời cho tôi các lời khuyên đơn giản và rõ ràng để vượt qua các thách thức từng khiến tôi rất nản lòng. Phong cách viết gần gũi, dễ tiếp thu và đầy tính cổ vũ của các tác giả đã lôi cuốn và giúp tôi duy trì tập trung xuyên suốt thời gian đọc.”\n- Sue V.\n“Là một người thường xuyên gặp khó khăn với việc quản lý thời gian và tổ chức công việc, tôi vô cùng hài lòng khi tìm được cuốn sách này.”\n- Cheryl T.\nGiá sản phẩm trên Tiki đã bao gồm thuế theo luật hiện hành. Bên cạnh đó, tuỳ vào loại sản phẩm, hình thức và địa chỉ giao hàng mà có thể phát sinh thêm chi phí khác như phí vận chuyển, phụ phí hàng cồng kềnh, thuế nhập khẩu (đối với đơn hàng giao từ nước ngoài có giá trị trên 1 triệu đồng).....",
    "rating": {
        "totalRating": 4.7,
        "numberOfRating": 206
    },
    "reviews": [
        {
            "reviewer": {
                "name": "Japanit Matcha",
                "date": "Đã tham gia 7 năm",
                "reviewCount": "1301 Đánh giá",
                "likedCount": "266 Lượt cảm ơn"
            },
            "review": {
                "rating": 5,
                "title": "Cực kì hài lòng",
                "content": "Cực kỳ hài lòng\r\nSản phẩm có chất lượng đúng như mô tả, đóng gói chắc chắn, rất đáng tiền, giao hàng nhanh. \r\nP/s: Không có thời gian chụp hình nên mình lấy đỡ hình trên mạng up"
            }
        },
        {
            "reviewer": {
                "name": "Trang Nguyen",
                "date": "Đã tham gia 9 năm",
                "reviewCount": "24 Đánh giá",
                "likedCount": "0 Lượt cảm ơn"
            },
            "review": {
                "rating": 5,
                "title": "Cực kì hài lòng",
                "content": "Sách đẹp, hay, giao nhanh"
            }
        },
        {
            "reviewer": {
                "name": "Nhựt Bình Ung",
                "date": "Đã tham gia 4 năm",
                "reviewCount": "10 Đánh giá",
                "likedCount": "0 Lượt cảm ơn"
            },
            "review": {
                "rating": 5,
                "title": "Cực kì hài lòng",
                "content": "sách đẹp, nội dung rất chi tiết, không nhàm chán"
            }
        },
        {
            "reviewer": {
                "name": "John Henry",
                "date": "Đã tham gia 5 năm",
                "reviewCount": "45 Đánh giá",
                "likedCount": "5 Lượt cảm ơn"
            },
            "review": {
                "rating": 5,
                "title": "Cực kì hài lòng",
                "content": "Very good"
            }
        },
        {
            "reviewer": {
                "name": "Anh Karma",
                "date": "Đã tham gia 6 năm",
                "reviewCount": "26 Đánh giá",
                "likedCount": "3 Lượt cảm ơn"
            },
            "review": {
                "rating": 5,
                "title": "Cực kì hài lòng",
                "content": "Sách phù hợp cho những ai muốn nâng cấp bản thân, hoàn thiện các kỹ năng còn yếu."
            }
        },
        {
            "reviewer": {
                "name": "Đàm Bích Ngọc",
                "date": "Đã tham gia 1 năm",
                "reviewCount": "5 Đánh giá",
                "likedCount": "0 Lượt cảm ơn"
            },
            "review": {
                "rating": 5,
                "title": "Cực kì hài lòng",
                "content": "Vânh chuyển cực nhanh, sách mới, nhưng đúng là keo gáy sách k dc chắc chắn cho lắm"
            }
        },
        {
            "reviewer": {
                "name": "Trần Thị Diễm Thư",
                "date": "Đã tham gia 1 năm",
                "reviewCount": "1 Đánh giá",
                "likedCount": "0 Lượt cảm ơn"
            },
            "review": {
                "rating": 5,
                "title": "Cực kì hài lòng",
                "content": "Sách đẹp, giao hàng nhanh và đóng gói cẩn thận."
            }
        },
        {
            "reviewer": {
                "name": "Nguyễn Bảo Lộc",
                "date": "Đã tham gia 12 năm",
                "reviewCount": "47 Đánh giá",
                "likedCount": "13 Lượt cảm ơn"
            },
            "review": {
                "rating": 5,
                "title": "Cực kì hài lòng",
                "content": "Giấy tốt, nội dung khá"
            }
        },
        {
            "reviewer": {
                "name": "Mr Tuân",
                "date": "Đã tham gia 4 năm",
                "reviewCount": "6 Đánh giá",
                "likedCount": "0 Lượt cảm ơn"
            },
            "review": {
                "rating": 5,
                "title": "Cực kì hài lòng",
                "content": "Rất xịn sò, mờ hộp nhìn rất mê, lại có 01 lưỡi dự phòng, túi đựng… Đã cạo thử và rất OK.\nTặng shop 05 sao.\nRất đáng mua nhé cả nhà."
            }
        },
        {
            "reviewer": {
                "name": "Hạnh Trần",
                "date": "Đã tham gia 4 năm",
                "reviewCount": "25 Đánh giá",
                "likedCount": "0 Lượt cảm ơn"
            },
            "review": {
                "rating": 5,
                "title": "Cực kì hài lòng",
                "content": "Ko cần phải bàn"
            }
        },
        {
            "reviewer": {
                "name": "Quyen M",
                "date": "Đã tham gia 9 năm",
                "reviewCount": "31 Đánh giá",
                "likedCount": "0 Lượt cảm ơn"
            },
            "review": {
                "rating": 5,
                "title": "Cực kì hài lòng",
                "content": "Sách hay, rất thực tế, dễ áp dụng!"
            }
        },
        {
            "reviewer": {
                "name": "Pham thoa",
                "date": "Đã tham gia 6 năm",
                "reviewCount": "15 Đánh giá",
                "likedCount": "0 Lượt cảm ơn"
            },
            "review": {
                "rating": 5,
                "title": "Cực kì hài lòng",
                "content": "Rất là hài lòng khi mua sách bên tiki"
            }
        },
        {
            "reviewer": {
                "name": "Khánh Mai",
                "date": "Đã tham gia 9 năm",
                "reviewCount": "35 Đánh giá",
                "likedCount": "4 Lượt cảm ơn"
            },
            "review": {
                "rating": 5,
                "title": "Cực kì hài lòng",
                "content": "Rất hài lòng"
            }
        },
        {
            "reviewer": {
                "name": "Tuệ An",
                "date": "Đã tham gia 9 năm",
                "reviewCount": "46 Đánh giá",
                "likedCount": "0 Lượt cảm ơn"
            },
            "review": {
                "rating": 5,
                "title": "Cực kì hài lòng",
                "content": "Ok nhen"
            }
        },
        {
            "reviewer": {
                "name": "Hải Đỗ",
                "date": "Đã tham gia 1 năm",
                "reviewCount": "5 Đánh giá",
                "likedCount": "0 Lượt cảm ơn"
            },
            "review": {
                "rating": 5,
                "title": "Cực kì hài lòng",
                "content": "sách ok giao hàng nhanh đóng gói tốt"
            }
        },
        {
            "reviewer": {
                "name": "Kẹo Mạch Nha",
                "date": "Đã tham gia 6 năm",
                "reviewCount": "568 Đánh giá",
                "likedCount": "92 Lượt cảm ơn"
            },
            "review": {
                "rating": 5,
                "title": "Cực kì hài lòng",
                "content": "sách hay, đóng gói cẩn thận, giao hàng đúng hẹn, rất hài lòng ♥️"
            }
        },
        {
            "reviewer": {
                "name": "Nguyễn Trọng Dinh",
                "date": "Đã tham gia 3 năm",
                "reviewCount": "1 Đánh giá",
                "likedCount": "0 Lượt cảm ơn"
            },
            "review": {
                "rating": 5,
                "title": "Cực kì hài lòng",
                "content": "Sách đóng gói cẩn thận và giao hàng nhanh"
            }
        },
        {
            "reviewer": {
                "name": "Tuấn Dương",
                "date": "Đã tham gia 4 năm",
                "reviewCount": "5 Đánh giá",
                "likedCount": "1 Lượt cảm ơn"
            },
            "review": {
                "rating": 5,
                "title": "Cực kì hài lòng",
                "content": "❤️"
            }
        },
        {
            "reviewer": {
                "name": "Tấn Tài Trương",
                "date": "Đã tham gia 5 năm",
                "reviewCount": "123 Đánh giá",
                "likedCount": "5 Lượt cảm ơn"
            },
            "review": {
                "rating": 5,
                "title": "Cực kì hài lòng",
                "content": "như hình"
            }
        },
        {
            "reviewer": {
                "name": "Anh Khoa",
                "date": "Đã tham gia 5 năm",
                "reviewCount": "18 Đánh giá",
                "likedCount": "1 Lượt cảm ơn"
            },
            "review": {
                "rating": 5,
                "title": "Cực kì hài lòng",
                "content": "Sách đóng gói cẩn thận, giao hàng nhanh, cảm ơn shop nhé."
            }
        },
        {
            "reviewer": {
                "name": "Nguyễn Thanh Huy",
                "date": "Đã tham gia 6 năm",
                "reviewCount": "67 Đánh giá",
                "likedCount": "7 Lượt cảm ơn"
            },
            "review": {
                "rating": 5,
                "title": "Cực kì hài lòng",
                "content": "Sách hay\r\nNội dung chi tiết"
            }
        },
        {
            "reviewer": {
                "name": "nguyễn thị út trà",
                "date": "Đã tham gia 5 năm",
                "reviewCount": "177 Đánh giá",
                "likedCount": "4 Lượt cảm ơn"
            },
            "review": {
                "rating": 5,
                "title": "Cực kì hài lòng",
                "content": ""
            }
        },
        {
            "reviewer": {
                "name": "Phan Nhân",
                "date": "Đã tham gia 10 năm",
                "reviewCount": "12 Đánh giá",
                "likedCount": "2 Lượt cảm ơn"
            },
            "review": {
                "rating": 5,
                "title": "Cực kì hài lòng",
                "content": ""
            }
        },
        {
            "reviewer": {
                "name": "Nguyễn Minh Đức",
                "date": "Đã tham gia 2 năm",
                "reviewCount": "3 Đánh giá",
                "likedCount": "0 Lượt cảm ơn"
            },
            "review": {
                "rating": 5,
                "title": "Cực kì hài lòng",
                "content": ""
            }
        },
        {
            "reviewer": {
                "name": "lưu văn Thành",
                "date": "Đã tham gia 3 năm",
                "reviewCount": "21 Đánh giá",
                "likedCount": "0 Lượt cảm ơn"
            },
            "review": {
                "rating": 5,
                "title": "Cực kì hài lòng",
                "content": ""
            }
        },
        {
            "reviewer": {
                "name": "Nguyễn Phúc Tài",
                "date": "Đã tham gia 6 năm",
                "reviewCount": "5 Đánh giá",
                "likedCount": "0 Lượt cảm ơn"
            },
            "review": {
                "rating": 5,
                "title": "Cực kì hài lòng",
                "content": "Giao hàng nhanh, sách đóng gói kỹ. Nội dung khá hay"
            }
        },
        {
            "reviewer": {
                "name": "Super Kid",
                "date": "Đã tham gia 6 năm",
                "reviewCount": "10 Đánh giá",
                "likedCount": "0 Lượt cảm ơn"
            },
            "review": {
                "rating": 5,
                "title": "Cực kì hài lòng",
                "content": ""
            }
        },
        {
            "reviewer": {
                "name": "Hoàng Toại",
                "date": "Đã tham gia 3 năm",
                "reviewCount": "20 Đánh giá",
                "likedCount": "3 Lượt cảm ơn"
            },
            "review": {
                "rating": 5,
                "title": "Cực kì hài lòng",
                "content": "Sách hay, bìa và ruột đều đẹp, giao hàng nhanh"
            }
        },
        {
            "reviewer": {
                "name": "Trung Sơn Lê",
                "date": "Đã tham gia 6 năm",
                "reviewCount": "4 Đánh giá",
                "likedCount": "0 Lượt cảm ơn"
            },
            "review": {
                "rating": 5,
                "title": "Cực kì hài lòng",
                "content": ""
            }
        },
        {
            "reviewer": {
                "name": "Hoàng Nguyễn",
                "date": "Đã tham gia 1 năm",
                "reviewCount": "4 Đánh giá",
                "likedCount": "0 Lượt cảm ơn"
            },
            "review": {
                "rating": 5,
                "title": "Cực kì hài lòng",
                "content": ""
            }
        },
        {
            "reviewer": {
                "name": "Thuý Nga Đào",
                "date": "Đã tham gia 7 năm",
                "reviewCount": "1 Đánh giá",
                "likedCount": "0 Lượt cảm ơn"
            },
            "review": {
                "rating": 5,
                "title": "Cực kì hài lòng",
                "content": ""
            }
        },
        {
            "reviewer": {
                "name": "Nguyen Duong",
                "date": "Đã tham gia 3 năm",
                "reviewCount": "1 Đánh giá",
                "likedCount": "0 Lượt cảm ơn"
            },
            "review": {
                "rating": 5,
                "title": "Cực kì hài lòng",
                "content": ""
            }
        },
        {
            "reviewer": {
                "name": "HỒ NHẬT QUANG",
                "date": "Đã tham gia 6 năm",
                "reviewCount": "64 Đánh giá",
                "likedCount": "0 Lượt cảm ơn"
            },
            "review": {
                "rating": 5,
                "title": "Cực kì hài lòng",
                "content": ""
            }
        },
        {
            "reviewer": {
                "name": "Nguyen Tuan",
                "date": "Đã tham gia 7 năm",
                "reviewCount": "36 Đánh giá",
                "likedCount": "0 Lượt cảm ơn"
            },
            "review": {
                "rating": 5,
                "title": "Cực kì hài lòng",
                "content": ""
            }
        },
        {
            "reviewer": {
                "name": "Harry Nguyen",
                "date": "Đã tham gia 6 năm",
                "reviewCount": "21 Đánh giá",
                "likedCount": "20 Lượt cảm ơn"
            },
            "review": {
                "rating": 5,
                "title": "Cực kì hài lòng",
                "content": ""
            }
        },
        {
            "reviewer": {
                "name": "Quang Hùng",
                "date": "Đã tham gia 6 năm",
                "reviewCount": "43 Đánh giá",
                "likedCount": "1 Lượt cảm ơn"
            },
            "review": {
                "rating": 5,
                "title": "Cực kì hài lòng",
                "content": ""
            }
        },
        {
            "reviewer": {
                "name": "Lê Hoàng Vân Anh",
                "date": "Đã tham gia 2 năm",
                "reviewCount": "4 Đánh giá",
                "likedCount": "1 Lượt cảm ơn"
            },
            "review": {
                "rating": 5,
                "title": "Cực kì hài lòng",
                "content": ""
            }
        },
        {
            "reviewer": {
                "name": "Phạm Minh Tâm",
                "date": "Đã tham gia 7 năm",
                "reviewCount": "22 Đánh giá",
                "likedCount": "2 Lượt cảm ơn"
            },
            "review": {
                "rating": 5,
                "title": "Cực kì hài lòng",
                "content": "Sách rất đẹp"
            }
        },
        {
            "reviewer": {
                "name": "Phạm Văn Binh",
                "date": "Đã tham gia 6 năm",
                "reviewCount": "12 Đánh giá",
                "likedCount": "0 Lượt cảm ơn"
            },
            "review": {
                "rating": 5,
                "title": "Cực kì hài lòng",
                "content": "Ok"
            }
        },
        {
            "reviewer": {
                "name": "Nguyen Thanh Huong",
                "date": "Đã tham gia 6 năm",
                "reviewCount": "2 Đánh giá",
                "likedCount": "0 Lượt cảm ơn"
            },
            "review": {
                "rating": 5,
                "title": "Cực kì hài lòng",
                "content": ""
            }
        },
        {
            "reviewer": {
                "name": "KingOcean",
                "date": "Đã tham gia 10 năm",
                "reviewCount": "79 Đánh giá",
                "likedCount": "14 Lượt cảm ơn"
            },
            "review": {
                "rating": 5,
                "title": "Cực kì hài lòng",
                "content": ""
            }
        },
        {
            "reviewer": {
                "name": "Lê Thành Trung",
                "date": "Đã tham gia 6 năm",
                "reviewCount": "14 Đánh giá",
                "likedCount": "0 Lượt cảm ơn"
            },
            "review": {
                "rating": 5,
                "title": "Cực kì hài lòng",
                "content": ""
            }
        },
        {
            "reviewer": {
                "name": "Thongnguyen Nguyen",
                "date": "Đã tham gia 6 năm",
                "reviewCount": "53 Đánh giá",
                "likedCount": "3 Lượt cảm ơn"
            },
            "review": {
                "rating": 5,
                "title": "Cực kì hài lòng",
                "content": ""
            }
        },
        {
            "reviewer": {
                "name": "Tăng Hiến Vinh",
                "date": "Đã tham gia 3 năm",
                "reviewCount": "41 Đánh giá",
                "likedCount": "1 Lượt cảm ơn"
            },
            "review": {
                "rating": 5,
                "title": "Cực kì hài lòng",
                "content": "Nội dung hay, phù hợp với bản thân"
            }
        },
        {
            "reviewer": {
                "name": "xuân tuấn",
                "date": "Đã tham gia 1 năm",
                "reviewCount": "3 Đánh giá",
                "likedCount": "0 Lượt cảm ơn"
            },
            "review": {
                "rating": 5,
                "title": "Cực kì hài lòng",
                "content": ""
            }
        },
        {
            "reviewer": {
                "name": "Huỳnh Trung Hiền",
                "date": "Đã tham gia 7 năm",
                "reviewCount": "55 Đánh giá",
                "likedCount": "12 Lượt cảm ơn"
            },
            "review": {
                "rating": 5,
                "title": "Cực kì hài lòng",
                "content": "Nên trải nghiệm"
            }
        },
        {
            "reviewer": {
                "name": "Tú Lê",
                "date": "Đã tham gia 10 năm",
                "reviewCount": "39 Đánh giá",
                "likedCount": "0 Lượt cảm ơn"
            },
            "review": {
                "rating": 5,
                "title": "Cực kì hài lòng",
                "content": ""
            }
        },
        {
            "reviewer": {
                "name": "Đỗ Quang Huy",
                "date": "Đã tham gia 4 năm",
                "reviewCount": "286 Đánh giá",
                "likedCount": "1 Lượt cảm ơn"
            },
            "review": {
                "rating": 5,
                "title": "Cực kì hài lòng",
                "content": ""
            }
        },
        {
            "reviewer": {
                "name": "Quốc Tiến",
                "date": "Đã tham gia 9 năm",
                "reviewCount": "82 Đánh giá",
                "likedCount": "32 Lượt cảm ơn"
            },
            "review": {
                "rating": 5,
                "title": "Cực kì hài lòng",
                "content": ""
            }
        },
        {
            "reviewer": {
                "name": "Nguyên Bảo",
                "date": "Đã tham gia 8 năm",
                "reviewCount": "3 Đánh giá",
                "likedCount": "0 Lượt cảm ơn"
            },
            "review": {
                "rating": 5,
                "title": "Cực kì hài lòng",
                "content": ""
            }
        },
        {
            "reviewer": {
                "name": "Phan Hoàng",
                "date": "Đã tham gia 7 năm",
                "reviewCount": "49 Đánh giá",
                "likedCount": "7 Lượt cảm ơn"
            },
            "review": {
                "rating": 5,
                "title": "Cực kì hài lòng",
                "content": ""
            }
        },
        {
            "reviewer": {
                "name": "Trần Tuấn Anh",
                "date": "Đã tham gia 6 năm",
                "reviewCount": "86 Đánh giá",
                "likedCount": "1 Lượt cảm ơn"
            },
            "review": {
                "rating": 5,
                "title": "Cực kì hài lòng",
                "content": ""
            }
        },
        {
            "reviewer": {
                "name": "Lê Công Khanh",
                "date": "Đã tham gia 7 năm",
                "reviewCount": "2 Đánh giá",
                "likedCount": "0 Lượt cảm ơn"
            },
            "review": {
                "rating": 5,
                "title": "Cực kì hài lòng",
                "content": ""
            }
        },
        {
            "reviewer": {
                "name": "Tieu Thien",
                "date": "Đã tham gia 8 năm",
                "reviewCount": "25 Đánh giá",
                "likedCount": "0 Lượt cảm ơn"
            },
            "review": {
                "rating": 5,
                "title": "Cực kì hài lòng",
                "content": ""
            }
        },
        {
            "reviewer": {
                "name": "Duong Tuan Anh",
                "date": "Đã tham gia 6 năm",
                "reviewCount": "20 Đánh giá",
                "likedCount": "0 Lượt cảm ơn"
            },
            "review": {
                "rating": 5,
                "title": "Cực kì hài lòng",
                "content": ""
            }
        },
        {
            "reviewer": {
                "name": "Huong Nguyen",
                "date": "Đã tham gia 6 năm",
                "reviewCount": "98 Đánh giá",
                "likedCount": "3 Lượt cảm ơn"
            },
            "review": {
                "rating": 5,
                "title": "Cực kì hài lòng",
                "content": ""
            }
        },
        {
            "reviewer": {
                "name": "Nguyễn Trọng Thắng",
                "date": "Đã tham gia 7 năm",
                "reviewCount": "84 Đánh giá",
                "likedCount": "3 Lượt cảm ơn"
            },
            "review": {
                "rating": 5,
                "title": "Cực kì hài lòng",
                "content": "Ok"
            }
        },
        {
            "reviewer": {
                "name": "Nguyễn Việt Hà",
                "date": "Đã tham gia 7 năm",
                "reviewCount": "12 Đánh giá",
                "likedCount": "0 Lượt cảm ơn"
            },
            "review": {
                "rating": 5,
                "title": "Cực kì hài lòng",
                "content": ""
            }
        },
        {
            "reviewer": {
                "name": "Hà Lê Hoài Trung",
                "date": "Đã tham gia 9 năm",
                "reviewCount": "50 Đánh giá",
                "likedCount": "2 Lượt cảm ơn"
            },
            "review": {
                "rating": 5,
                "title": "Cực kì hài lòng",
                "content": ""
            }
        },
        {
            "reviewer": {
                "name": "Toni",
                "date": "Đã tham gia 6 năm",
                "reviewCount": "84 Đánh giá",
                "likedCount": "1 Lượt cảm ơn"
            },
            "review": {
                "rating": 5,
                "title": "Cực kì hài lòng",
                "content": ""
            }
        },
        {
            "reviewer": {
                "name": "Hung Trieu",
                "date": "Đã tham gia 9 năm",
                "reviewCount": "94 Đánh giá",
                "likedCount": "19 Lượt cảm ơn"
            },
            "review": {
                "rating": 5,
                "title": "Cực kì hài lòng",
                "content": ""
            }
        },
        {
            "reviewer": {
                "name": "Nguyen Hoang",
                "date": "Đã tham gia 2 năm",
                "reviewCount": "8 Đánh giá",
                "likedCount": "0 Lượt cảm ơn"
            },
            "review": {
                "rating": 5,
                "title": "Cực kì hài lòng",
                "content": ""
            }
        },
        {
            "reviewer": {
                "name": "Xuân Xuân",
                "date": "Đã tham gia 7 năm",
                "reviewCount": "78 Đánh giá",
                "likedCount": "3 Lượt cảm ơn"
            },
            "review": {
                "rating": 5,
                "title": "Cực kì hài lòng",
                "content": ""
            }
        },
        {
            "reviewer": {
                "name": "Sơn Vũ Xuân",
                "date": "Đã tham gia 5 năm",
                "reviewCount": "2 Đánh giá",
                "likedCount": "0 Lượt cảm ơn"
            },
            "review": {
                "rating": 5,
                "title": "Cực kì hài lòng",
                "content": ""
            }
        },
        {
            "reviewer": {
                "name": "Anh Max",
                "date": "Đã tham gia 1 năm",
                "reviewCount": "2 Đánh giá",
                "likedCount": "0 Lượt cảm ơn"
            },
            "review": {
                "rating": 5,
                "title": "Cực kì hài lòng",
                "content": ""
            }
        },
        {
            "reviewer": {
                "name": "Nguyễn thị Zenny",
                "date": "Đã tham gia 6 năm",
                "reviewCount": "2 Đánh giá",
                "likedCount": "0 Lượt cảm ơn"
            },
            "review": {
                "rating": 5,
                "title": "Cực kì hài lòng",
                "content": ""
            }
        },
        {
            "reviewer": {
                "name": "Phạm Thái Sơn",
                "date": "Đã tham gia 7 năm",
                "reviewCount": "200 Đánh giá",
                "likedCount": "8 Lượt cảm ơn"
            },
            "review": {
                "rating": 5,
                "title": "Cực kì hài lòng",
                "content": ""
            }
        },
        {
            "reviewer": {
                "name": "Thanh Nhàn",
                "date": "Đã tham gia 6 năm",
                "reviewCount": "9 Đánh giá",
                "likedCount": "0 Lượt cảm ơn"
            },
            "review": {
                "rating": 5,
                "title": "Cực kì hài lòng",
                "content": ""
            }
        },
        {
            "reviewer": {
                "name": "Bui Thi Cam Linh",
                "date": "Đã tham gia 9 năm",
                "reviewCount": "176 Đánh giá",
                "likedCount": "40 Lượt cảm ơn"
            },
            "review": {
                "rating": 5,
                "title": "Cực kì hài lòng",
                "content": ""
            }
        },
        {
            "reviewer": {
                "name": "MoTi Pet",
                "date": "Đã tham gia 4 năm",
                "reviewCount": "13 Đánh giá",
                "likedCount": "0 Lượt cảm ơn"
            },
            "review": {
                "rating": 5,
                "title": "Cực kì hài lòng",
                "content": ""
            }
        },
        {
            "reviewer": {
                "name": "dung bui",
                "date": "Đã tham gia 6 năm",
                "reviewCount": "99 Đánh giá",
                "likedCount": "3 Lượt cảm ơn"
            },
            "review": {
                "rating": 5,
                "title": "Cực kì hài lòng",
                "content": ""
            }
        },
        {
            "reviewer": {
                "name": "Haff Michael",
                "date": "Đã tham gia 4 năm",
                "reviewCount": "10 Đánh giá",
                "likedCount": "0 Lượt cảm ơn"
            },
            "review": {
                "rating": 5,
                "title": "Cực kì hài lòng",
                "content": "sách tốt"
            }
        },
        {
            "reviewer": {
                "name": "Nguyễn Thành Nam",
                "date": "Đã tham gia 6 năm",
                "reviewCount": "17 Đánh giá",
                "likedCount": "5 Lượt cảm ơn"
            },
            "review": {
                "rating": 5,
                "title": "Cực kì hài lòng",
                "content": ""
            }
        },
        {
            "reviewer": {
                "name": "Agnes Nguyen",
                "date": "Đã tham gia 4 năm",
                "reviewCount": "20 Đánh giá",
                "likedCount": "1 Lượt cảm ơn"
            },
            "review": {
                "rating": 5,
                "title": "Cực kì hài lòng",
                "content": ""
            }
        },
        {
            "reviewer": {
                "name": "Vũ Hùng Phi",
                "date": "Đã tham gia 10 năm",
                "reviewCount": "87 Đánh giá",
                "likedCount": "109 Lượt cảm ơn"
            },
            "review": {
                "rating": 5,
                "title": "Cực kì hài lòng",
                "content": ""
            }
        },
        {
            "reviewer": {
                "name": "Anh An",
                "date": "Đã tham gia 1 năm",
                "reviewCount": "23 Đánh giá",
                "likedCount": "1 Lượt cảm ơn"
            },
            "review": {
                "rating": 5,
                "title": "Cực kì hài lòng",
                "content": ""
            }
        },
        {
            "reviewer": {
                "name": "Nguyễn Trinh Thành Phong",
                "date": "Đã tham gia 8 năm",
                "reviewCount": "14 Đánh giá",
                "likedCount": "2 Lượt cảm ơn"
            },
            "review": {
                "rating": 5,
                "title": "Cực kì hài lòng",
                "content": ""
            }
        },
        {
            "reviewer": {
                "name": "Quế Trâm",
                "date": "Đã tham gia 3 năm",
                "reviewCount": "50 Đánh giá",
                "likedCount": "0 Lượt cảm ơn"
            },
            "review": {
                "rating": 5,
                "title": "Cực kì hài lòng",
                "content": ""
            }
        },
        {
            "reviewer": {
                "name": "Nguyễn Lâm",
                "date": "Đã tham gia 6 năm",
                "reviewCount": "50 Đánh giá",
                "likedCount": "0 Lượt cảm ơn"
            },
            "review": {
                "rating": 5,
                "title": "Cực kì hài lòng",
                "content": ""
            }
        },
        {
            "reviewer": {
                "name": "Đặng Ân Phúc",
                "date": "Đã tham gia 6 năm",
                "reviewCount": "7 Đánh giá",
                "likedCount": "1 Lượt cảm ơn"
            },
            "review": {
                "rating": 5,
                "title": "Cực kì hài lòng",
                "content": ""
            }
        },
        {
            "reviewer": {
                "name": "hng ly",
                "date": "Đã tham gia 3 năm",
                "reviewCount": "5 Đánh giá",
                "likedCount": "0 Lượt cảm ơn"
            },
            "review": {
                "rating": 5,
                "title": "Cực kì hài lòng",
                "content": "Rất hay"
            }
        },
        {
            "reviewer": {
                "name": "Hung Tran",
                "date": "Đã tham gia 6 năm",
                "reviewCount": "7 Đánh giá",
                "likedCount": "0 Lượt cảm ơn"
            },
            "review": {
                "rating": 5,
                "title": "Cực kì hài lòng",
                "content": ""
            }
        },
        {
            "reviewer": {
                "name": "An Kim",
                "date": "Đã tham gia 4 năm",
                "reviewCount": "14 Đánh giá",
                "likedCount": "0 Lượt cảm ơn"
            },
            "review": {
                "rating": 5,
                "title": "Cực kì hài lòng",
                "content": ""
            }
        },
        {
            "reviewer": {
                "name": "Thanh Hậu",
                "date": "Đã tham gia 3 năm",
                "reviewCount": "110 Đánh giá",
                "likedCount": "2 Lượt cảm ơn"
            },
            "review": {
                "rating": 5,
                "title": "Cực kì hài lòng",
                "content": ""
            }
        },
        {
            "reviewer": {
                "name": "Thắng Đỗ",
                "date": "Đã tham gia 5 năm",
                "reviewCount": "42 Đánh giá",
                "likedCount": "0 Lượt cảm ơn"
            },
            "review": {
                "rating": 5,
                "title": "Cực kì hài lòng",
                "content": ""
            }
        },
        {
            "reviewer": {
                "name": "Nguyễn Phi Phụng",
                "date": "Đã tham gia 5 năm",
                "reviewCount": "1 Đánh giá",
                "likedCount": "0 Lượt cảm ơn"
            },
            "review": {
                "rating": 5,
                "title": "Cực kì hài lòng",
                "content": ""
            }
        },
        {
            "reviewer": {
                "name": "Trần Hoàng Thiên Thanh",
                "date": "Đã tham gia 6 năm",
                "reviewCount": "127 Đánh giá",
                "likedCount": "3 Lượt cảm ơn"
            },
            "review": {
                "rating": 5,
                "title": "Cực kì hài lòng",
                "content": ""
            }
        },
        {
            "reviewer": {
                "name": "Nguyen Quyen",
                "date": "Đã tham gia 6 năm",
                "reviewCount": "51 Đánh giá",
                "likedCount": "2 Lượt cảm ơn"
            },
            "review": {
                "rating": 5,
                "title": "Cực kì hài lòng",
                "content": "Sách hay chất lượng giấy Okee , giao hàng nhanh sợ luôn"
            }
        },
        {
            "reviewer": {
                "name": "Nguyễn Trung Kiên",
                "date": "Đã tham gia 11 năm",
                "reviewCount": "134 Đánh giá",
                "likedCount": "17 Lượt cảm ơn"
            },
            "review": {
                "rating": 5,
                "title": "Cực kì hài lòng",
                "content": ""
            }
        },
        {
            "reviewer": {
                "name": "Huyen Nguyen",
                "date": "Đã tham gia 3 năm",
                "reviewCount": "6 Đánh giá",
                "likedCount": "0 Lượt cảm ơn"
            },
            "review": {
                "rating": 5,
                "title": "Cực kì hài lòng",
                "content": ""
            }
        },
        {
            "reviewer": {
                "name": "Nguyen Tuan Sang",
                "date": "Đã tham gia 3 năm",
                "reviewCount": "83 Đánh giá",
                "likedCount": "0 Lượt cảm ơn"
            },
            "review": {
                "rating": 5,
                "title": "Cực kì hài lòng",
                "content": ""
            }
        },
        {
            "reviewer": {
                "name": "Phạm Quang Duy",
                "date": "Đã tham gia 5 năm",
                "reviewCount": "67 Đánh giá",
                "likedCount": "2 Lượt cảm ơn"
            },
            "review": {
                "rating": 5,
                "title": "Cực kì hài lòng",
                "content": ""
            }
        },
        {
            "reviewer": {
                "name": "Kim sen",
                "date": "Đã tham gia 1 năm",
                "reviewCount": "2 Đánh giá",
                "likedCount": "0 Lượt cảm ơn"
            },
            "review": {
                "rating": 5,
                "title": "Cực kì hài lòng",
                "content": ""
            }
        },
        {
            "reviewer": {
                "name": "Roo Buih",
                "date": "Đã tham gia 8 năm",
                "reviewCount": "38 Đánh giá",
                "likedCount": "0 Lượt cảm ơn"
            },
            "review": {
                "rating": 5,
                "title": "Cực kì hài lòng",
                "content": ""
            }
        },
        {
            "reviewer": {
                "name": "Từ Hải",
                "date": "Đã tham gia 8 năm",
                "reviewCount": "10 Đánh giá",
                "likedCount": "4 Lượt cảm ơn"
            },
            "review": {
                "rating": 5,
                "title": "Cực kì hài lòng",
                "content": ""
            }
        },
        {
            "reviewer": {
                "name": "Xuân Thành",
                "date": "Đã tham gia 3 năm",
                "reviewCount": "7 Đánh giá",
                "likedCount": "0 Lượt cảm ơn"
            },
            "review": {
                "rating": 5,
                "title": "Cực kì hài lòng",
                "content": ""
            }
        },
        {
            "reviewer": {
                "name": "Tim hong",
                "date": "Đã tham gia 4 năm",
                "reviewCount": "6 Đánh giá",
                "likedCount": "1 Lượt cảm ơn"
            },
            "review": {
                "rating": 5,
                "title": "Cực kì hài lòng",
                "content": ""
            }
        },
        {
            "reviewer": {
                "name": "Nguyệt Lưu",
                "date": "Đã tham gia 4 năm",
                "reviewCount": "26 Đánh giá",
                "likedCount": "4 Lượt cảm ơn"
            },
            "review": {
                "rating": 5,
                "title": "Cực kì hài lòng",
                "content": ""
            }
        },
        {
            "reviewer": {
                "name": "Lê Khánh",
                "date": "Đã tham gia 6 năm",
                "reviewCount": "10 Đánh giá",
                "likedCount": "0 Lượt cảm ơn"
            },
            "review": {
                "rating": 5,
                "title": "Cực kì hài lòng",
                "content": ""
            }
        },
        {
            "reviewer": {
                "name": "KHOA ĐOÀN",
                "date": "Đã tham gia 6 năm",
                "reviewCount": "10 Đánh giá",
                "likedCount": "0 Lượt cảm ơn"
            },
            "review": {
                "rating": 5,
                "title": "Cực kì hài lòng",
                "content": ""
            }
        },
        {
            "reviewer": {
                "name": "My Nguyễn",
                "date": "Đã tham gia 3 năm",
                "reviewCount": "2 Đánh giá",
                "likedCount": "0 Lượt cảm ơn"
            },
            "review": {
                "rating": 5,
                "title": "Cực kì hài lòng",
                "content": ""
            }
        },
        {
            "reviewer": {
                "name": "Như Ý",
                "date": "Đã tham gia 6 năm",
                "reviewCount": "7 Đánh giá",
                "likedCount": "0 Lượt cảm ơn"
            },
            "review": {
                "rating": 5,
                "title": "Cực kì hài lòng",
                "content": ""
            }
        },
        {
            "reviewer": {
                "name": "Lê Thị Hà Anh",
                "date": "Đã tham gia 7 năm",
                "reviewCount": "1 Đánh giá",
                "likedCount": "0 Lượt cảm ơn"
            },
            "review": {
                "rating": 5,
                "title": "Cực kì hài lòng",
                "content": ""
            }
        },
        {
            "reviewer": {
                "name": "Minh Hồng",
                "date": "Đã tham gia 4 năm",
                "reviewCount": "15 Đánh giá",
                "likedCount": "0 Lượt cảm ơn"
            },
            "review": {
                "rating": 5,
                "title": "Cực kì hài lòng",
                "content": "giao nhanh, sách đẹp"
            }
        },
        {
            "reviewer": {
                "name": "Ngô dinh",
                "date": "Đã tham gia 6 năm",
                "reviewCount": "3 Đánh giá",
                "likedCount": "0 Lượt cảm ơn"
            },
            "review": {
                "rating": 5,
                "title": "Cực kì hài lòng",
                "content": ""
            }
        },
        {
            "reviewer": {
                "name": "Nguyễn Thu Hà",
                "date": "Đã tham gia 11 năm",
                "reviewCount": "269 Đánh giá",
                "likedCount": "13 Lượt cảm ơn"
            },
            "review": {
                "rating": 5,
                "title": "Cực kì hài lòng",
                "content": ""
            }
        },
        {
            "reviewer": {
                "name": "tram nguyen",
                "date": "Đã tham gia 7 năm",
                "reviewCount": "4 Đánh giá",
                "likedCount": "0 Lượt cảm ơn"
            },
            "review": {
                "rating": 5,
                "title": "Cực kì hài lòng",
                "content": ""
            }
        },
        {
            "reviewer": {
                "name": "Nguyen Tran Thien Hoa",
                "date": "Đã tham gia 9 năm",
                "reviewCount": "14 Đánh giá",
                "likedCount": "0 Lượt cảm ơn"
            },
            "review": {
                "rating": 5,
                "title": "Cực kì hài lòng",
                "content": ""
            }
        },
        {
            "reviewer": {
                "name": "Nguyễn Quang Huy",
                "date": "Đã tham gia 4 năm",
                "reviewCount": "3 Đánh giá",
                "likedCount": "0 Lượt cảm ơn"
            },
            "review": {
                "rating": 5,
                "title": "Cực kì hài lòng",
                "content": "Sách hay"
            }
        },
        {
            "reviewer": {
                "name": "Phạm Mỹ Ý",
                "date": "Đã tham gia 5 năm",
                "reviewCount": "1 Đánh giá",
                "likedCount": "0 Lượt cảm ơn"
            },
            "review": {
                "rating": 5,
                "title": "Cực kì hài lòng",
                "content": ""
            }
        },
        {
            "reviewer": {
                "name": "tuan nhi",
                "date": "Đã tham gia 4 năm",
                "reviewCount": "52 Đánh giá",
                "likedCount": "2 Lượt cảm ơn"
            },
            "review": {
                "rating": 5,
                "title": "Cực kì hài lòng",
                "content": ""
            }
        },
        {
            "reviewer": {
                "name": "Phạm Văn Đức",
                "date": "Đã tham gia 5 năm",
                "reviewCount": "1 Đánh giá",
                "likedCount": "0 Lượt cảm ơn"
            },
            "review": {
                "rating": 5,
                "title": "Cực kì hài lòng",
                "content": ""
            }
        },
        {
            "reviewer": {
                "name": "ha taviet",
                "date": "Đã tham gia 8 năm",
                "reviewCount": "20 Đánh giá",
                "likedCount": "1 Lượt cảm ơn"
            },
            "review": {
                "rating": 5,
                "title": "Cực kì hài lòng",
                "content": "ok"
            }
        },
        {
            "reviewer": {
                "name": "Thảo Trang",
                "date": "Đã tham gia 3 năm",
                "reviewCount": "2 Đánh giá",
                "likedCount": "0 Lượt cảm ơn"
            },
            "review": {
                "rating": 5,
                "title": "Cực kì hài lòng",
                "content": ""
            }
        },
        {
            "reviewer": {
                "name": "Trần Huấn",
                "date": "Đã tham gia 4 năm",
                "reviewCount": "5 Đánh giá",
                "likedCount": "0 Lượt cảm ơn"
            },
            "review": {
                "rating": 5,
                "title": "Cực kì hài lòng",
                "content": ""
            }
        },
        {
            "reviewer": {
                "name": "Thanh Thúy",
                "date": "Đã tham gia 6 năm",
                "reviewCount": "6 Đánh giá",
                "likedCount": "0 Lượt cảm ơn"
            },
            "review": {
                "rating": 5,
                "title": "Cực kì hài lòng",
                "content": ""
            }
        },
        {
            "reviewer": {
                "name": "Hạ Vy",
                "date": "Đã tham gia 6 năm",
                "reviewCount": "20 Đánh giá",
                "likedCount": "0 Lượt cảm ơn"
            },
            "review": {
                "rating": 5,
                "title": "Cực kì hài lòng",
                "content": "Hay"
            }
        },
        {
            "reviewer": {
                "name": "Blue bubbles",
                "date": "Đã tham gia 4 năm",
                "reviewCount": "9 Đánh giá",
                "likedCount": "0 Lượt cảm ơn"
            },
            "review": {
                "rating": 5,
                "title": "Cực kì hài lòng",
                "content": ""
            }
        },
        {
            "reviewer": {
                "name": "Bạc Phận",
                "date": "Đã tham gia 4 năm",
                "reviewCount": "72 Đánh giá",
                "likedCount": "12 Lượt cảm ơn"
            },
            "review": {
                "rating": 5,
                "title": "Cực kì hài lòng",
                "content": ""
            }
        },
        {
            "reviewer": {
                "name": "Ngoc Anh",
                "date": "Đã tham gia 4 năm",
                "reviewCount": "49 Đánh giá",
                "likedCount": "1 Lượt cảm ơn"
            },
            "review": {
                "rating": 5,
                "title": "Cực kì hài lòng",
                "content": ""
            }
        },
        {
            "reviewer": {
                "name": "Xuân Ngọc",
                "date": "Đã tham gia 2 năm",
                "reviewCount": "16 Đánh giá",
                "likedCount": "0 Lượt cảm ơn"
            },
            "review": {
                "rating": 5,
                "title": "Cực kì hài lòng",
                "content": ""
            }
        },
        {
            "reviewer": {
                "name": "mai anh",
                "date": "Đã tham gia 3 năm",
                "reviewCount": "7 Đánh giá",
                "likedCount": "0 Lượt cảm ơn"
            },
            "review": {
                "rating": 5,
                "title": "Cực kì hài lòng",
                "content": ""
            }
        },
        {
            "reviewer": {
                "name": "Nguyễn Hoàng Thanh Tâm",
                "date": "Đã tham gia 6 năm",
                "reviewCount": "44 Đánh giá",
                "likedCount": "11 Lượt cảm ơn"
            },
            "review": {
                "rating": 5,
                "title": "Cực kì hài lòng",
                "content": ""
            }
        },
        {
            "reviewer": {
                "name": "Vũ Thái Bình",
                "date": "Đã tham gia 2 năm",
                "reviewCount": "11 Đánh giá",
                "likedCount": "5 Lượt cảm ơn"
            },
            "review": {
                "rating": 5,
                "title": "Cực kì hài lòng",
                "content": ""
            }
        },
        {
            "reviewer": {
                "name": "Vũ Xuân Khánh",
                "date": "Đã tham gia 6 năm",
                "reviewCount": "17 Đánh giá",
                "likedCount": "1 Lượt cảm ơn"
            },
            "review": {
                "rating": 5,
                "title": "Cực kì hài lòng",
                "content": ""
            }
        },
        {
            "reviewer": {
                "name": "Nguyễn Huy Văn",
                "date": "Đã tham gia 3 năm",
                "reviewCount": "34 Đánh giá",
                "likedCount": "0 Lượt cảm ơn"
            },
            "review": {
                "rating": 5,
                "title": "Cực kì hài lòng",
                "content": ""
            }
        },
        {
            "reviewer": {
                "name": "Lan Phuong",
                "date": "Đã tham gia 5 năm",
                "reviewCount": "1 Đánh giá",
                "likedCount": "0 Lượt cảm ơn"
            },
            "review": {
                "rating": 5,
                "title": "Cực kì hài lòng",
                "content": "giao hàng nhanh"
            }
        },
        {
            "reviewer": {
                "name": "Trần Tuấn Linh",
                "date": "Đã tham gia 6 năm",
                "reviewCount": "20 Đánh giá",
                "likedCount": "0 Lượt cảm ơn"
            },
            "review": {
                "rating": 5,
                "title": "Cực kì hài lòng",
                "content": ""
            }
        },
        {
            "reviewer": {
                "name": "Nguyễn Văn Quang",
                "date": "Đã tham gia 6 năm",
                "reviewCount": "11 Đánh giá",
                "likedCount": "0 Lượt cảm ơn"
            },
            "review": {
                "rating": 5,
                "title": "Cực kì hài lòng",
                "content": ""
            }
        },
        {
            "reviewer": {
                "name": "Luu văn Đặng",
                "date": "Đã tham gia 5 năm",
                "reviewCount": "21 Đánh giá",
                "likedCount": "5 Lượt cảm ơn"
            },
            "review": {
                "rating": 5,
                "title": "Cực kì hài lòng",
                "content": "Nhanh"
            }
        },
        {
            "reviewer": {
                "name": "Tran Linh",
                "date": "Đã tham gia 4 năm",
                "reviewCount": "11 Đánh giá",
                "likedCount": "0 Lượt cảm ơn"
            },
            "review": {
                "rating": 5,
                "title": "Cực kì hài lòng",
                "content": ""
            }
        },
        {
            "reviewer": {
                "name": "Lê Huỳnh Thảo My",
                "date": "Đã tham gia 4 năm",
                "reviewCount": "2 Đánh giá",
                "likedCount": "0 Lượt cảm ơn"
            },
            "review": {
                "rating": 5,
                "title": "Cực kì hài lòng",
                "content": ""
            }
        },
        {
            "reviewer": {
                "name": "Phan Ngọc Anh",
                "date": "Đã tham gia 8 năm",
                "reviewCount": "89 Đánh giá",
                "likedCount": "28 Lượt cảm ơn"
            },
            "review": {
                "rating": 5,
                "title": "Cực kì hài lòng",
                "content": ""
            }
        },
        {
            "reviewer": {
                "name": "Nguyễn quỳnh lương",
                "date": "Đã tham gia 7 năm",
                "reviewCount": "18 Đánh giá",
                "likedCount": "7 Lượt cảm ơn"
            },
            "review": {
                "rating": 5,
                "title": "Cực kì hài lòng",
                "content": ""
            }
        },
        {
            "reviewer": {
                "name": "Nguyen Phan Anh",
                "date": "Đã tham gia 5 năm",
                "reviewCount": "24 Đánh giá",
                "likedCount": "0 Lượt cảm ơn"
            },
            "review": {
                "rating": 5,
                "title": "Cực kì hài lòng",
                "content": ""
            }
        },
        {
            "reviewer": {
                "name": "Phúc Dương",
                "date": "Đã tham gia 2 năm",
                "reviewCount": "5 Đánh giá",
                "likedCount": "0 Lượt cảm ơn"
            },
            "review": {
                "rating": 5,
                "title": "Cực kì hài lòng",
                "content": ""
            }
        },
        {
            "reviewer": {
                "name": "Tinh Nguyen",
                "date": "Đã tham gia 3 năm",
                "reviewCount": "27 Đánh giá",
                "likedCount": "4 Lượt cảm ơn"
            },
            "review": {
                "rating": 5,
                "title": "Cực kì hài lòng",
                "content": ""
            }
        },
        {
            "reviewer": {
                "name": "Ly Tran",
                "date": "Đã tham gia 5 năm",
                "reviewCount": "1 Đánh giá",
                "likedCount": "0 Lượt cảm ơn"
            },
            "review": {
                "rating": 5,
                "title": "Cực kì hài lòng",
                "content": ""
            }
        },
        {
            "reviewer": {
                "name": "Phuc Nguyen",
                "date": "Đã tham gia 5 năm",
                "reviewCount": "102 Đánh giá",
                "likedCount": "0 Lượt cảm ơn"
            },
            "review": {
                "rating": 5,
                "title": "Cực kì hài lòng",
                "content": "shipper nhanh, thân thiện"
            }
        },
        {
            "reviewer": {
                "name": "Nguyen Thien Bao",
                "date": "Đã tham gia 5 năm",
                "reviewCount": "86 Đánh giá",
                "likedCount": "12 Lượt cảm ơn"
            },
            "review": {
                "rating": 5,
                "title": "Cực kì hài lòng",
                "content": ""
            }
        },
        {
            "reviewer": {
                "name": "Đào Như Quỳnh",
                "date": "Đã tham gia 4 năm",
                "reviewCount": "17 Đánh giá",
                "likedCount": "2 Lượt cảm ơn"
            },
            "review": {
                "rating": 5,
                "title": "Cực kì hài lòng",
                "content": ""
            }
        },
        {
            "reviewer": {
                "name": "Nguyễn Ảnh Sang",
                "date": "Đã tham gia 4 năm",
                "reviewCount": "76 Đánh giá",
                "likedCount": "0 Lượt cảm ơn"
            },
            "review": {
                "rating": 5,
                "title": "Cực kì hài lòng",
                "content": ""
            }
        },
        {
            "reviewer": {
                "name": "Trần văn Mạnh",
                "date": "Đã tham gia 2 năm",
                "reviewCount": "1 Đánh giá",
                "likedCount": "0 Lượt cảm ơn"
            },
            "review": {
                "rating": 5,
                "title": "Cực kì hài lòng",
                "content": ""
            }
        },
        {
            "reviewer": {
                "name": "Nguyễn Trường Linh",
                "date": "Đã tham gia 7 năm",
                "reviewCount": "93 Đánh giá",
                "likedCount": "0 Lượt cảm ơn"
            },
            "review": {
                "rating": 5,
                "title": "Cực kì hài lòng",
                "content": ""
            }
        },
        {
            "reviewer": {
                "name": "Nguyễn Hoàng Linh Phương",
                "date": "Đã tham gia 6 năm",
                "reviewCount": "9 Đánh giá",
                "likedCount": "5 Lượt cảm ơn"
            },
            "review": {
                "rating": 5,
                "title": "Cực kì hài lòng",
                "content": ""
            }
        },
        {
            "reviewer": {
                "name": "Ngô Hoàng Huy",
                "date": "Đã tham gia 4 năm",
                "reviewCount": "29 Đánh giá",
                "likedCount": "0 Lượt cảm ơn"
            },
            "review": {
                "rating": 5,
                "title": "Cực kì hài lòng",
                "content": ""
            }
        },
        {
            "reviewer": {
                "name": "Bảo Minh",
                "date": "Đã tham gia 7 năm",
                "reviewCount": "47 Đánh giá",
                "likedCount": "0 Lượt cảm ơn"
            },
            "review": {
                "rating": 5,
                "title": "Cực kì hài lòng",
                "content": ""
            }
        },
        {
            "reviewer": {
                "name": "Khánh Hà",
                "date": "Đã tham gia 10 năm",
                "reviewCount": "328 Đánh giá",
                "likedCount": "39 Lượt cảm ơn"
            },
            "review": {
                "rating": 5,
                "title": "Cực kì hài lòng",
                "content": ""
            }
        },
        {
            "reviewer": {
                "name": "Quất Duy Cường",
                "date": "Đã tham gia 6 năm",
                "reviewCount": "8 Đánh giá",
                "likedCount": "0 Lượt cảm ơn"
            },
            "review": {
                "rating": 5,
                "title": "Cực kì hài lòng",
                "content": ""
            }
        },
        {
            "reviewer": {
                "name": "Duong Dat",
                "date": "Đã tham gia 11 năm",
                "reviewCount": "24 Đánh giá",
                "likedCount": "4 Lượt cảm ơn"
            },
            "review": {
                "rating": 5,
                "title": "Cực kì hài lòng",
                "content": ""
            }
        },
        {
            "reviewer": {
                "name": "Đào Thành Công",
                "date": "Đã tham gia 5 năm",
                "reviewCount": "4 Đánh giá",
                "likedCount": "0 Lượt cảm ơn"
            },
            "review": {
                "rating": 5,
                "title": "Cực kì hài lòng",
                "content": ""
            }
        },
        {
            "reviewer": {
                "name": "Phat Vo",
                "date": "Đã tham gia 3 năm",
                "reviewCount": "2 Đánh giá",
                "likedCount": "0 Lượt cảm ơn"
            },
            "review": {
                "rating": 5,
                "title": "Cực kì hài lòng",
                "content": ""
            }
        },
        {
            "reviewer": {
                "name": "Trịnh Hồng",
                "date": "Đã tham gia 5 năm",
                "reviewCount": "5 Đánh giá",
                "likedCount": "0 Lượt cảm ơn"
            },
            "review": {
                "rating": 5,
                "title": "Cực kì hài lòng",
                "content": ""
            }
        },
        {
            "reviewer": {
                "name": "Nguyễn Quốc Nam",
                "date": "Đã tham gia 6 năm",
                "reviewCount": "4 Đánh giá",
                "likedCount": "0 Lượt cảm ơn"
            },
            "review": {
                "rating": 5,
                "title": "Cực kì hài lòng",
                "content": ""
            }
        },
        {
            "reviewer": {
                "name": "Khooi Nguyeenx",
                "date": "Đã tham gia 6 năm",
                "reviewCount": "9 Đánh giá",
                "likedCount": "0 Lượt cảm ơn"
            },
            "review": {
                "rating": 5,
                "title": "Cực kì hài lòng",
                "content": ""
            }
        },
        {
            "reviewer": {
                "name": "Trần Nguyên",
                "date": "Đã tham gia 5 năm",
                "reviewCount": "145 Đánh giá",
                "likedCount": "2 Lượt cảm ơn"
            },
            "review": {
                "rating": 5,
                "title": "Cực kì hài lòng",
                "content": ""
            }
        },
        {
            "reviewer": {
                "name": "Không có tên",
                "date": "Đã tham gia 4 năm",
                "reviewCount": "61 Đánh giá",
                "likedCount": "0 Lượt cảm ơn"
            },
            "review": {
                "rating": 5,
                "title": "Cực kì hài lòng",
                "content": ""
            }
        },
        {
            "reviewer": {
                "name": "Hoàng Minh Triết",
                "date": "Đã tham gia 4 năm",
                "reviewCount": "23 Đánh giá",
                "likedCount": "1 Lượt cảm ơn"
            },
            "review": {
                "rating": 5,
                "title": "Cực kì hài lòng",
                "content": ""
            }
        },
        {
            "reviewer": {
                "name": "Sĩ Bình",
                "date": "Đã tham gia 3 năm",
                "reviewCount": "1 Đánh giá",
                "likedCount": "0 Lượt cảm ơn"
            },
            "review": {
                "rating": 5,
                "title": "Cực kì hài lòng",
                "content": ""
            }
        },
        {
            "reviewer": {
                "name": "Ngà Nguyễn",
                "date": "Đã tham gia 5 năm",
                "reviewCount": "7 Đánh giá",
                "likedCount": "0 Lượt cảm ơn"
            },
            "review": {
                "rating": 5,
                "title": "Cực kì hài lòng",
                "content": ""
            }
        },
        {
            "reviewer": {
                "name": "Hồ Vũ Hoàng",
                "date": "Đã tham gia 2 năm",
                "reviewCount": "23 Đánh giá",
                "likedCount": "0 Lượt cảm ơn"
            },
            "review": {
                "rating": 5,
                "title": "Cực kì hài lòng",
                "content": ""
            }
        },
        {
            "reviewer": {
                "name": "Nguyễn  Quốc Huy",
                "date": "Đã tham gia 11 năm",
                "reviewCount": "67 Đánh giá",
                "likedCount": "9 Lượt cảm ơn"
            },
            "review": {
                "rating": 5,
                "title": "Cực kì hài lòng",
                "content": ""
            }
        },
        {
            "reviewer": {
                "name": "Lâm Gia Linh",
                "date": "Đã tham gia 10 năm",
                "reviewCount": "14 Đánh giá",
                "likedCount": "1 Lượt cảm ơn"
            },
            "review": {
                "rating": 5,
                "title": "Cực kì hài lòng",
                "content": ""
            }
        },
        {
            "reviewer": {
                "name": "Trần Văn Tuấn",
                "date": "Đã tham gia 5 năm",
                "reviewCount": "15 Đánh giá",
                "likedCount": "1 Lượt cảm ơn"
            },
            "review": {
                "rating": 5,
                "title": "Cực kì hài lòng",
                "content": ""
            }
        },
        {
            "reviewer": {
                "name": "ngoc tai",
                "date": "Đã tham gia 11 năm",
                "reviewCount": "20 Đánh giá",
                "likedCount": "1 Lượt cảm ơn"
            },
            "review": {
                "rating": 5,
                "title": "Cực kì hài lòng",
                "content": ""
            }
        },
        {
            "reviewer": {
                "name": "Nguyễn Vũ Sơn Tùng",
                "date": "Đã tham gia 3 năm",
                "reviewCount": "8 Đánh giá",
                "likedCount": "0 Lượt cảm ơn"
            },
            "review": {
                "rating": 5,
                "title": "Cực kì hài lòng",
                "content": ""
            }
        },
        {
            "reviewer": {
                "name": "nguyen viet duc",
                "date": "Đã tham gia 7 năm",
                "reviewCount": "7 Đánh giá",
                "likedCount": "1 Lượt cảm ơn"
            },
            "review": {
                "rating": 5,
                "title": "Cực kì hài lòng",
                "content": ""
            }
        },
        {
            "reviewer": {
                "name": "Thanh Truc",
                "date": "Đã tham gia 5 năm",
                "reviewCount": "6 Đánh giá",
                "likedCount": "1 Lượt cảm ơn"
            },
            "review": {
                "rating": 5,
                "title": "Cực kì hài lòng",
                "content": ""
            }
        },
        {
            "reviewer": {
                "name": "Nguyễn Thị Thu Trang",
                "date": "Đã tham gia 7 năm",
                "reviewCount": "85 Đánh giá",
                "likedCount": "0 Lượt cảm ơn"
            },
            "review": {
                "rating": 5,
                "title": "Cực kì hài lòng",
                "content": ""
            }
        },
        {
            "reviewer": {
                "name": "Trần Hương",
                "date": "Đã tham gia 11 năm",
                "reviewCount": "13 Đánh giá",
                "likedCount": "4 Lượt cảm ơn"
            },
            "review": {
                "rating": 3,
                "title": "Bình thường",
                "content": "Nội dung sách cũng được nhưng điều làm mình thấy khó cảm cuốn sách này nhất là ở phần trình bày. \r\n- Phần dịch thuật còn mang rất đậm nét “dịch thuật”. Nhiều đoạn đọc lên là biết ngay đây là sách dịch, đôi khi khá mơ hồ và tối nghĩa. Nhiều câu phải đọc đi đọc lại mấy lần mới hiểu.\r\n- Lỗi trình bày, typo. Mình phát hiện có ít nhất 3 lỗi."
            }
        },
        {
            "reviewer": {
                "name": "TRAN THI MY HA",
                "date": "Đã tham gia 8 năm",
                "reviewCount": "65 Đánh giá",
                "likedCount": "9 Lượt cảm ơn"
            },
            "review": {
                "rating": 4,
                "title": "Hài lòng",
                "content": "Giao hàng đúng hẹn cơ mà phần bìa cuốn sách bụi đen bám đầy, hình này là chụp sau khi mình đã lau sạch rồi. Nội dung thì chưa đọc nên chưa biết…"
            }
        },
        {
            "reviewer": {
                "name": "Triệu Văn Giang",
                "date": "Đã tham gia 10 năm",
                "reviewCount": "8 Đánh giá",
                "likedCount": "1 Lượt cảm ơn"
            },
            "review": {
                "rating": 2,
                "title": "Không hài lòng",
                "content": "Nội dung thì chưa kịp đọc vì mình mua 4 quyển khác nhau, nhưng cảm quan mở hộp, kiểm tra sách đã thực sự k hài lòng. Sách bị nhăn, gấp."
            }
        },
        {
            "reviewer": {
                "name": "Vui Nguyen",
                "date": "Đã tham gia 2 năm",
                "reviewCount": "4 Đánh giá",
                "likedCount": "2 Lượt cảm ơn"
            },
            "review": {
                "rating": 2,
                "title": "Không hài lòng",
                "content": "Cuốn sách đơn giản chỉ là nêu ra khái niệm và cách nhận diện các kỹ năng điều hành chứ ko đưa ra cách cụ thể để cải thiện từng kỹ năng. Nội dung lặp nhiều.\r\n2 sao cho nội dung sách thôi chứ dịch vụ của Tiki vẫn luôn 5 sao nha"
            }
        },
        {
            "reviewer": {
                "name": "Trần Lâm Văn Khoa",
                "date": "Đã tham gia 6 năm",
                "reviewCount": "23 Đánh giá",
                "likedCount": "1 Lượt cảm ơn"
            },
            "review": {
                "rating": 1,
                "title": "Rất không hài lòng",
                "content": "Nội dung sách hay nhưng bản dịch quá tệ, đọc cuốn sách không khác gì đọc bản dịch từ Google, dịch lũng cũng khó hiểu, đọc cuốn này phải kèm theo bản tiếng Anh nữa"
            }
        },
        {
            "reviewer": {
                "name": "Đặng văn châu",
                "date": "Đã tham gia 5 năm",
                "reviewCount": "33 Đánh giá",
                "likedCount": "5 Lượt cảm ơn"
            },
            "review": {
                "rating": 4,
                "title": "Hài lòng",
                "content": "Nội dung bổ ích trang bị cho chúng ta một nguyên tắc kỷ luật bản thân có kế hoạch, chương trình cụ thể!"
            }
        },
        {
            "reviewer": {
                "name": "Tram Tram",
                "date": "Đã tham gia 6 năm",
                "reviewCount": "5 Đánh giá",
                "likedCount": "1 Lượt cảm ơn"
            },
            "review": {
                "rating": 1,
                "title": "Rất không hài lòng",
                "content": "sách cũ, bị rất nhiều vết rạch"
            }
        },
        {
            "reviewer": {
                "name": "Quân Trần",
                "date": "Đã tham gia 7 năm",
                "reviewCount": "21 Đánh giá",
                "likedCount": "24 Lượt cảm ơn"
            },
            "review": {
                "rating": 3,
                "title": "Bình thường",
                "content": "Viết như đang google dịch vậy. Khá cứng nhắc. Không thực tế. Công đợi để được đọc thử thì thấy không như kì vọng"
            }
        },
        {
            "reviewer": {
                "name": "Minh Ánh Hà",
                "date": "Đã tham gia 4 năm",
                "reviewCount": "6 Đánh giá",
                "likedCount": "0 Lượt cảm ơn"
            },
            "review": {
                "rating": 4,
                "title": "Hài lòng",
                "content": "đóng gói ko kĩ nên bị móp sách"
            }
        },
        {
            "reviewer": {
                "name": "Vinh Nguyễn",
                "date": "Đã tham gia 4 năm",
                "reviewCount": "3 Đánh giá",
                "likedCount": "0 Lượt cảm ơn"
            },
            "review": {
                "rating": 1,
                "title": "Rất không hài lòng",
                "content": "nội dung sách không hay, không hấp dẫn và không đem lại giá trị tốt"
            }
        },
        {
            "reviewer": {
                "name": "Thơ Hoài",
                "date": "Đã tham gia 4 năm",
                "reviewCount": "38 Đánh giá",
                "likedCount": "1 Lượt cảm ơn"
            },
            "review": {
                "rating": 4,
                "title": "Hài lòng",
                "content": "Sách chỉ đọc để giải trí thôi, người để tác giả truyền đạt rất mơ hồ, mình cảm thấy không giúp quá nhiều cho bản thân."
            }
        },
        {
            "reviewer": {
                "name": "Thu Th",
                "date": "Đã tham gia 5 năm",
                "reviewCount": "2 Đánh giá",
                "likedCount": "0 Lượt cảm ơn"
            },
            "review": {
                "rating": 1,
                "title": "Rất không hài lòng",
                "content": "Sách tệ quá, bung hết trơn"
            }
        },
        {
            "reviewer": {
                "name": "le dinh khoi",
                "date": "Đã tham gia 2 năm",
                "reviewCount": "4 Đánh giá",
                "likedCount": "0 Lượt cảm ơn"
            },
            "review": {
                "rating": 3,
                "title": "Bình thường",
                "content": "Nói dung, bạn in ko cần lễ chuẩn"
            }
        },
        {
            "reviewer": {
                "name": "Bùi Hữu Tiến",
                "date": "Đã tham gia 6 năm",
                "reviewCount": "55 Đánh giá",
                "likedCount": "30 Lượt cảm ơn"
            },
            "review": {
                "rating": 2,
                "title": "Không hài lòng",
                "content": "Cuốn sách cắt bị xéo, khó coi …"
            }
        },
        {
            "reviewer": {
                "name": "Tạ Văn Nghiêm",
                "date": "Đã tham gia 9 năm",
                "reviewCount": "28 Đánh giá",
                "likedCount": "0 Lượt cảm ơn"
            },
            "review": {
                "rating": 4,
                "title": "Hài lòng",
                "content": ""
            }
        },
        {
            "reviewer": {
                "name": "Đỗ Ngọc Dương",
                "date": "Đã tham gia 3 năm",
                "reviewCount": "27 Đánh giá",
                "likedCount": "0 Lượt cảm ơn"
            },
            "review": {
                "rating": 4,
                "title": "Hài lòng",
                "content": "Ko thật sự bổ ích"
            }
        },
        {
            "reviewer": {
                "name": "Minh Vu Nguyen",
                "date": "Đã tham gia 6 năm",
                "reviewCount": "84 Đánh giá",
                "likedCount": "3 Lượt cảm ơn"
            },
            "review": {
                "rating": 4,
                "title": "Hài lòng",
                "content": "Nội dung khá ok. Phù hợp với mình"
            }
        },
        {
            "reviewer": {
                "name": "Thi Thanh Ha Cao",
                "date": "Đã tham gia 8 năm",
                "reviewCount": "195 Đánh giá",
                "likedCount": "4 Lượt cảm ơn"
            },
            "review": {
                "rating": 4,
                "title": "Hài lòng",
                "content": ""
            }
        },
        {
            "reviewer": {
                "name": "trần hà việt dũng",
                "date": "Đã tham gia 3 năm",
                "reviewCount": "5 Đánh giá",
                "likedCount": "0 Lượt cảm ơn"
            },
            "review": {
                "rating": 4,
                "title": "Hài lòng",
                "content": ""
            }
        },
        {
            "reviewer": {
                "name": "hoan the ngo",
                "date": "Đã tham gia 9 năm",
                "reviewCount": "14 Đánh giá",
                "likedCount": "3 Lượt cảm ơn"
            },
            "review": {
                "rating": 2,
                "title": "Không hài lòng",
                "content": "Nội dung ko ăn nhập với tựa đề sách"
            }
        },
        {
            "reviewer": {
                "name": "Lê Anh Tuấn",
                "date": "Đã tham gia 7 năm",
                "reviewCount": "111 Đánh giá",
                "likedCount": "7 Lượt cảm ơn"
            },
            "review": {
                "rating": 4,
                "title": "Hài lòng",
                "content": ""
            }
        },
        {
            "reviewer": {
                "name": "My Ly",
                "date": "Đã tham gia 6 năm",
                "reviewCount": "20 Đánh giá",
                "likedCount": "6 Lượt cảm ơn"
            },
            "review": {
                "rating": 2,
                "title": "Không hài lòng",
                "content": "Nội dung ko hay, phân tích ko logic"
            }
        },
        {
            "reviewer": {
                "name": "Nguyen Thai Binh",
                "date": "Đã tham gia 1 năm",
                "reviewCount": "1 Đánh giá",
                "likedCount": "0 Lượt cảm ơn"
            },
            "review": {
                "rating": 4,
                "title": "Hài lòng",
                "content": ""
            }
        },
        {
            "reviewer": {
                "name": "PHẠM THỊ THANH HUYỀN",
                "date": "Đã tham gia 6 năm",
                "reviewCount": "6 Đánh giá",
                "likedCount": "0 Lượt cảm ơn"
            },
            "review": {
                "rating": 4,
                "title": "Hài lòng",
                "content": ""
            }
        },
        {
            "reviewer": {
                "name": "Đặng  Hào Vĩ",
                "date": "Đã tham gia 12 năm",
                "reviewCount": "17 Đánh giá",
                "likedCount": "1 Lượt cảm ơn"
            },
            "review": {
                "rating": 4,
                "title": "Hài lòng",
                "content": ""
            }
        },
        {
            "reviewer": {
                "name": "Nguyen Truong Chinh",
                "date": "Đã tham gia 9 năm",
                "reviewCount": "25 Đánh giá",
                "likedCount": "3 Lượt cảm ơn"
            },
            "review": {
                "rating": 4,
                "title": "Hài lòng",
                "content": ""
            }
        },
        {
            "reviewer": {
                "name": "Hà trương",
                "date": "Đã tham gia 3 năm",
                "reviewCount": "10 Đánh giá",
                "likedCount": "1 Lượt cảm ơn"
            },
            "review": {
                "rating": 4,
                "title": "Hài lòng",
                "content": ""
            }
        },
        {
            "reviewer": {
                "name": "Nguyễn Thị Thu Hà",
                "date": "Đã tham gia 1 năm",
                "reviewCount": "3 Đánh giá",
                "likedCount": "0 Lượt cảm ơn"
            },
            "review": {
                "rating": 4,
                "title": "Hài lòng",
                "content": ""
            }
        },
        {
            "reviewer": {
                "name": "Nguyễn Văn sáng",
                "date": "Đã tham gia 2 năm",
                "reviewCount": "15 Đánh giá",
                "likedCount": "1 Lượt cảm ơn"
            },
            "review": {
                "rating": 4,
                "title": "Hài lòng",
                "content": "Tốt"
            }
        },
        {
            "reviewer": {
                "name": "khúc văn trung",
                "date": "Đã tham gia 8 năm",
                "reviewCount": "44 Đánh giá",
                "likedCount": "1 Lượt cảm ơn"
            },
            "review": {
                "rating": 4,
                "title": "Hài lòng",
                "content": ""
            }
        },
        {
            "reviewer": {
                "name": "Trinh Thong",
                "date": "Đã tham gia 6 năm",
                "reviewCount": "131 Đánh giá",
                "likedCount": "11 Lượt cảm ơn"
            },
            "review": {
                "rating": 4,
                "title": "Hài lòng",
                "content": ""
            }
        },
        {
            "reviewer": {
                "name": "Ngô Đình Thủ Nhân",
                "date": "Đã tham gia 9 năm",
                "reviewCount": "97 Đánh giá",
                "likedCount": "3 Lượt cảm ơn"
            },
            "review": {
                "rating": 4,
                "title": "Hài lòng",
                "content": ""
            }
        },
        {
            "reviewer": {
                "name": "Trần Mạnh Khoa",
                "date": "Đã tham gia 7 năm",
                "reviewCount": "48 Đánh giá",
                "likedCount": "1 Lượt cảm ơn"
            },
            "review": {
                "rating": 4,
                "title": "Hài lòng",
                "content": ""
            }
        },
        {
            "reviewer": {
                "name": "Nguyễn Quang Hoà",
                "date": "Đã tham gia 10 năm",
                "reviewCount": "54 Đánh giá",
                "likedCount": "1 Lượt cảm ơn"
            },
            "review": {
                "rating": 4,
                "title": "Hài lòng",
                "content": ""
            }
        },
        {
            "reviewer": {
                "name": "Pham Duy Thanh",
                "date": "Đã tham gia 9 năm",
                "reviewCount": "28 Đánh giá",
                "likedCount": "0 Lượt cảm ơn"
            },
            "review": {
                "rating": 4,
                "title": "Hài lòng",
                "content": ""
            }
        },
        {
            "reviewer": {
                "name": "Hiếu Nguyễn",
                "date": "Đã tham gia 6 năm",
                "reviewCount": "94 Đánh giá",
                "likedCount": "0 Lượt cảm ơn"
            },
            "review": {
                "rating": 4,
                "title": "Hài lòng",
                "content": "Ok"
            }
        },
        {
            "reviewer": {
                "name": "Đặng Thanh",
                "date": "Đã tham gia 6 năm",
                "reviewCount": "101 Đánh giá",
                "likedCount": "9 Lượt cảm ơn"
            },
            "review": {
                "rating": 4,
                "title": "Hài lòng",
                "content": ""
            }
        }
    ]
}