{
    "url": "https://tiki.vn/tim-viec-dung-cach-khong-can-luon-lach-dung-nhung-gi-minh-co-chinh-phuc-dieu-minh-muon-p276385585.html?spid=276385586",
    "info": {
        "title": "Tìm Việc Đúng Cách, Không Cần Luồn Lách - Dùng Những Gì Mình Có, Chinh Phục Điều Mình Muốn",
        "author": "Thái Hà",
        "imageUrl": null,
        "soldQuantity": 46,
        "currentPrice": 169000,
        "originalPrice": 199000
    },
    "details": {
        "publisher": "Công ty TNHH Truyền Thông Giver",
        "publishDate": "2024-11-01 00:00:00",
        "coverType": "Bìa mềm",
        "pageCount": "250",
        "publishingHouse": "Nhà Xuất Bản Thế Giới"
    },
    "description": "Chiến lược tìm việc lương cao dựa trên bản sắc cá nhân - chi tiết, thực tiễn và hiệu quả, phù hợp với thị trường lao động Việt Nam.\nCuốn sách mang đến cho bạn:\nCuốn sách được viết dựa trên kinh nghiệm thực tế của một chuyên gia tuyển dụng có hàng trăm nghìn lượt theo dõi trên các nền tảng mạng xã hội. Sách dành cho những ai sẵn sàng nỗ lực phát triển bản thân, để vừa có thể thành công trong công việc, vừa đạt được trạng thái hạnh phúc, vui vẻ.\n\nVỀ TÁC GIẢ\n\nNguyễn Thái Hà\n\n\nLỜI KHEN DÀNH TẶNG CHO QUYỂN SÁCH\n\n\nTÓM TẮT SÁCH\nPHẦN 1: “CHỌN” VIỆC BẰNG BẢN SẮC CÁ NHÂN\nBản sắc cá nhân là gì…\nChọn việc bằng bản sắc cá nhân có thể giúp bạn đạt được thu nhập tốt và cảm giác vui vẻ, thỏa mãn trong việc.\n\nCHƯƠNG 1: SỨC MẠNH CỦA BẢN SẮC CÁ NHÂN KHI TÌM VIỆC\nNhiều người đi làm trong nỗi bất an và mệt mỏi, để rồi tự kết luận rằng làm công là không thể hạnh phúc. Tuy nhiên, ai cũng hoàn toàn có thể tìm thấy niềm vui, sự hài lòng về tinh thần lẫn vật chất nơi công sở bằng cách lựa chọn công việc dựa trên bản sắc cá nhân.\nCHƯƠNG 2:  LÀM SAO ĐỂ NHÀ TUYỂN DỤNG HIỂU BẠN LÀ AI?\nỨng viên cần chủ động thể hiện bản sắc rõ nét để nhà tuyển dụng hiểu rõ mình. Bản sắc này gồm sáu yếu tố quan trọng: năng lực chuyên môn, mối quan hệ, lời người khác nói về mình, khả năng truyền cảm hứng và sự chính trực.\nPHẦN 2: “BÁN MÌNH” ĐƯỢC GIÁ BẰNG BẢN SẮC\nĐể sống đúng với bản sắc, một cá nhân cần hiểu mình và dùng những hiểu biết ấy để biết cách đặt mình vào vị trí phù hợp trên thị trường.\nCHƯƠNG 3: TÌM VÀO BÊN TRONG - BẠN MẠNH GÌ\nCó rất nhiều công cụ tìm việc nhưng khó áp dụng với ứng viên - đặc biệt là ứng viên ít kinh nghiệm làm việc. Ứng viên có thể chỉ cần khoanh vùng ba công cụ phù hợp nhất để tìm việc phù hợp với tính cách, kiên trì áp dụng mỗi ngày để tìm được con đường phù hợp nhất với mình.\nCHƯƠNG 4: GHÉP MÌNH VÀO BỨC TRANH THỊ TRƯỜNG\nSau khi đã nắm rõ mình thích gì, giỏi gì, mỗi người cần tìm hiểu sâu về công việc và thị trường. Từ đây họ có thể lập kế hoạch nghề nghiệp hiệu quả, tránh những sai lầm khi chọn nghề, xác định môi trường làm việc phù hợp với bản sắc của mình.\nPHẦN 3: CHINH PHỤC NHÀ TUYỂN DỤNG\nQuy trình tuyển dụng gồm ba vòng: Tiếp cận; Sàng lọc và Hòa nhập. Hiểu rõ ba vòng này, sẽ giúp ứng viên biết người biết ta, trăm trận trăm thắng.\nCHƯƠNG 5: TÌM THẤY NHÀ TUYỂN DỤNG\nỨng viên hoàn toàn có thể tạo cơ hội để nhà tuyển dụng tự tìm đến mình. Bạn nên khai thác mạng lưới quan hệ để tìm việc, thiết kế CV trung thực, biết cách thể hiện mình sắc nét trên các nền tảng rồi sau đó mới tìm tới các nền tảng tìm việc.\nCHƯƠNG 6: PHỎNG VẤN THÀNH CÔNG, ĐÀM PHÁN HIỆU QUẢ\nBạn hoàn toàn có thể tự mô phỏng một buổi phỏng vấn chuyên nghiệp bằng các “câu hỏi” và “tình huống” thường gặp trong các cuộc phỏng vấn tuyển dụng. Càng chuẩn bị kỹ, ứng viên càng có cơ hội để tìm được một công việc phù hợp với năng lực, sở thích và mong muốn cá nhân.\nCHƯƠNG 7: NHẬP CUỘC TRONG TƯ THẾ HIỂU LUẬT CHƠI\nDoanh nghiệp đã chấm bạn, nhưng cuộc chiến chưa thực sự kết thúc. Bạn sẽ nhận được các cuộc gọi thương lượng phúc lợi, bạn cũng có thể đứng trước tình huống phải lựa chọn nên đầu quân vào doanh nghiệp nào và còn phải học cách “sống sót” trong hai tháng thử việc.\nCHƯƠNG 8: VƯỢT CHÔNG GAI ĐỂ ĐƯỢC LÀ MÌNH\nTìm được một công việc, hành trình chỉ mới bắt đầu. Để sống đúng bản sắc của mình, bạn sẽ phải biết cách vượt khỏi những khuôn mẫu có sẵn, dám thể hiện cá tính, dám bị ghét và học thêm nhiều kỹ năng mới để tự làm nổi bật màu sắc cá nhân.\n#timviec #chonnghe #phattrienbanthan #phattriensunghiep #timviecluongcao #tangluong #giver #giverbooks\nGiá sản phẩm trên Tiki đã bao gồm thuế theo luật hiện hành. Bên cạnh đó, tuỳ vào loại sản phẩm, hình thức và địa chỉ giao hàng mà có thể phát sinh thêm chi phí khác như phí vận chuyển, phụ phí hàng cồng kềnh, thuế nhập khẩu (đối với đơn hàng giao từ nước ngoài có giá trị trên 1 triệu đồng).....",
    "rating": {
        "totalRating": 5.0,
        "numberOfRating": 4
    },
    "reviews": [
        {
            "reviewer": {
                "name": "Vy Thị Kim Ngân",
                "date": "Đã tham gia 6 năm",
                "reviewCount": "57 Đánh giá",
                "likedCount": "98 Lượt cảm ơn"
            },
            "review": {
                "rating": 5,
                "title": "Cực kì hài lòng",
                "content": "Sách rất hay và hữu ích cho những người mới ra trường như mình. Tác giả chia sẻ kinh nghiệm thực tiễn và áp dụng được ngay"
            }
        },
        {
            "reviewer": {
                "name": "Sang Le phu",
                "date": "Đã tham gia 6 năm",
                "reviewCount": "7 Đánh giá",
                "likedCount": "1 Lượt cảm ơn"
            },
            "review": {
                "rating": 5,
                "title": "Cực kì hài lòng",
                "content": "Khá ấn tượng với chương 6 của chị Hà viết, rất chi tiết, dễ hiểu và mình ứng dụng đc ngay."
            }
        },
        {
            "reviewer": {
                "name": "Nhi Hoàng",
                "date": "Đã tham gia 6 năm",
                "reviewCount": "38 Đánh giá",
                "likedCount": "74 Lượt cảm ơn"
            },
            "review": {
                "rating": 5,
                "title": "Cực kì hài lòng",
                "content": "quyển sách giúp mình hiểu hơn về bản thân về công việc và những dự định tiếp theo trên con đường tìm kiếm công việc phù hợp, cảm ơn tấc giả. sách đẹp, giao hàng nhanh"
            }
        },
        {
            "reviewer": {
                "name": "Mac Mac",
                "date": "Đã tham gia 8 năm",
                "reviewCount": "55 Đánh giá",
                "likedCount": "2 Lượt cảm ơn"
            },
            "review": {
                "rating": 5,
                "title": "Cực kì hài lòng",
                "content": ""
            }
        }
    ]
}