{
    "url": "https://tiki.vn/dung-phi-hoai-tuoi-tre-nguyen-anh-dung-p57806678.html?spid=57806679",
    "info": {
        "title": "ĐỪNG PHÍ HOÀI TUỔI TRẺ - Nguyễn Anh Dũng",
        "author": null,
        "imageUrl": "https://salt.tikicdn.com/cache/750x750/ts/product/2e/9d/23/9dde92a3adbef587f788c20445421cb1.png.webp",
        "soldQuantity": 948,
        "currentPrice": 39000,
        "originalPrice": 108000
    },
    "details": {
        "publisher": "SBOOKS",
        "coverType": "Bìa mềm",
        "pageCount": "164",
        "publishingHouse": "Nhà Xuất Bản Thế Giới"
    },
    "description": "\"Sức Khoẻ và Thời gian không quý như vàng, mà sức khoẻ và thời gian quý hơn cả vàng, quý báu đến độ mà không gì có thể so sánh được.\"\nNguyễn Anh Dũng\nSáng Lập Sbooks\n-Ông Bầu Sách-\nĐừng phí hoài tuổi trẻ. Mới mùa xuân chớp mắt một cái đã sang đông, tuổi trẻ cũng vậy, chớp mắt một cái đã đi đến tuổi già. Cho nên chúng ta phải sống làm sao cho thật sự hữu ích, khi còn tồn tại có thể người khác sẽ không biết bạn là ai nhưng khi chết đi hãy để mọi người biết đến bạn, để nhận thấy rằng sự tồn tại của bạn trên cõi đời này không còn là vô ích.\nCuốn sách này có thể giúp bạn cân bằng cuộc sống của tuổi trẻ giữa những khát vọng của ước mơ và cảm xúc của tâm hồn, giá trị đích thực của cuộc sống tuổi trẻ.\nGiá sản phẩm trên Tiki đã bao gồm thuế theo luật hiện hành. Bên cạnh đó, tuỳ vào loại sản phẩm, hình thức và địa chỉ giao hàng mà có thể phát sinh thêm chi phí khác như phí vận chuyển, phụ phí hàng cồng kềnh, thuế nhập khẩu (đối với đơn hàng giao từ nước ngoài có giá trị trên 1 triệu đồng).....",
    "rating": {
        "totalRating": 4.6,
        "numberOfRating": 21
    },
    "reviews": [
        {
            "reviewer": {
                "name": "Đinh Văn Hà",
                "date": "Đã tham gia 6 năm",
                "reviewCount": "118 Đánh giá",
                "likedCount": "6 Lượt cảm ơn"
            },
            "review": {
                "rating": 1,
                "title": "Siêu xịn",
                "content": "Sách mới, đẹp, đóng gói cẩn thận. Cảm ơn tiki rất nhiều vì đã đem những quyển sách giá trị đến với tay người đọc.❤️❤️❤️"
            }
        },
        {
            "reviewer": {
                "name": "Nguyễn Thị Hà  Tiên",
                "date": "Đã tham gia 11 năm",
                "reviewCount": "19 Đánh giá",
                "likedCount": "0 Lượt cảm ơn"
            },
            "review": {
                "rating": 5,
                "title": "Cực kì hài lòng",
                "content": ""
            }
        },
        {
            "reviewer": {
                "name": "Nguyễn Hữu Chí Thiện",
                "date": "Đã tham gia 7 năm",
                "reviewCount": "19 Đánh giá",
                "likedCount": "0 Lượt cảm ơn"
            },
            "review": {
                "rating": 5,
                "title": "Cực kì hài lòng",
                "content": ""
            }
        },
        {
            "reviewer": {
                "name": "Tu Nguyen",
                "date": "Đã tham gia 4 năm",
                "reviewCount": "13 Đánh giá",
                "likedCount": "7 Lượt cảm ơn"
            },
            "review": {
                "rating": 5,
                "title": "Cực kì hài lòng",
                "content": "Shop giao hàng giống mô tả, sản phẩm cũng ổn, sẽ ủng hộ shop vào các lần tiếp"
            }
        },
        {
            "reviewer": {
                "name": "Trần Thu Hiền",
                "date": "Đã tham gia 6 năm",
                "reviewCount": "59 Đánh giá",
                "likedCount": "7 Lượt cảm ơn"
            },
            "review": {
                "rating": 5,
                "title": "Cực kì hài lòng",
                "content": "sách đẹp, sale rẻ, mình mua giúp nên ko đánh giá dc Nội dung"
            }
        },
        {
            "reviewer": {
                "name": "Nguyễn Hương Giang",
                "date": "Đã tham gia 6 năm",
                "reviewCount": "184 Đánh giá",
                "likedCount": "13 Lượt cảm ơn"
            },
            "review": {
                "rating": 5,
                "title": "Cực kì hài lòng",
                "content": "Sách hay lắm ạ, tuyệt vời, giao hàng ok, đóng gói ok"
            }
        },
        {
            "reviewer": {
                "name": "Tô Xuân Thọ",
                "date": "Đã tham gia 9 năm",
                "reviewCount": "197 Đánh giá",
                "likedCount": "43 Lượt cảm ơn"
            },
            "review": {
                "rating": 5,
                "title": "Cực kì hài lòng",
                "content": "Giao hàng nhanh, sách giống mô tả, chất lượng in tốt"
            }
        },
        {
            "reviewer": {
                "name": "Linh Nguyen",
                "date": "Đã tham gia 4 năm",
                "reviewCount": "3 Đánh giá",
                "likedCount": "1 Lượt cảm ơn"
            },
            "review": {
                "rating": 5,
                "title": "Cực kì hài lòng",
                "content": "Thời gian giao hàng nhanh , đóng gói sản phẩm chắc chắn ."
            }
        },
        {
            "reviewer": {
                "name": "Đỗ Trần Như Điện",
                "date": "Đã tham gia 6 năm",
                "reviewCount": "199 Đánh giá",
                "likedCount": "25 Lượt cảm ơn"
            },
            "review": {
                "rating": 5,
                "title": "Cực kì hài lòng",
                "content": "Đóng gói kỹ, bìa đẹp. Nội dung hay"
            }
        },
        {
            "reviewer": {
                "name": "nx chung",
                "date": "Đã tham gia 6 năm",
                "reviewCount": "39 Đánh giá",
                "likedCount": "1 Lượt cảm ơn"
            },
            "review": {
                "rating": 5,
                "title": "Cực kì hài lòng",
                "content": ""
            }
        },
        {
            "reviewer": {
                "name": "Nguyễn Thủy",
                "date": "Đã tham gia 5 năm",
                "reviewCount": "10 Đánh giá",
                "likedCount": "8 Lượt cảm ơn"
            },
            "review": {
                "rating": 5,
                "title": "Cực kì hài lòng",
                "content": "ý nghĩa"
            }
        },
        {
            "reviewer": {
                "name": "V",
                "date": "Đã tham gia 6 năm",
                "reviewCount": "49 Đánh giá",
                "likedCount": "4 Lượt cảm ơn"
            },
            "review": {
                "rating": 5,
                "title": "Cực kì hài lòng",
                "content": ""
            }
        },
        {
            "reviewer": {
                "name": "Tr Trần",
                "date": "Đã tham gia 6 năm",
                "reviewCount": "7 Đánh giá",
                "likedCount": "2 Lượt cảm ơn"
            },
            "review": {
                "rating": 5,
                "title": "Cực kì hài lòng",
                "content": ""
            }
        },
        {
            "reviewer": {
                "name": "Hoàng Đông",
                "date": "Đã tham gia 4 năm",
                "reviewCount": "13 Đánh giá",
                "likedCount": "8 Lượt cảm ơn"
            },
            "review": {
                "rating": 5,
                "title": "Cực kì hài lòng",
                "content": ""
            }
        },
        {
            "reviewer": {
                "name": "Nguyễn Nguyễn",
                "date": "Đã tham gia 4 năm",
                "reviewCount": "6 Đánh giá",
                "likedCount": "7 Lượt cảm ơn"
            },
            "review": {
                "rating": 5,
                "title": "Cực kì hài lòng",
                "content": ""
            }
        },
        {
            "reviewer": {
                "name": "Nguyễn Thị Kim Hồng",
                "date": "Đã tham gia 7 năm",
                "reviewCount": "23 Đánh giá",
                "likedCount": "7 Lượt cảm ơn"
            },
            "review": {
                "rating": 5,
                "title": "Cực kì hài lòng",
                "content": ""
            }
        },
        {
            "reviewer": {
                "name": "Nguyễn Thị Nương",
                "date": "Đã tham gia 6 năm",
                "reviewCount": "13 Đánh giá",
                "likedCount": "5 Lượt cảm ơn"
            },
            "review": {
                "rating": 4,
                "title": "Hài lòng",
                "content": "Giao hàng nhanh, bên ngoài bìa sách  không bị cong, còn về nội dung thì chưa đọc nên chưa nhận xét được"
            }
        },
        {
            "reviewer": {
                "name": "Lê Huỳnh Đức",
                "date": "Đã tham gia 4 năm",
                "reviewCount": "8 Đánh giá",
                "likedCount": "0 Lượt cảm ơn"
            },
            "review": {
                "rating": 4,
                "title": "Hài lòng",
                "content": "."
            }
        },
        {
            "reviewer": {
                "name": "Vy Vy",
                "date": "Đã tham gia 7 năm",
                "reviewCount": "62 Đánh giá",
                "likedCount": "11 Lượt cảm ơn"
            },
            "review": {
                "rating": 4,
                "title": "Hài lòng",
                "content": "sách hơi bẩn xíu những ok lắm"
            }
        },
        {
            "reviewer": {
                "name": "Nguyễn Thị Phương",
                "date": "Đã tham gia 5 năm",
                "reviewCount": "23 Đánh giá",
                "likedCount": "8 Lượt cảm ơn"
            },
            "review": {
                "rating": 1,
                "title": "Rất không hài lòng",
                "content": "Quá lâu sách hơi cũ :))))))"
            }
        },
        {
            "reviewer": {
                "name": "Hồng Khuyên Hoàng",
                "date": "Đã tham gia 4 năm",
                "reviewCount": "16 Đánh giá",
                "likedCount": "7 Lượt cảm ơn"
            },
            "review": {
                "rating": 4,
                "title": "Hài lòng",
                "content": ""
            }
        }
    ]
}