{
    "url": "https://tiki.vn/bon-thoa-uoc-p195291930.html?spid=195291931",
    "info": {
        "title": "Bốn Thỏa Ước",
        "author": "Janet Mills,",
        "imageUrl": "https://salt.tikicdn.com/cache/750x750/ts/product/97/75/42/3be221cdd7210e10180502e55238a751.jpg.webp",
        "soldQuantity": 3000,
        "currentPrice": 97600,
        "originalPrice": 130000
    },
    "details": {
        "bookVersion": "Phiên bản thường",
        "publisher": "Saigon Books",
        "publishDate": "2022-01-01 00:00:00",
        "dimensions": "13 x 19 cm",
        "translator": "Nguyễn Phi Vân",
        "coverType": "Bìa mềm",
        "pageCount": "190",
        "publishingHouse": "Nhà Xuất Bản Dân Trí"
    },
    "description": "BỐN THỎA ƯỚC\nBí quyết sống tự do, bình an, hạnh phúc giữa thế giới bất định\ndon Miguel Ruiz - Hậu duệ của người Toltec cổ xưa\nHàng ngàn năm trước, người Toltec nổi tiếng khắp miền Nam Mexico là những “nhà thông thái”. Các nhà nhân chủng học nhắc đến người Toltec như một quốc gia, một dân tộc. Trên thực tế, người Toltec là một số những nhà khoa học và nghệ sĩ tập họp lại và tạo ra một xã hội riêng để cùng nghiên cứu, gìn giữ tri thức và cách thực hành tâm linh của những nền văn minh cổ đại. Họ là người hướng dẫn (nagual), là học trò của Teotihuacan – thành phố các kim tự tháp cổ đại nằm ở ngoại vi thành phố Mexico, được biết đến với tên gọi là “Nơi con người đắc đạo thành thần thánh”.\nTrải qua nhiều thiên niên kỷ, các vị nagual bị bắt buộc giữ bí mật toàn bộ những lời dạy thông thái cổ xưa này. Trong thời kỳ chinh phục của châu u, một số cá nhân thực hành tâm linh đã trở nên lạm quyền, hung hăng. Vì vậy, các nagual không còn cách nào khác là giấu kín, tránh cho những lời dạy này rơi vào tay những kẻ cố tình lợi dụng để làm những điều không đúng.\nMay thay, tri thức bí truyền này của người Toltec vẫn được truyền từ đời này sang đời khác trong gia tộc của các nagual. Và dù đã được giữ bí mật hàng trăm năm, những lời tiên tri cổ xưa đã dự đoán rằng những lời dạy thông thái này rồi sẽ được mở ra cho người dân. Và giờ đây, Miguel Ruiz, một vị nagual của dòng tộc Hiệp sĩ Đại Bàng, đã được Bề Trên lựa chọn để chia sẻ cho đại chúng những lời dạy đầy quyền năng này của người Toltec.\nGiống như các đạo giáo bí truyền khác trên thế giới, lời dạy của người Toltec cũng bắt nguồn từ chân lý chung của vũ trụ. Mặc dù không được xem là đạo giáo, nhưng người hướng dẫn lời dạy Toltec đều được tri tôn như những bậc thầy. Và mặc dù có tinh thần tương tự như đạo giáo, lời dạy Toltec có thể xem như một phong cách sống lấy hạnh phúc và tình yêu thương làm kim chỉ nam.\nBốn thỏa ước - Bộ quy tắc sống của người Toltec cổ xưa\nTrong Bốn thỏa ước, don Miguel Ruiz tiết lộ nguồn gốc của niềm tin tự giới hạn bản thân cướp đi niềm vui và tạo ra đau khổ không cần thiết. Dựa trên sự khôn ngoan của Toltec cổ xưa, Bốn thỏa ước đưa ra một quy tắc ứng xử mạnh mẽ có thể nhanh chóng biến cuộc sống của chúng ta sang một trải nghiệm mới về tự do, hạnh phúc thực sự và tình yêu.\nTheo tác giả, mọi việc một người làm đều dựa trên những thỏa thuận mà họ đã thực hiện với chính họ, với người khác, với Chúa, và với chính cuộc sống. Trong các thỏa ước này, mọi người có thể tự cho mình biết họ là ai, cư xử như thế nào, điều gì có thể và điều gì là không thể. Một số thỏa ước mà các cá nhân tạo ra có thể không gây ra vấn đề, nhưng có một số thỏa ước xuất phát từ tâm lý sợ hãi và có khả năng làm cạn kiệt năng lượng cảm xúc của một người cũng như làm giảm giá trị bản thân của chính họ.\nRuiz tin rằng để tìm thấy niềm vui cá nhân, người ta phải thoát khỏi những khuôn mẫu do xã hội áp đặt và dựa trên nỗi sợ hãi có thể ảnh hưởng tiềm thức đến hành vi và suy nghĩ của cá nhân. Một trong những nội dung chính khác của cuốn sách cũng gợi ý rằng phần lớn đau khổ là do bản thân tạo ra và hầu hết thời gian, bạn có khả năng tự chuyển đổi những suy nghĩ tiêu cực mà bạn có thể có về các tình huống xảy ra trong cuộc sống của bạn. Tác giả xác định các nguồn gốc của bất hạnh trong cuộc sống và đề xuất bốn thỏa ước có lợi mà bạn có thể thực hiện với bản thân để cải thiện trạng thái hạnh phúc tổng thể của chính bạn. Bằng cách thực hiện một hiệp ước với bốn thỏa ước chính này, bạn có thể tác động đáng kể đến mức độ hạnh phúc mà chính bạn cảm thấy trong cuộc sống của mình, bất kể hoàn cảnh bên ngoài.\nBốn thỏa ước là:\n1. Thỏa ước thứ nhất: Sử dụng ngôn từ tích cực\nHãy nói lời chính trực. Nói đúng điều bạn nghĩ. Tránh dùng ngôn từ để chỉ trích bản thân hoặc đồn thổi về người khác. Sử dụng sức mạnh của sự thật và tình yêu trong ngôn từ.\n2. Thỏa thuận thứ hai: Không cho phép bản thân bị ảnh hưởng\nBạn không phải chịu trách nhiệm cho bất cứ hành động nào của người khác. Những gì họ nói và làm chỉ phản ánh thực tế của chính họ, giấc mơ của chính họ. Khi bạn miễn nhiễm với quan điểm và hành động của người khác, bạn sẽ không trở thành nạn nhân của những đau khổ không cần thiết.\n3. Thỏa thuận thứ ba: Đừng bao giờ đưa ra giả định\nHãy dũng cảm đặt ra những câu hỏi và bày tỏ điều mà bạn thực sự mong muốn. Hãy giao tiếp với người khác rõ ràng nhất có thể để tránh hiểu lầm, buồn rầu và khổ sở. Chỉ với một thỏa ước này thôi, bạn sẽ có thể hoàn toàn biến đổi cuộc sống của mình.\n4. Thỏa thuận thứ tư: Luôn cố gắng hết sức\n“Hết sức” là điều thay đổi tùy theo thời điểm. “Hết sức” khi bạn khỏe mạnh sẽ khác với “hết sức” khi bạn ốm đau. Trong bất kỳ hoàn cảnh nào, chỉ cần cố gắng hết sức, bạn sẽ tránh được việc tự phán xét, tự ngược đãi và hối hận.\nHãy khám phá và cùng Bốn thỏa ước sống tự do, bình an và hạnh phúc giữa thế giới bất định này nhé!\nGiá sản phẩm trên Tiki đã bao gồm thuế theo luật hiện hành. Bên cạnh đó, tuỳ vào loại sản phẩm, hình thức và địa chỉ giao hàng mà có thể phát sinh thêm chi phí khác như phí vận chuyển, phụ phí hàng cồng kềnh, thuế nhập khẩu (đối với đơn hàng giao từ nước ngoài có giá trị trên 1 triệu đồng).....",
    "rating": {
        "totalRating": 4.9,
        "numberOfRating": 187
    },
    "reviews": [
        {
            "reviewer": {
                "name": "Lê Hữu Tuấn",
                "date": "Đã tham gia 6 năm",
                "reviewCount": "13 Đánh giá",
                "likedCount": "2 Lượt cảm ơn"
            },
            "review": {
                "rating": 5,
                "title": "Cực kì hài lòng",
                "content": "Cuốn sách nhỏ bé xinh xắn và có nhiều nội dung bổ ích, giúp chúng ta sống tốt hơn thông qua việc chấp nhận và ký kết 4 thỏa ước với chính bản thân mình. Những lời chỉ dẫn sâu sắc, ý nghĩa, cùng với sự giải thích về những điều vô nghĩa mà chúng ta luôn mắc phải khiến ta mất thời gian với chính mình, khiến mình luôn trong một mớ tơ vò rối rắm. Mọi người nên thử đọc cuốn này một lần, sách quá rẻ nếu so với giá trị của nó. Cuốn sách này với mình là tiền đề để đọc thêm các cuốn sau này của bộ sách cùng tác giả. Về phần đóng gói và vận chuyển cũng như giao hàng của Tiki thì 10 điểm rồi, mình mua rất nhiều sách trên Tiki và luôn yên tâm."
            }
        },
        {
            "reviewer": {
                "name": "Nga PT",
                "date": "Đã tham gia 4 năm",
                "reviewCount": "9 Đánh giá",
                "likedCount": "11 Lượt cảm ơn"
            },
            "review": {
                "rating": 5,
                "title": "Cực kì hài lòng",
                "content": "sách đẹp, chất lượng giấy tốt. Nội dung cần nghiền ngẫm. Tuy nhiên từ trang 162 đến 180 sách không in đầy đủ nội dung, cứ cách 2 trang lại bị giấy trắng và đứt đoạn nội dung sách"
            }
        },
        {
            "reviewer": {
                "name": "Đồng  Thùy Anh",
                "date": "Đã tham gia 14 năm",
                "reviewCount": "2 Đánh giá",
                "likedCount": "1 Lượt cảm ơn"
            },
            "review": {
                "rating": 5,
                "title": "Cực kì hài lòng",
                "content": "Tiki now giao siêu nhanh, mình nhận sách chưa đến 2h. Sách hay, nội dung hữu ích, mình nghĩ nó sẽ là cuốn sách chữa lành cho tất cả mọi người. Mng nên đọc nha 😘"
            }
        },
        {
            "reviewer": {
                "name": "Ngọc Linh",
                "date": "Đã tham gia 8 năm",
                "reviewCount": "16 Đánh giá",
                "likedCount": "2 Lượt cảm ơn"
            },
            "review": {
                "rating": 5,
                "title": "Cực kì hài lòng",
                "content": "Mua vì cuốn này được rất nhiều review từ những người uy tín mà mình biết. Bản thân mình cũng thấy đây là cuốn sách thú vị. Bị ấn tượng với thoả ước \"Không phạm tội với lời nói của mình\". Để có được giá trị nhiều nhất từ cuốn sách này thì cần thực hành nữa. Overall đây là cuốn sách dễ đọc, có khả năng đem lại giá trị cho nhiều người."
            }
        },
        {
            "reviewer": {
                "name": "Thu Huyền",
                "date": "Đã tham gia 3 năm",
                "reviewCount": "15 Đánh giá",
                "likedCount": "18 Lượt cảm ơn"
            },
            "review": {
                "rating": 5,
                "title": "Cực kì hài lòng",
                "content": "Sách nhỏ gọn. Kiến thức tuy ko mới với mình nhưng lại rất dễ tiếp cận với những bạn đang vật lộn trong việc tìm ra sự bình an trong tâm hồn, đọc các sách tâm linh cao siêu quá chưa ngấm đc thì quyển này cực dễ hiểu. Thực hiện đc 1/4 thoả ước này đủ để cs các bạn bước sang trang mới rồi. Tất cả chúng ta đều rất tuyệt vời nếu thật sự đi sâu vào bên trong bản thân."
            }
        },
        {
            "reviewer": {
                "name": "Thanh thảo",
                "date": "Đã tham gia 4 năm",
                "reviewCount": "2 Đánh giá",
                "likedCount": "0 Lượt cảm ơn"
            },
            "review": {
                "rating": 5,
                "title": "Cực kì hài lòng",
                "content": "tôi cảm thấy hiểu về bản thân và có cái nhìn dễ chịu hơn về cuộc sống sau khi đọc cuốn sách này. Bây giờ tôi đang trên xe trên đường chở về nhà và viết những dòng này, tôi rất thích quyển sách này và thời gian bỏ ra cho quyển sách này thật xứng đáng. Mặc dù văn phong hơi dông dài xíu nhưng càng đọc thì nội dung càng chạm tới bản thân mình. sách hay nên mua."
            }
        },
        {
            "reviewer": {
                "name": "Lê Nguyễn Duy Khánh",
                "date": "Đã tham gia 1 năm",
                "reviewCount": "3 Đánh giá",
                "likedCount": "0 Lượt cảm ơn"
            },
            "review": {
                "rating": 5,
                "title": "Cực kì hài lòng",
                "content": "Sách đẹp giao cẩn thận\r\nQuyển này hay lắm á mn mà giờ tôi mới biết phải chi đọc sớm hơn \r\nĐọc làm mình phải suy ngẫm từng chữ \r\nKo dày lắm đâu nhưng rất chất lượng, rất đáng để đọc ạ"
            }
        },
        {
            "reviewer": {
                "name": "Green Breen",
                "date": "Đã tham gia 4 năm",
                "reviewCount": "5 Đánh giá",
                "likedCount": "0 Lượt cảm ơn"
            },
            "review": {
                "rating": 5,
                "title": "Cực kì hài lòng",
                "content": "Rất hay, cố gắng mỗi năm được lại 1 lần. Sách tiki không bao giờ làm mình thấy vọng, ship nhanh, sách xịn, đóng gói kỹ, giấy xịn thơm"
            }
        },
        {
            "reviewer": {
                "name": "Hân Gia Nguyễn",
                "date": "Đã tham gia 6 năm",
                "reviewCount": "24 Đánh giá",
                "likedCount": "0 Lượt cảm ơn"
            },
            "review": {
                "rating": 5,
                "title": "Cực kì hài lòng",
                "content": "Sách được đóng gói kĩ càng, bên ngoài được bọc bằng bọc kiếng, có cả miếng chống sốc. Giao hàng nhanh, giá tốt."
            }
        },
        {
            "reviewer": {
                "name": "Ha Thanh Truc",
                "date": "Đã tham gia 4 năm",
                "reviewCount": "18 Đánh giá",
                "likedCount": "3 Lượt cảm ơn"
            },
            "review": {
                "rating": 5,
                "title": "Cực kì hài lòng",
                "content": "cuốn sách mang cho mình 4 phương pháp để chuyển hoá cuộc sống của mình, bằng cách áp dụng 4 thoả ước với bản thân: 1) sử dụng ngôn từ tích cực, 2) không để bị ảnh hưởng, 3) không đưa ra giả định, 4) luôn cố gắng hết sức."
            }
        },
        {
            "reviewer": {
                "name": "anh trung",
                "date": "Đã tham gia 7 năm",
                "reviewCount": "64 Đánh giá",
                "likedCount": "9 Lượt cảm ơn"
            },
            "review": {
                "rating": 5,
                "title": "Cực kì hài lòng",
                "content": "Tiki đóng gói sản phẩm cẩn thận. Giao hàng đúng giờ hẹn. Sản phẩm sách không bị móp, rách. Hài lòng"
            }
        },
        {
            "reviewer": {
                "name": "Nguyễn Huỳnh Anh Thư",
                "date": "Đã tham gia 6 năm",
                "reviewCount": "22 Đánh giá",
                "likedCount": "11 Lượt cảm ơn"
            },
            "review": {
                "rating": 5,
                "title": "Cực kì hài lòng",
                "content": "Một quyển sách hay, nó giúp t rõ ràng hơn về cách mình \"mơ\", cách bản thân lập thỏa ước và tại sao lại rơi vào tình trạng khủng hoảng. Một quyển sách hay để chiêm nghiệm về cuộc đời và bản thân. (=^ ^=)"
            }
        },
        {
            "reviewer": {
                "name": "Như Xuân",
                "date": "Đã tham gia 6 năm",
                "reviewCount": "17 Đánh giá",
                "likedCount": "1 Lượt cảm ơn"
            },
            "review": {
                "rating": 5,
                "title": "Cực kì hài lòng",
                "content": "Sách dịch mượt, ổn\nThật sự là 1 cuộc cách mạng nhỏ trong tâm trí và ý thức của mình. Rất hay và đáng từng đồng tiền, từng giây phút dành ra để đọc nó"
            }
        },
        {
            "reviewer": {
                "name": "Nghĩa Phạm",
                "date": "Đã tham gia 11 năm",
                "reviewCount": "2 Đánh giá",
                "likedCount": "0 Lượt cảm ơn"
            },
            "review": {
                "rating": 5,
                "title": "Cực kì hài lòng",
                "content": "Sách hay, rất đáng để đọc, mua lúc khuyến mãi cao nên có được giá tốt, giao hàng nhanh"
            }
        },
        {
            "reviewer": {
                "name": "Minh Tai",
                "date": "Đã tham gia 10 năm",
                "reviewCount": "38 Đánh giá",
                "likedCount": "19 Lượt cảm ơn"
            },
            "review": {
                "rating": 5,
                "title": "Cực kì hài lòng",
                "content": ""
            }
        },
        {
            "reviewer": {
                "name": "Vân Trương",
                "date": "Đã tham gia 6 năm",
                "reviewCount": "4 Đánh giá",
                "likedCount": "0 Lượt cảm ơn"
            },
            "review": {
                "rating": 5,
                "title": "Cực kì hài lòng",
                "content": "Ko phải gu của mình nhưng cũng tạm ổn. Chữ to, giao nhanh."
            }
        },
        {
            "reviewer": {
                "name": "Bùi Thị Thùy Dương",
                "date": "Đã tham gia 7 năm",
                "reviewCount": "7 Đánh giá",
                "likedCount": "1 Lượt cảm ơn"
            },
            "review": {
                "rating": 5,
                "title": "Cực kì hài lòng",
                "content": "Nội dung sách thú vị"
            }
        },
        {
            "reviewer": {
                "name": "Lê Nguyễn Thu Mai",
                "date": "Đã tham gia 2 năm",
                "reviewCount": "7 Đánh giá",
                "likedCount": "0 Lượt cảm ơn"
            },
            "review": {
                "rating": 5,
                "title": "Cực kì hài lòng",
                "content": "Dễ đọc, yếu tôd bast ngờ cuối sách"
            }
        },
        {
            "reviewer": {
                "name": "Ngọc Huyền Lê",
                "date": "Đã tham gia 4 năm",
                "reviewCount": "12 Đánh giá",
                "likedCount": "0 Lượt cảm ơn"
            },
            "review": {
                "rating": 5,
                "title": "Cực kì hài lòng",
                "content": "Giao hàng siêu nhanh, đóng gói cẩn thận, chất lượng tốt"
            }
        },
        {
            "reviewer": {
                "name": "Ngọc Trí Phan",
                "date": "Đã tham gia 5 năm",
                "reviewCount": "8 Đánh giá",
                "likedCount": "0 Lượt cảm ơn"
            },
            "review": {
                "rating": 5,
                "title": "Cực kì hài lòng",
                "content": "Một trong những cuốn sách gợi mở cho mình rất nhiều ý tưởng để phát triển bản thân"
            }
        },
        {
            "reviewer": {
                "name": "Lê Ngọc Hưng",
                "date": "Đã tham gia 6 năm",
                "reviewCount": "69 Đánh giá",
                "likedCount": "6 Lượt cảm ơn"
            },
            "review": {
                "rating": 5,
                "title": "Cực kì hài lòng",
                "content": "Tiki giao hàng nhanh. Thân thiện. \r\nSách bao bì đẹp. Nội dung đọc sơ khá hay. Chi tiết thì cần thêm thời gian."
            }
        },
        {
            "reviewer": {
                "name": "Thái Bình Võ",
                "date": "Đã tham gia 3 tháng",
                "reviewCount": "2 Đánh giá",
                "likedCount": "0 Lượt cảm ơn"
            },
            "review": {
                "rating": 5,
                "title": "Cực kì hài lòng",
                "content": "quá đẹpppp"
            }
        },
        {
            "reviewer": {
                "name": "Ngọc Anh",
                "date": "Đã tham gia 4 năm",
                "reviewCount": "2 Đánh giá",
                "likedCount": "0 Lượt cảm ơn"
            },
            "review": {
                "rating": 5,
                "title": "Cực kì hài lòng",
                "content": "Tuy không có sách nhưng Bamboo xử lý tốt"
            }
        },
        {
            "reviewer": {
                "name": "Iris Kavi",
                "date": "Đã tham gia 4 năm",
                "reviewCount": "7 Đánh giá",
                "likedCount": "0 Lượt cảm ơn"
            },
            "review": {
                "rating": 5,
                "title": "Cực kì hài lòng",
                "content": "Sách mới giao nhanh nữa"
            }
        },
        {
            "reviewer": {
                "name": "Diệu Trần",
                "date": "Đã tham gia 7 năm",
                "reviewCount": "3 Đánh giá",
                "likedCount": "2 Lượt cảm ơn"
            },
            "review": {
                "rating": 5,
                "title": "Cực kì hài lòng",
                "content": "Sách nội dung hay,dễ hiểu,cảm thấy may mắn khi năm nay đọc được cuốn sách này"
            }
        },
        {
            "reviewer": {
                "name": "Vo Huynh Ai Van",
                "date": "Đã tham gia 6 năm",
                "reviewCount": "65 Đánh giá",
                "likedCount": "3 Lượt cảm ơn"
            },
            "review": {
                "rating": 5,
                "title": "Cực kì hài lòng",
                "content": "Sách đẹp, chưa đọc nên chưa review được nội dung"
            }
        },
        {
            "reviewer": {
                "name": "Tran Thi Thu Tuyet",
                "date": "Đã tham gia 6 năm",
                "reviewCount": "38 Đánh giá",
                "likedCount": "27 Lượt cảm ơn"
            },
            "review": {
                "rating": 5,
                "title": "Cực kì hài lòng",
                "content": "Một cuốn sách dễ đọc với nội dung cực hay"
            }
        },
        {
            "reviewer": {
                "name": "Huong Xuan Anh",
                "date": "Đã tham gia 9 năm",
                "reviewCount": "11 Đánh giá",
                "likedCount": "2 Lượt cảm ơn"
            },
            "review": {
                "rating": 5,
                "title": "Cực kì hài lòng",
                "content": "bản dịch này hay hơn bản cũ"
            }
        },
        {
            "reviewer": {
                "name": "my quyen",
                "date": "Đã tham gia 3 năm",
                "reviewCount": "36 Đánh giá",
                "likedCount": "0 Lượt cảm ơn"
            },
            "review": {
                "rating": 5,
                "title": "Cực kì hài lòng",
                "content": "sách đẹp"
            }
        },
        {
            "reviewer": {
                "name": "Trinh VO",
                "date": "Đã tham gia 6 năm",
                "reviewCount": "4 Đánh giá",
                "likedCount": "0 Lượt cảm ơn"
            },
            "review": {
                "rating": 5,
                "title": "Cực kì hài lòng",
                "content": "Sách thực tế, giao hàng nhanh"
            }
        },
        {
            "reviewer": {
                "name": "Son Nguyen",
                "date": "Đã tham gia 9 năm",
                "reviewCount": "112 Đánh giá",
                "likedCount": "99 Lượt cảm ơn"
            },
            "review": {
                "rating": 5,
                "title": "Cực kì hài lòng",
                "content": "Sách rất hay, nhẹ nhàng nhưng sâu sắc. Tiki giao hàng hơi chậm"
            }
        },
        {
            "reviewer": {
                "name": "Kim Hương",
                "date": "Đã tham gia 4 năm",
                "reviewCount": "108 Đánh giá",
                "likedCount": "4 Lượt cảm ơn"
            },
            "review": {
                "rating": 5,
                "title": "Cực kì hài lòng",
                "content": "Sách hay , trình bày đẹp , chữ rõ nét"
            }
        },
        {
            "reviewer": {
                "name": "Nguyễn Thị Kim Anh",
                "date": "Đã tham gia 6 năm",
                "reviewCount": "12 Đánh giá",
                "likedCount": "1 Lượt cảm ơn"
            },
            "review": {
                "rating": 5,
                "title": "Cực kì hài lòng",
                "content": "Quyển sách rất hay"
            }
        },
        {
            "reviewer": {
                "name": "Nguyễn Thị Tuyết Huệ",
                "date": "Đã tham gia 7 năm",
                "reviewCount": "4 Đánh giá",
                "likedCount": "0 Lượt cảm ơn"
            },
            "review": {
                "rating": 5,
                "title": "Cực kì hài lòng",
                "content": "Sách hay, đóng gói chất lượng"
            }
        },
        {
            "reviewer": {
                "name": "Hải Phạm Đoàn Thanh",
                "date": "Đã tham gia 3 tháng",
                "reviewCount": "10 Đánh giá",
                "likedCount": "0 Lượt cảm ơn"
            },
            "review": {
                "rating": 5,
                "title": "Cực kì hài lòng",
                "content": "Nội dung hay."
            }
        },
        {
            "reviewer": {
                "name": "Nguyễn Thanh Tuấn",
                "date": "Đã tham gia 8 năm",
                "reviewCount": "161 Đánh giá",
                "likedCount": "105 Lượt cảm ơn"
            },
            "review": {
                "rating": 5,
                "title": "Cực kì hài lòng",
                "content": "Sách hay!"
            }
        },
        {
            "reviewer": {
                "name": "Nguyễn Quang Trường",
                "date": "Đã tham gia 5 năm",
                "reviewCount": "20 Đánh giá",
                "likedCount": "0 Lượt cảm ơn"
            },
            "review": {
                "rating": 5,
                "title": "Cực kì hài lòng",
                "content": ""
            }
        },
        {
            "reviewer": {
                "name": "Ngân Trịnh",
                "date": "Đã tham gia 4 năm",
                "reviewCount": "41 Đánh giá",
                "likedCount": "0 Lượt cảm ơn"
            },
            "review": {
                "rating": 5,
                "title": "Cực kì hài lòng",
                "content": "Sách rất hay"
            }
        },
        {
            "reviewer": {
                "name": "VĂN THỊ CẨM THỤY",
                "date": "Đã tham gia 2 năm",
                "reviewCount": "111 Đánh giá",
                "likedCount": "0 Lượt cảm ơn"
            },
            "review": {
                "rating": 5,
                "title": "Cực kì hài lòng",
                "content": ""
            }
        },
        {
            "reviewer": {
                "name": "Huy Nguyễn",
                "date": "Đã tham gia 9 năm",
                "reviewCount": "22 Đánh giá",
                "likedCount": "0 Lượt cảm ơn"
            },
            "review": {
                "rating": 5,
                "title": "Cực kì hài lòng",
                "content": ""
            }
        },
        {
            "reviewer": {
                "name": "Trang Bùi",
                "date": "Đã tham gia 7 năm",
                "reviewCount": "10 Đánh giá",
                "likedCount": "0 Lượt cảm ơn"
            },
            "review": {
                "rating": 5,
                "title": "Cực kì hài lòng",
                "content": ""
            }
        },
        {
            "reviewer": {
                "name": "Trương kim thạch",
                "date": "Đã tham gia 6 năm",
                "reviewCount": "52 Đánh giá",
                "likedCount": "1 Lượt cảm ơn"
            },
            "review": {
                "rating": 5,
                "title": "Cực kì hài lòng",
                "content": ""
            }
        },
        {
            "reviewer": {
                "name": "Nguyễn Ngọc Thắng",
                "date": "Đã tham gia 11 năm",
                "reviewCount": "74 Đánh giá",
                "likedCount": "40 Lượt cảm ơn"
            },
            "review": {
                "rating": 5,
                "title": "Cực kì hài lòng",
                "content": ""
            }
        },
        {
            "reviewer": {
                "name": "Lê văn trọng",
                "date": "Đã tham gia 5 năm",
                "reviewCount": "2 Đánh giá",
                "likedCount": "0 Lượt cảm ơn"
            },
            "review": {
                "rating": 5,
                "title": "Cực kì hài lòng",
                "content": ""
            }
        },
        {
            "reviewer": {
                "name": "Võ Thị Xuân Phụng",
                "date": "Đã tham gia 6 năm",
                "reviewCount": "22 Đánh giá",
                "likedCount": "0 Lượt cảm ơn"
            },
            "review": {
                "rating": 5,
                "title": "Cực kì hài lòng",
                "content": ""
            }
        },
        {
            "reviewer": {
                "name": "Nguyễn Sơn",
                "date": "Đã tham gia 10 năm",
                "reviewCount": "77 Đánh giá",
                "likedCount": "11 Lượt cảm ơn"
            },
            "review": {
                "rating": 5,
                "title": "Cực kì hài lòng",
                "content": ""
            }
        },
        {
            "reviewer": {
                "name": "Quỳnh Trâm",
                "date": "Đã tham gia 2 tháng",
                "reviewCount": "13 Đánh giá",
                "likedCount": "0 Lượt cảm ơn"
            },
            "review": {
                "rating": 5,
                "title": "Cực kì hài lòng",
                "content": ""
            }
        },
        {
            "reviewer": {
                "name": "Lê Thị Kim Anh",
                "date": "Đã tham gia 6 năm",
                "reviewCount": "4 Đánh giá",
                "likedCount": "0 Lượt cảm ơn"
            },
            "review": {
                "rating": 5,
                "title": "Cực kì hài lòng",
                "content": ""
            }
        },
        {
            "reviewer": {
                "name": "Thuý Hằng",
                "date": "Đã tham gia 4 năm",
                "reviewCount": "3 Đánh giá",
                "likedCount": "0 Lượt cảm ơn"
            },
            "review": {
                "rating": 5,
                "title": "Cực kì hài lòng",
                "content": ""
            }
        },
        {
            "reviewer": {
                "name": "Tuan nguyen thanh",
                "date": "Đã tham gia 5 năm",
                "reviewCount": "12 Đánh giá",
                "likedCount": "0 Lượt cảm ơn"
            },
            "review": {
                "rating": 5,
                "title": "Cực kì hài lòng",
                "content": ""
            }
        },
        {
            "reviewer": {
                "name": "Huỳnh Tuệ Hà",
                "date": "Đã tham gia 4 năm",
                "reviewCount": "61 Đánh giá",
                "likedCount": "1 Lượt cảm ơn"
            },
            "review": {
                "rating": 5,
                "title": "Cực kì hài lòng",
                "content": ""
            }
        },
        {
            "reviewer": {
                "name": "Đặng Văn Quân",
                "date": "Đã tham gia 6 năm",
                "reviewCount": "30 Đánh giá",
                "likedCount": "6 Lượt cảm ơn"
            },
            "review": {
                "rating": 5,
                "title": "Cực kì hài lòng",
                "content": ""
            }
        },
        {
            "reviewer": {
                "name": "Hoàng Nhi",
                "date": "Đã tham gia 6 năm",
                "reviewCount": "6 Đánh giá",
                "likedCount": "0 Lượt cảm ơn"
            },
            "review": {
                "rating": 5,
                "title": "Cực kì hài lòng",
                "content": ""
            }
        },
        {
            "reviewer": {
                "name": "Thu Ngân",
                "date": "Đã tham gia 5 tháng",
                "reviewCount": "7 Đánh giá",
                "likedCount": "0 Lượt cảm ơn"
            },
            "review": {
                "rating": 5,
                "title": "Cực kì hài lòng",
                "content": ""
            }
        },
        {
            "reviewer": {
                "name": "TRƯƠNG QUỐC KHÁNH",
                "date": "Đã tham gia 8 năm",
                "reviewCount": "86 Đánh giá",
                "likedCount": "13 Lượt cảm ơn"
            },
            "review": {
                "rating": 5,
                "title": "Cực kì hài lòng",
                "content": "sách hay phù hợp với các bạn trẻ"
            }
        },
        {
            "reviewer": {
                "name": "Lê Anh Tuấn",
                "date": "Đã tham gia 7 năm",
                "reviewCount": "111 Đánh giá",
                "likedCount": "7 Lượt cảm ơn"
            },
            "review": {
                "rating": 5,
                "title": "Cực kì hài lòng",
                "content": ""
            }
        },
        {
            "reviewer": {
                "name": "Lê Huỳnh My",
                "date": "Đã tham gia 9 năm",
                "reviewCount": "34 Đánh giá",
                "likedCount": "0 Lượt cảm ơn"
            },
            "review": {
                "rating": 5,
                "title": "Cực kì hài lòng",
                "content": ""
            }
        },
        {
            "reviewer": {
                "name": "Nguyễn Thị Thu Hằng",
                "date": "Đã tham gia 10 năm",
                "reviewCount": "79 Đánh giá",
                "likedCount": "5 Lượt cảm ơn"
            },
            "review": {
                "rating": 5,
                "title": "Cực kì hài lòng",
                "content": ""
            }
        },
        {
            "reviewer": {
                "name": "Nguyễn Hà Diệu Linh",
                "date": "Đã tham gia 6 năm",
                "reviewCount": "116 Đánh giá",
                "likedCount": "2 Lượt cảm ơn"
            },
            "review": {
                "rating": 5,
                "title": "Cực kì hài lòng",
                "content": ""
            }
        },
        {
            "reviewer": {
                "name": "Nguyễn Bảo Trung",
                "date": "Đã tham gia 5 năm",
                "reviewCount": "3 Đánh giá",
                "likedCount": "0 Lượt cảm ơn"
            },
            "review": {
                "rating": 5,
                "title": "Cực kì hài lòng",
                "content": ""
            }
        },
        {
            "reviewer": {
                "name": "Tran van Hien",
                "date": "Đã tham gia 4 năm",
                "reviewCount": "205 Đánh giá",
                "likedCount": "2 Lượt cảm ơn"
            },
            "review": {
                "rating": 5,
                "title": "Cực kì hài lòng",
                "content": ""
            }
        },
        {
            "reviewer": {
                "name": "nguyễn thị tuyết",
                "date": "Đã tham gia 9 năm",
                "reviewCount": "25 Đánh giá",
                "likedCount": "3 Lượt cảm ơn"
            },
            "review": {
                "rating": 5,
                "title": "Cực kì hài lòng",
                "content": "Giao hàng siêu nhanh!"
            }
        },
        {
            "reviewer": {
                "name": "Nguyễn Mạnh Cường",
                "date": "Đã tham gia 13 năm",
                "reviewCount": "274 Đánh giá",
                "likedCount": "124 Lượt cảm ơn"
            },
            "review": {
                "rating": 5,
                "title": "Cực kì hài lòng",
                "content": "Quá xuất sắc. Đáng đọc lắm ạ"
            }
        },
        {
            "reviewer": {
                "name": "Hân",
                "date": "Đã tham gia 8 năm",
                "reviewCount": "3 Đánh giá",
                "likedCount": "0 Lượt cảm ơn"
            },
            "review": {
                "rating": 5,
                "title": "Cực kì hài lòng",
                "content": ""
            }
        },
        {
            "reviewer": {
                "name": "Mins Homie",
                "date": "Đã tham gia 6 năm",
                "reviewCount": "7 Đánh giá",
                "likedCount": "0 Lượt cảm ơn"
            },
            "review": {
                "rating": 5,
                "title": "Cực kì hài lòng",
                "content": ""
            }
        },
        {
            "reviewer": {
                "name": "Nguyễn Thuý Quỳnh",
                "date": "Đã tham gia 6 năm",
                "reviewCount": "98 Đánh giá",
                "likedCount": "0 Lượt cảm ơn"
            },
            "review": {
                "rating": 5,
                "title": "Cực kì hài lòng",
                "content": ""
            }
        },
        {
            "reviewer": {
                "name": "Bảo Thi",
                "date": "Đã tham gia 3 năm",
                "reviewCount": "3 Đánh giá",
                "likedCount": "0 Lượt cảm ơn"
            },
            "review": {
                "rating": 5,
                "title": "Cực kì hài lòng",
                "content": ""
            }
        },
        {
            "reviewer": {
                "name": "Nguyễn Viết Nương",
                "date": "Đã tham gia 8 năm",
                "reviewCount": "60 Đánh giá",
                "likedCount": "0 Lượt cảm ơn"
            },
            "review": {
                "rating": 5,
                "title": "Cực kì hài lòng",
                "content": ""
            }
        },
        {
            "reviewer": {
                "name": "Đào Vân",
                "date": "Đã tham gia 6 năm",
                "reviewCount": "85 Đánh giá",
                "likedCount": "8 Lượt cảm ơn"
            },
            "review": {
                "rating": 5,
                "title": "Cực kì hài lòng",
                "content": ""
            }
        },
        {
            "reviewer": {
                "name": "Thu Nguyen",
                "date": "Đã tham gia 7 năm",
                "reviewCount": "5 Đánh giá",
                "likedCount": "12 Lượt cảm ơn"
            },
            "review": {
                "rating": 5,
                "title": "Cực kì hài lòng",
                "content": ""
            }
        },
        {
            "reviewer": {
                "name": "Grace KV",
                "date": "Đã tham gia 6 năm",
                "reviewCount": "2 Đánh giá",
                "likedCount": "0 Lượt cảm ơn"
            },
            "review": {
                "rating": 5,
                "title": "Cực kì hài lòng",
                "content": ""
            }
        },
        {
            "reviewer": {
                "name": "Nguyen Sy Phuc",
                "date": "Đã tham gia 6 năm",
                "reviewCount": "4 Đánh giá",
                "likedCount": "0 Lượt cảm ơn"
            },
            "review": {
                "rating": 5,
                "title": "Cực kì hài lòng",
                "content": "Sách đẹp, được tặng kèm bookmark."
            }
        },
        {
            "reviewer": {
                "name": "Trần Ngô Tiến Vương",
                "date": "Đã tham gia 11 năm",
                "reviewCount": "139 Đánh giá",
                "likedCount": "27 Lượt cảm ơn"
            },
            "review": {
                "rating": 5,
                "title": "Cực kì hài lòng",
                "content": "Quá hay và huu ích"
            }
        },
        {
            "reviewer": {
                "name": "Phạm Quốc Đạt",
                "date": "Đã tham gia 6 năm",
                "reviewCount": "7 Đánh giá",
                "likedCount": "0 Lượt cảm ơn"
            },
            "review": {
                "rating": 5,
                "title": "Cực kì hài lòng",
                "content": ""
            }
        },
        {
            "reviewer": {
                "name": "Jasmine Lee",
                "date": "Đã tham gia 1 năm",
                "reviewCount": "4 Đánh giá",
                "likedCount": "0 Lượt cảm ơn"
            },
            "review": {
                "rating": 5,
                "title": "Cực kì hài lòng",
                "content": ""
            }
        },
        {
            "reviewer": {
                "name": "Nhật Duy",
                "date": "Đã tham gia 1 năm",
                "reviewCount": "10 Đánh giá",
                "likedCount": "0 Lượt cảm ơn"
            },
            "review": {
                "rating": 5,
                "title": "Cực kì hài lòng",
                "content": ""
            }
        },
        {
            "reviewer": {
                "name": "Bùi Diệu",
                "date": "Đã tham gia 1 năm",
                "reviewCount": "3 Đánh giá",
                "likedCount": "0 Lượt cảm ơn"
            },
            "review": {
                "rating": 5,
                "title": "Cực kì hài lòng",
                "content": ""
            }
        },
        {
            "reviewer": {
                "name": "Khánh Huyền",
                "date": "Đã tham gia 5 năm",
                "reviewCount": "4 Đánh giá",
                "likedCount": "0 Lượt cảm ơn"
            },
            "review": {
                "rating": 5,
                "title": "Cực kì hài lòng",
                "content": ""
            }
        },
        {
            "reviewer": {
                "name": "Hoài Thanh Võ Nguyễn",
                "date": "Đã tham gia 9 năm",
                "reviewCount": "4 Đánh giá",
                "likedCount": "0 Lượt cảm ơn"
            },
            "review": {
                "rating": 5,
                "title": "Cực kì hài lòng",
                "content": ""
            }
        },
        {
            "reviewer": {
                "name": "Trung Lê",
                "date": "Đã tham gia 7 năm",
                "reviewCount": "21 Đánh giá",
                "likedCount": "0 Lượt cảm ơn"
            },
            "review": {
                "rating": 5,
                "title": "Cực kì hài lòng",
                "content": "'"
            }
        },
        {
            "reviewer": {
                "name": "Tín Nguyễn",
                "date": "Đã tham gia 7 năm",
                "reviewCount": "21 Đánh giá",
                "likedCount": "9 Lượt cảm ơn"
            },
            "review": {
                "rating": 5,
                "title": "Cực kì hài lòng",
                "content": ""
            }
        },
        {
            "reviewer": {
                "name": "Mai Hoa",
                "date": "Đã tham gia 9 năm",
                "reviewCount": "17 Đánh giá",
                "likedCount": "0 Lượt cảm ơn"
            },
            "review": {
                "rating": 5,
                "title": "Cực kì hài lòng",
                "content": "Sách hay quá. Mình chọn đọc đầu tiên trong số sách mới mua."
            }
        },
        {
            "reviewer": {
                "name": "Hồng Thái",
                "date": "Đã tham gia 5 năm",
                "reviewCount": "20 Đánh giá",
                "likedCount": "0 Lượt cảm ơn"
            },
            "review": {
                "rating": 5,
                "title": "Cực kì hài lòng",
                "content": ""
            }
        },
        {
            "reviewer": {
                "name": "Quoc Tuan",
                "date": "Đã tham gia 3 năm",
                "reviewCount": "47 Đánh giá",
                "likedCount": "0 Lượt cảm ơn"
            },
            "review": {
                "rating": 5,
                "title": "Cực kì hài lòng",
                "content": ""
            }
        },
        {
            "reviewer": {
                "name": "Thien Thi",
                "date": "Đã tham gia 3 năm",
                "reviewCount": "4 Đánh giá",
                "likedCount": "0 Lượt cảm ơn"
            },
            "review": {
                "rating": 5,
                "title": "Cực kì hài lòng",
                "content": ""
            }
        },
        {
            "reviewer": {
                "name": "Nguyễn Thị Tuyết Thanh",
                "date": "Đã tham gia 6 năm",
                "reviewCount": "4 Đánh giá",
                "likedCount": "0 Lượt cảm ơn"
            },
            "review": {
                "rating": 5,
                "title": "Cực kì hài lòng",
                "content": ""
            }
        },
        {
            "reviewer": {
                "name": "Huỳnh Ngọc Việt",
                "date": "Đã tham gia 3 năm",
                "reviewCount": "5 Đánh giá",
                "likedCount": "0 Lượt cảm ơn"
            },
            "review": {
                "rating": 5,
                "title": "Cực kì hài lòng",
                "content": ""
            }
        },
        {
            "reviewer": {
                "name": "Đỗ Thị Vân Hương",
                "date": "Đã tham gia 3 năm",
                "reviewCount": "112 Đánh giá",
                "likedCount": "9 Lượt cảm ơn"
            },
            "review": {
                "rating": 5,
                "title": "Cực kì hài lòng",
                "content": ""
            }
        },
        {
            "reviewer": {
                "name": "Huy Dai",
                "date": "Đã tham gia 3 năm",
                "reviewCount": "32 Đánh giá",
                "likedCount": "0 Lượt cảm ơn"
            },
            "review": {
                "rating": 5,
                "title": "Cực kì hài lòng",
                "content": ""
            }
        },
        {
            "reviewer": {
                "name": "Vịnh Giang",
                "date": "Đã tham gia 2 năm",
                "reviewCount": "7 Đánh giá",
                "likedCount": "0 Lượt cảm ơn"
            },
            "review": {
                "rating": 5,
                "title": "Cực kì hài lòng",
                "content": ""
            }
        },
        {
            "reviewer": {
                "name": "Thư Thái",
                "date": "Đã tham gia 3 năm",
                "reviewCount": "1 Đánh giá",
                "likedCount": "0 Lượt cảm ơn"
            },
            "review": {
                "rating": 5,
                "title": "Cực kì hài lòng",
                "content": ""
            }
        },
        {
            "reviewer": {
                "name": "Lê Bá Khang",
                "date": "Đã tham gia 8 năm",
                "reviewCount": "58 Đánh giá",
                "likedCount": "1 Lượt cảm ơn"
            },
            "review": {
                "rating": 5,
                "title": "Cực kì hài lòng",
                "content": ""
            }
        },
        {
            "reviewer": {
                "name": "Lê Thị Thạch Thảo",
                "date": "Đã tham gia 4 năm",
                "reviewCount": "11 Đánh giá",
                "likedCount": "0 Lượt cảm ơn"
            },
            "review": {
                "rating": 5,
                "title": "Cực kì hài lòng",
                "content": ""
            }
        },
        {
            "reviewer": {
                "name": "Lê Thanh Tùng",
                "date": "Đã tham gia 6 năm",
                "reviewCount": "122 Đánh giá",
                "likedCount": "0 Lượt cảm ơn"
            },
            "review": {
                "rating": 5,
                "title": "Cực kì hài lòng",
                "content": ""
            }
        },
        {
            "reviewer": {
                "name": "Bảo Trâm",
                "date": "Đã tham gia 3 năm",
                "reviewCount": "11 Đánh giá",
                "likedCount": "0 Lượt cảm ơn"
            },
            "review": {
                "rating": 5,
                "title": "Cực kì hài lòng",
                "content": ""
            }
        },
        {
            "reviewer": {
                "name": "Nguyễn Hoàng Anh Thư",
                "date": "Đã tham gia 9 năm",
                "reviewCount": "35 Đánh giá",
                "likedCount": "16 Lượt cảm ơn"
            },
            "review": {
                "rating": 5,
                "title": "Cực kì hài lòng",
                "content": ""
            }
        },
        {
            "reviewer": {
                "name": "nguyễn bảo uyên",
                "date": "Đã tham gia 5 năm",
                "reviewCount": "1 Đánh giá",
                "likedCount": "0 Lượt cảm ơn"
            },
            "review": {
                "rating": 5,
                "title": "Cực kì hài lòng",
                "content": ""
            }
        },
        {
            "reviewer": {
                "name": "Ngô Thị Trang Nhung",
                "date": "Đã tham gia 4 năm",
                "reviewCount": "4 Đánh giá",
                "likedCount": "0 Lượt cảm ơn"
            },
            "review": {
                "rating": 5,
                "title": "Cực kì hài lòng",
                "content": ""
            }
        },
        {
            "reviewer": {
                "name": "HoangHa Vu",
                "date": "Đã tham gia 6 năm",
                "reviewCount": "31 Đánh giá",
                "likedCount": "0 Lượt cảm ơn"
            },
            "review": {
                "rating": 5,
                "title": "Cực kì hài lòng",
                "content": ""
            }
        },
        {
            "reviewer": {
                "name": "Hương Đặng",
                "date": "Đã tham gia 2 năm",
                "reviewCount": "1 Đánh giá",
                "likedCount": "0 Lượt cảm ơn"
            },
            "review": {
                "rating": 5,
                "title": "Cực kì hài lòng",
                "content": ""
            }
        },
        {
            "reviewer": {
                "name": "ha long",
                "date": "Đã tham gia 3 năm",
                "reviewCount": "2 Đánh giá",
                "likedCount": "0 Lượt cảm ơn"
            },
            "review": {
                "rating": 5,
                "title": "Cực kì hài lòng",
                "content": ""
            }
        },
        {
            "reviewer": {
                "name": "Yến Loan",
                "date": "Đã tham gia 4 năm",
                "reviewCount": "5 Đánh giá",
                "likedCount": "0 Lượt cảm ơn"
            },
            "review": {
                "rating": 5,
                "title": "Cực kì hài lòng",
                "content": ""
            }
        },
        {
            "reviewer": {
                "name": "Vũ Thị Lan",
                "date": "Đã tham gia 9 năm",
                "reviewCount": "4 Đánh giá",
                "likedCount": "0 Lượt cảm ơn"
            },
            "review": {
                "rating": 5,
                "title": "Cực kì hài lòng",
                "content": ""
            }
        },
        {
            "reviewer": {
                "name": "Huỳnh Vũ Phương",
                "date": "Đã tham gia 10 năm",
                "reviewCount": "17 Đánh giá",
                "likedCount": "0 Lượt cảm ơn"
            },
            "review": {
                "rating": 5,
                "title": "Cực kì hài lòng",
                "content": ""
            }
        },
        {
            "reviewer": {
                "name": "Đỗ Ngọc",
                "date": "Đã tham gia 4 năm",
                "reviewCount": "1 Đánh giá",
                "likedCount": "0 Lượt cảm ơn"
            },
            "review": {
                "rating": 5,
                "title": "Cực kì hài lòng",
                "content": ""
            }
        },
        {
            "reviewer": {
                "name": "Hienle",
                "date": "Đã tham gia 6 năm",
                "reviewCount": "1 Đánh giá",
                "likedCount": "0 Lượt cảm ơn"
            },
            "review": {
                "rating": 5,
                "title": "Cực kì hài lòng",
                "content": ""
            }
        },
        {
            "reviewer": {
                "name": "Mai Anh Nguyễn Lê",
                "date": "Đã tham gia 3 năm",
                "reviewCount": "2 Đánh giá",
                "likedCount": "0 Lượt cảm ơn"
            },
            "review": {
                "rating": 5,
                "title": "Cực kì hài lòng",
                "content": ""
            }
        },
        {
            "reviewer": {
                "name": "Thùy Linh Lại",
                "date": "Đã tham gia 6 năm",
                "reviewCount": "2 Đánh giá",
                "likedCount": "0 Lượt cảm ơn"
            },
            "review": {
                "rating": 5,
                "title": "Cực kì hài lòng",
                "content": ""
            }
        },
        {
            "reviewer": {
                "name": "Khánh Huyền",
                "date": "Đã tham gia 5 năm",
                "reviewCount": "2 Đánh giá",
                "likedCount": "0 Lượt cảm ơn"
            },
            "review": {
                "rating": 5,
                "title": "Cực kì hài lòng",
                "content": ""
            }
        },
        {
            "reviewer": {
                "name": "Nguyễn Thị Ánh Nguyệt",
                "date": "Đã tham gia 4 năm",
                "reviewCount": "3 Đánh giá",
                "likedCount": "0 Lượt cảm ơn"
            },
            "review": {
                "rating": 5,
                "title": "Cực kì hài lòng",
                "content": ""
            }
        },
        {
            "reviewer": {
                "name": "Anh Panda",
                "date": "Đã tham gia 6 năm",
                "reviewCount": "22 Đánh giá",
                "likedCount": "0 Lượt cảm ơn"
            },
            "review": {
                "rating": 5,
                "title": "Cực kì hài lòng",
                "content": ""
            }
        },
        {
            "reviewer": {
                "name": "Lê Khang",
                "date": "Đã tham gia 9 năm",
                "reviewCount": "26 Đánh giá",
                "likedCount": "1 Lượt cảm ơn"
            },
            "review": {
                "rating": 5,
                "title": "Cực kì hài lòng",
                "content": ""
            }
        },
        {
            "reviewer": {
                "name": "Chuong quy",
                "date": "Đã tham gia 2 năm",
                "reviewCount": "3 Đánh giá",
                "likedCount": "0 Lượt cảm ơn"
            },
            "review": {
                "rating": 5,
                "title": "Cực kì hài lòng",
                "content": ""
            }
        },
        {
            "reviewer": {
                "name": "Tâm Huỳnh",
                "date": "Đã tham gia 1 năm",
                "reviewCount": "8 Đánh giá",
                "likedCount": "0 Lượt cảm ơn"
            },
            "review": {
                "rating": 5,
                "title": "Cực kì hài lòng",
                "content": ""
            }
        },
        {
            "reviewer": {
                "name": "Hoa Nguyen",
                "date": "Đã tham gia 1 năm",
                "reviewCount": "3 Đánh giá",
                "likedCount": "0 Lượt cảm ơn"
            },
            "review": {
                "rating": 5,
                "title": "Cực kì hài lòng",
                "content": ""
            }
        },
        {
            "reviewer": {
                "name": "Trần Quang Huy",
                "date": "Đã tham gia 7 năm",
                "reviewCount": "7 Đánh giá",
                "likedCount": "0 Lượt cảm ơn"
            },
            "review": {
                "rating": 5,
                "title": "Cực kì hài lòng",
                "content": ""
            }
        },
        {
            "reviewer": {
                "name": "Hồ Hiền Sang",
                "date": "Đã tham gia 9 năm",
                "reviewCount": "10 Đánh giá",
                "likedCount": "1 Lượt cảm ơn"
            },
            "review": {
                "rating": 5,
                "title": "Cực kì hài lòng",
                "content": ""
            }
        },
        {
            "reviewer": {
                "name": "Huỳnh Văn Kỹ",
                "date": "Đã tham gia 11 năm",
                "reviewCount": "49 Đánh giá",
                "likedCount": "0 Lượt cảm ơn"
            },
            "review": {
                "rating": 5,
                "title": "Cực kì hài lòng",
                "content": ""
            }
        },
        {
            "reviewer": {
                "name": "Ý Nhi Phan Nguyễn",
                "date": "Đã tham gia 8 năm",
                "reviewCount": "17 Đánh giá",
                "likedCount": "0 Lượt cảm ơn"
            },
            "review": {
                "rating": 5,
                "title": "Cực kì hài lòng",
                "content": ""
            }
        },
        {
            "reviewer": {
                "name": "Thảo Bùi",
                "date": "Đã tham gia 9 năm",
                "reviewCount": "17 Đánh giá",
                "likedCount": "1 Lượt cảm ơn"
            },
            "review": {
                "rating": 5,
                "title": "Cực kì hài lòng",
                "content": ""
            }
        },
        {
            "reviewer": {
                "name": "Trần Thanh Phương",
                "date": "Đã tham gia 3 năm",
                "reviewCount": "17 Đánh giá",
                "likedCount": "0 Lượt cảm ơn"
            },
            "review": {
                "rating": 5,
                "title": "Cực kì hài lòng",
                "content": ""
            }
        },
        {
            "reviewer": {
                "name": "anh tuan",
                "date": "Đã tham gia 3 năm",
                "reviewCount": "1 Đánh giá",
                "likedCount": "0 Lượt cảm ơn"
            },
            "review": {
                "rating": 5,
                "title": "Cực kì hài lòng",
                "content": ""
            }
        },
        {
            "reviewer": {
                "name": "Tran Minh",
                "date": "Đã tham gia 6 năm",
                "reviewCount": "2 Đánh giá",
                "likedCount": "0 Lượt cảm ơn"
            },
            "review": {
                "rating": 5,
                "title": "Cực kì hài lòng",
                "content": ""
            }
        },
        {
            "reviewer": {
                "name": "Hoang Thanh Nam",
                "date": "Đã tham gia 3 năm",
                "reviewCount": "7 Đánh giá",
                "likedCount": "0 Lượt cảm ơn"
            },
            "review": {
                "rating": 5,
                "title": "Cực kì hài lòng",
                "content": ""
            }
        },
        {
            "reviewer": {
                "name": "Vu Thi Thuong",
                "date": "Đã tham gia 6 năm",
                "reviewCount": "153 Đánh giá",
                "likedCount": "2 Lượt cảm ơn"
            },
            "review": {
                "rating": 5,
                "title": "Cực kì hài lòng",
                "content": ""
            }
        },
        {
            "reviewer": {
                "name": "Mai Phuong",
                "date": "Đã tham gia 5 năm",
                "reviewCount": "6 Đánh giá",
                "likedCount": "0 Lượt cảm ơn"
            },
            "review": {
                "rating": 5,
                "title": "Cực kì hài lòng",
                "content": ""
            }
        },
        {
            "reviewer": {
                "name": "MỸ YẾN",
                "date": "Đã tham gia 4 năm",
                "reviewCount": "7 Đánh giá",
                "likedCount": "0 Lượt cảm ơn"
            },
            "review": {
                "rating": 5,
                "title": "Cực kì hài lòng",
                "content": ""
            }
        },
        {
            "reviewer": {
                "name": "Trung Vo",
                "date": "Đã tham gia 6 năm",
                "reviewCount": "44 Đánh giá",
                "likedCount": "1 Lượt cảm ơn"
            },
            "review": {
                "rating": 5,
                "title": "Cực kì hài lòng",
                "content": ""
            }
        },
        {
            "reviewer": {
                "name": "Hoàng Trường",
                "date": "Đã tham gia 10 năm",
                "reviewCount": "3 Đánh giá",
                "likedCount": "0 Lượt cảm ơn"
            },
            "review": {
                "rating": 5,
                "title": "Cực kì hài lòng",
                "content": ""
            }
        },
        {
            "reviewer": {
                "name": "Lâm Thụy Phương Thảo",
                "date": "Đã tham gia 3 năm",
                "reviewCount": "12 Đánh giá",
                "likedCount": "0 Lượt cảm ơn"
            },
            "review": {
                "rating": 5,
                "title": "Cực kì hài lòng",
                "content": ""
            }
        },
        {
            "reviewer": {
                "name": "Thao Nguyen",
                "date": "Đã tham gia 3 năm",
                "reviewCount": "23 Đánh giá",
                "likedCount": "0 Lượt cảm ơn"
            },
            "review": {
                "rating": 5,
                "title": "Cực kì hài lòng",
                "content": ""
            }
        },
        {
            "reviewer": {
                "name": "Trinh Hùng Quang",
                "date": "Đã tham gia 6 năm",
                "reviewCount": "2 Đánh giá",
                "likedCount": "0 Lượt cảm ơn"
            },
            "review": {
                "rating": 5,
                "title": "Cực kì hài lòng",
                "content": ""
            }
        },
        {
            "reviewer": {
                "name": "Khánh Linh",
                "date": "Đã tham gia 6 năm",
                "reviewCount": "2 Đánh giá",
                "likedCount": "1 Lượt cảm ơn"
            },
            "review": {
                "rating": 5,
                "title": "Cực kì hài lòng",
                "content": ""
            }
        },
        {
            "reviewer": {
                "name": "Nguyen Van Hung",
                "date": "Đã tham gia 5 năm",
                "reviewCount": "5 Đánh giá",
                "likedCount": "0 Lượt cảm ơn"
            },
            "review": {
                "rating": 5,
                "title": "Cực kì hài lòng",
                "content": ""
            }
        },
        {
            "reviewer": {
                "name": "Hoàng Anh",
                "date": "Đã tham gia 6 năm",
                "reviewCount": "20 Đánh giá",
                "likedCount": "0 Lượt cảm ơn"
            },
            "review": {
                "rating": 5,
                "title": "Cực kì hài lòng",
                "content": ""
            }
        },
        {
            "reviewer": {
                "name": "Thảo bùi",
                "date": "Đã tham gia 2 năm",
                "reviewCount": "1 Đánh giá",
                "likedCount": "0 Lượt cảm ơn"
            },
            "review": {
                "rating": 5,
                "title": "Cực kì hài lòng",
                "content": ""
            }
        },
        {
            "reviewer": {
                "name": "Giang Ngân",
                "date": "Đã tham gia 12 năm",
                "reviewCount": "14 Đánh giá",
                "likedCount": "1 Lượt cảm ơn"
            },
            "review": {
                "rating": 5,
                "title": "Cực kì hài lòng",
                "content": ""
            }
        },
        {
            "reviewer": {
                "name": "Nguyễn Gia Huy",
                "date": "Đã tham gia 1 năm",
                "reviewCount": "1 Đánh giá",
                "likedCount": "0 Lượt cảm ơn"
            },
            "review": {
                "rating": 5,
                "title": "Cực kì hài lòng",
                "content": ""
            }
        },
        {
            "reviewer": {
                "name": "Thế Tài",
                "date": "Đã tham gia 8 năm",
                "reviewCount": "23 Đánh giá",
                "likedCount": "4 Lượt cảm ơn"
            },
            "review": {
                "rating": 5,
                "title": "Cực kì hài lòng",
                "content": ""
            }
        },
        {
            "reviewer": {
                "name": "Phan Thị Ngọc Thảo",
                "date": "Đã tham gia 12 năm",
                "reviewCount": "30 Đánh giá",
                "likedCount": "6 Lượt cảm ơn"
            },
            "review": {
                "rating": 5,
                "title": "Cực kì hài lòng",
                "content": "Nội dung rất hay, hữu ích khi bạn đang chơi vơi"
            }
        },
        {
            "reviewer": {
                "name": "Huỳnh Ngọc Tiên",
                "date": "Đã tham gia 6 năm",
                "reviewCount": "289 Đánh giá",
                "likedCount": "32 Lượt cảm ơn"
            },
            "review": {
                "rating": 5,
                "title": "Cực kì hài lòng",
                "content": ""
            }
        },
        {
            "reviewer": {
                "name": "Sói Mập",
                "date": "Đã tham gia 3 năm",
                "reviewCount": "1 Đánh giá",
                "likedCount": "0 Lượt cảm ơn"
            },
            "review": {
                "rating": 5,
                "title": "Cực kì hài lòng",
                "content": ""
            }
        },
        {
            "reviewer": {
                "name": "Gia Nam",
                "date": "Đã tham gia 6 năm",
                "reviewCount": "78 Đánh giá",
                "likedCount": "4 Lượt cảm ơn"
            },
            "review": {
                "rating": 5,
                "title": "Cực kì hài lòng",
                "content": ""
            }
        },
        {
            "reviewer": {
                "name": "Đặng A Tùng",
                "date": "Đã tham gia 12 năm",
                "reviewCount": "32 Đánh giá",
                "likedCount": "4 Lượt cảm ơn"
            },
            "review": {
                "rating": 5,
                "title": "Cực kì hài lòng",
                "content": ""
            }
        },
        {
            "reviewer": {
                "name": "Nguyễn Thu Hà",
                "date": "Đã tham gia 11 năm",
                "reviewCount": "269 Đánh giá",
                "likedCount": "13 Lượt cảm ơn"
            },
            "review": {
                "rating": 5,
                "title": "Cực kì hài lòng",
                "content": ""
            }
        },
        {
            "reviewer": {
                "name": "Ha Anh",
                "date": "Đã tham gia 11 năm",
                "reviewCount": "49 Đánh giá",
                "likedCount": "3 Lượt cảm ơn"
            },
            "review": {
                "rating": 5,
                "title": "Cực kì hài lòng",
                "content": "Cuốn sách tuyệt vời"
            }
        },
        {
            "reviewer": {
                "name": "Trần Chân",
                "date": "Đã tham gia 5 năm",
                "reviewCount": "74 Đánh giá",
                "likedCount": "2 Lượt cảm ơn"
            },
            "review": {
                "rating": 5,
                "title": "Cực kì hài lòng",
                "content": ""
            }
        },
        {
            "reviewer": {
                "name": "Vũ Xuân Hồng",
                "date": "Đã tham gia 3 năm",
                "reviewCount": "36 Đánh giá",
                "likedCount": "4 Lượt cảm ơn"
            },
            "review": {
                "rating": 5,
                "title": "Cực kì hài lòng",
                "content": ""
            }
        },
        {
            "reviewer": {
                "name": "Nhi Le",
                "date": "Đã tham gia 2 năm",
                "reviewCount": "2 Đánh giá",
                "likedCount": "0 Lượt cảm ơn"
            },
            "review": {
                "rating": 5,
                "title": "Cực kì hài lòng",
                "content": ""
            }
        },
        {
            "reviewer": {
                "name": "Võ Thị Thu Thảo",
                "date": "Đã tham gia 9 năm",
                "reviewCount": "552 Đánh giá",
                "likedCount": "96 Lượt cảm ơn"
            },
            "review": {
                "rating": 5,
                "title": "Cực kì hài lòng",
                "content": ""
            }
        },
        {
            "reviewer": {
                "name": "Nguyễn Đình Đại",
                "date": "Đã tham gia 6 năm",
                "reviewCount": "13 Đánh giá",
                "likedCount": "0 Lượt cảm ơn"
            },
            "review": {
                "rating": 5,
                "title": "Cực kì hài lòng",
                "content": ""
            }
        },
        {
            "reviewer": {
                "name": "Trinh thi thanh thao",
                "date": "Đã tham gia 2 năm",
                "reviewCount": "19 Đánh giá",
                "likedCount": "0 Lượt cảm ơn"
            },
            "review": {
                "rating": 5,
                "title": "Cực kì hài lòng",
                "content": ""
            }
        },
        {
            "reviewer": {
                "name": "Nguyễn Thị Tuyết Anh",
                "date": "Đã tham gia 12 năm",
                "reviewCount": "99 Đánh giá",
                "likedCount": "32 Lượt cảm ơn"
            },
            "review": {
                "rating": 5,
                "title": "Cực kì hài lòng",
                "content": ""
            }
        },
        {
            "reviewer": {
                "name": "Lê Hảo",
                "date": "Đã tham gia 5 năm",
                "reviewCount": "5 Đánh giá",
                "likedCount": "0 Lượt cảm ơn"
            },
            "review": {
                "rating": 5,
                "title": "Cực kì hài lòng",
                "content": "Nhìn đã muốn đọc"
            }
        },
        {
            "reviewer": {
                "name": "Nguyen Hong Nhung",
                "date": "Đã tham gia 9 năm",
                "reviewCount": "11 Đánh giá",
                "likedCount": "9 Lượt cảm ơn"
            },
            "review": {
                "rating": 5,
                "title": "Cực kì hài lòng",
                "content": ""
            }
        },
        {
            "reviewer": {
                "name": "Summer Phạm",
                "date": "Đã tham gia 4 năm",
                "reviewCount": "1 Đánh giá",
                "likedCount": "0 Lượt cảm ơn"
            },
            "review": {
                "rating": 5,
                "title": "Cực kì hài lòng",
                "content": ""
            }
        },
        {
            "reviewer": {
                "name": "Bằng Nhi",
                "date": "Đã tham gia 9 năm",
                "reviewCount": "22 Đánh giá",
                "likedCount": "0 Lượt cảm ơn"
            },
            "review": {
                "rating": 5,
                "title": "Cực kì hài lòng",
                "content": ""
            }
        },
        {
            "reviewer": {
                "name": "Nhã Hà",
                "date": "Đã tham gia 6 năm",
                "reviewCount": "11 Đánh giá",
                "likedCount": "3 Lượt cảm ơn"
            },
            "review": {
                "rating": 5,
                "title": "Cực kì hài lòng",
                "content": ""
            }
        },
        {
            "reviewer": {
                "name": "lý ngọc dung",
                "date": "Đã tham gia 10 năm",
                "reviewCount": "82 Đánh giá",
                "likedCount": "1 Lượt cảm ơn"
            },
            "review": {
                "rating": 5,
                "title": "Cực kì hài lòng",
                "content": ""
            }
        },
        {
            "reviewer": {
                "name": "Nguyễn Phương Anh",
                "date": "Đã tham gia 7 năm",
                "reviewCount": "2 Đánh giá",
                "likedCount": "0 Lượt cảm ơn"
            },
            "review": {
                "rating": 5,
                "title": "Cực kì hài lòng",
                "content": ""
            }
        },
        {
            "reviewer": {
                "name": "LƯU THANH DANH",
                "date": "Đã tham gia 10 năm",
                "reviewCount": "5 Đánh giá",
                "likedCount": "0 Lượt cảm ơn"
            },
            "review": {
                "rating": 5,
                "title": "Cực kì hài lòng",
                "content": ""
            }
        },
        {
            "reviewer": {
                "name": "Phạm Xuân Hùng",
                "date": "Đã tham gia 4 năm",
                "reviewCount": "26 Đánh giá",
                "likedCount": "0 Lượt cảm ơn"
            },
            "review": {
                "rating": 5,
                "title": "Cực kì hài lòng",
                "content": ""
            }
        },
        {
            "reviewer": {
                "name": "Khải Chí",
                "date": "Đã tham gia 5 năm",
                "reviewCount": "6 Đánh giá",
                "likedCount": "0 Lượt cảm ơn"
            },
            "review": {
                "rating": 5,
                "title": "Cực kì hài lòng",
                "content": ""
            }
        },
        {
            "reviewer": {
                "name": "nguyễn hòa",
                "date": "Đã tham gia 12 năm",
                "reviewCount": "2 Đánh giá",
                "likedCount": "0 Lượt cảm ơn"
            },
            "review": {
                "rating": 5,
                "title": "Cực kì hài lòng",
                "content": ""
            }
        },
        {
            "reviewer": {
                "name": "Nguyen Trang",
                "date": "Đã tham gia 10 năm",
                "reviewCount": "6 Đánh giá",
                "likedCount": "0 Lượt cảm ơn"
            },
            "review": {
                "rating": 5,
                "title": "Cực kì hài lòng",
                "content": ""
            }
        },
        {
            "reviewer": {
                "name": "YẾN NHI",
                "date": "Đã tham gia 4 năm",
                "reviewCount": "11 Đánh giá",
                "likedCount": "0 Lượt cảm ơn"
            },
            "review": {
                "rating": 5,
                "title": "Cực kì hài lòng",
                "content": ""
            }
        },
        {
            "reviewer": {
                "name": "Hoàng Xuân Thắng",
                "date": "Đã tham gia 4 năm",
                "reviewCount": "1 Đánh giá",
                "likedCount": "0 Lượt cảm ơn"
            },
            "review": {
                "rating": 5,
                "title": "Cực kì hài lòng",
                "content": ""
            }
        },
        {
            "reviewer": {
                "name": "Đinh Ngân",
                "date": "Đã tham gia 7 năm",
                "reviewCount": "8 Đánh giá",
                "likedCount": "0 Lượt cảm ơn"
            },
            "review": {
                "rating": 5,
                "title": "Cực kì hài lòng",
                "content": ""
            }
        },
        {
            "reviewer": {
                "name": "Hoàng quyên",
                "date": "Đã tham gia 5 năm",
                "reviewCount": "10 Đánh giá",
                "likedCount": "0 Lượt cảm ơn"
            },
            "review": {
                "rating": 5,
                "title": "Cực kì hài lòng",
                "content": ""
            }
        },
        {
            "reviewer": {
                "name": "minh huyen",
                "date": "Đã tham gia 2 năm",
                "reviewCount": "1 Đánh giá",
                "likedCount": "0 Lượt cảm ơn"
            },
            "review": {
                "rating": 5,
                "title": "Cực kì hài lòng",
                "content": ""
            }
        },
        {
            "reviewer": {
                "name": "Phạm Ngân Hà",
                "date": "Đã tham gia 11 năm",
                "reviewCount": "113 Đánh giá",
                "likedCount": "11 Lượt cảm ơn"
            },
            "review": {
                "rating": 5,
                "title": "Cực kì hài lòng",
                "content": ""
            }
        },
        {
            "reviewer": {
                "name": "Tuấn Anh",
                "date": "Đã tham gia 4 năm",
                "reviewCount": "163 Đánh giá",
                "likedCount": "2 Lượt cảm ơn"
            },
            "review": {
                "rating": 5,
                "title": "Cực kì hài lòng",
                "content": ""
            }
        },
        {
            "reviewer": {
                "name": "Nhung Hà",
                "date": "Đã tham gia 6 năm",
                "reviewCount": "16 Đánh giá",
                "likedCount": "3 Lượt cảm ơn"
            },
            "review": {
                "rating": 5,
                "title": "Cực kì hài lòng",
                "content": ""
            }
        },
        {
            "reviewer": {
                "name": "MINH CHÂU",
                "date": "Đã tham gia 6 năm",
                "reviewCount": "57 Đánh giá",
                "likedCount": "0 Lượt cảm ơn"
            },
            "review": {
                "rating": 5,
                "title": "Cực kì hài lòng",
                "content": ""
            }
        },
        {
            "reviewer": {
                "name": "Trinh Do",
                "date": "Đã tham gia 3 năm",
                "reviewCount": "9 Đánh giá",
                "likedCount": "0 Lượt cảm ơn"
            },
            "review": {
                "rating": 5,
                "title": "Cực kì hài lòng",
                "content": ""
            }
        },
        {
            "reviewer": {
                "name": "Truc Nha",
                "date": "Đã tham gia 7 năm",
                "reviewCount": "94 Đánh giá",
                "likedCount": "24 Lượt cảm ơn"
            },
            "review": {
                "rating": 5,
                "title": "Cực kì hài lòng",
                "content": ""
            }
        },
        {
            "reviewer": {
                "name": "Bi Th Bch Trm",
                "date": "Đã tham gia 5 năm",
                "reviewCount": "41 Đánh giá",
                "likedCount": "0 Lượt cảm ơn"
            },
            "review": {
                "rating": 5,
                "title": "Cực kì hài lòng",
                "content": ""
            }
        },
        {
            "reviewer": {
                "name": "Dang  Hoang Anh",
                "date": "Đã tham gia 12 năm",
                "reviewCount": "27 Đánh giá",
                "likedCount": "18 Lượt cảm ơn"
            },
            "review": {
                "rating": 3,
                "title": "Bình thường",
                "content": "Nội dung hơi hướng tôn giáo và nặng về niềm tin nên không hợp mình lắm."
            }
        },
        {
            "reviewer": {
                "name": "Pham Thu Thuỷ",
                "date": "Đã tham gia 3 năm",
                "reviewCount": "44 Đánh giá",
                "likedCount": "0 Lượt cảm ơn"
            },
            "review": {
                "rating": 4,
                "title": "Hài lòng",
                "content": "Mình thấy sách này cũng được. Dễ đọc, hữu ích cho ai muốn chữa lành"
            }
        },
        {
            "reviewer": {
                "name": "me xu dong",
                "date": "Đã tham gia 4 năm",
                "reviewCount": "45 Đánh giá",
                "likedCount": "4 Lượt cảm ơn"
            },
            "review": {
                "rating": 4,
                "title": "Hài lòng",
                "content": "Cũng như mọi cuốn sách self help thôi."
            }
        },
        {
            "reviewer": {
                "name": "Phan Xuân Lâm",
                "date": "Đã tham gia 6 năm",
                "reviewCount": "240 Đánh giá",
                "likedCount": "8 Lượt cảm ơn"
            },
            "review": {
                "rating": 4,
                "title": "Hài lòng",
                "content": ""
            }
        },
        {
            "reviewer": {
                "name": "Lê Đức thắng",
                "date": "Đã tham gia 7 năm",
                "reviewCount": "24 Đánh giá",
                "likedCount": "2 Lượt cảm ơn"
            },
            "review": {
                "rating": 4,
                "title": "Hài lòng",
                "content": "Cuốn sách dễ đọc và ý nghĩa"
            }
        },
        {
            "reviewer": {
                "name": "Nguyễn Văn Liệu",
                "date": "Đã tham gia 6 năm",
                "reviewCount": "1 Đánh giá",
                "likedCount": "0 Lượt cảm ơn"
            },
            "review": {
                "rating": 4,
                "title": "Hài lòng",
                "content": "tốt"
            }
        },
        {
            "reviewer": {
                "name": "Vân Vân",
                "date": "Đã tham gia 2 năm",
                "reviewCount": "13 Đánh giá",
                "likedCount": "0 Lượt cảm ơn"
            },
            "review": {
                "rating": 4,
                "title": "Hài lòng",
                "content": ""
            }
        },
        {
            "reviewer": {
                "name": "Nguyễn Văn Kha",
                "date": "Đã tham gia 7 năm",
                "reviewCount": "17 Đánh giá",
                "likedCount": "0 Lượt cảm ơn"
            },
            "review": {
                "rating": 4,
                "title": "Hài lòng",
                "content": ""
            }
        },
        {
            "reviewer": {
                "name": "Nguyễn Cao Lượng",
                "date": "Đã tham gia 9 năm",
                "reviewCount": "7 Đánh giá",
                "likedCount": "0 Lượt cảm ơn"
            },
            "review": {
                "rating": 4,
                "title": "Hài lòng",
                "content": ""
            }
        },
        {
            "reviewer": {
                "name": "Z Son",
                "date": "Đã tham gia 4 năm",
                "reviewCount": "8 Đánh giá",
                "likedCount": "0 Lượt cảm ơn"
            },
            "review": {
                "rating": 4,
                "title": "Hài lòng",
                "content": ""
            }
        }
    ]
}