{
    "url": "https://tiki.vn/chien-quoc-sach-nguyen-hien-le-p6926841.html?spid=6926843",
    "info": {
        "title": "Chiến Quốc Sách - Nguyễn Hiến Lê",
        "author": "Nguyễn Hiến Lê",
        "imageUrl": "https://salt.tikicdn.com/cache/750x750/ts/product/55/08/0d/f075233a9cc444e85ce125e403f15537.png.webp",
        "soldQuantity": 900,
        "currentPrice": 139000,
        "originalPrice": 204000
    },
    "details": {
        "bookVersion": "Phiên bản thường",
        "publisher": "KNBooks",
        "dimensions": "16 x 24 cm",
        "coverType": "Bìa mềm",
        "pageCount": "503",
        "publishingHouse": "Nhà Xuất Bản Hồng Đức"
    },
    "description": "Chiến Quốc Sách – Nguyễn Hiến Lê\nChiến Quốc Sách là cuốn cổ sử Trung Quốc viết về lịch sử thời Chiến Quốc. Qua thời Chiến Quốc, số chư hầu giảm xuống còn trên một chục: Tề, Tần, Sở, Triệu, Ngụy, Hà nhưng chỉ có bảy nước lớn tranh hùng với nhau, tức: Tần, Tề, Sở, Hàn, Ngụy, Triệu, Yên. Trong số thất hùng, mạnh nhất là Tần, Sở, Tề vì đất đai đã rộng mà tài nguyên lại nhiều.\nCác nước đó tổ chức những liên minh để đánh lẫn nhau. Có hai kế hoạch liên minh lớn nhất là kế hoạch \"hợp tung\" của Tô Tần và kế hoạch \"liên hoành\" của Trương Nghi. Tung có nghĩa là đường dọc mà hoành có nghĩa là đường ngang. Các nước từ Bắc tới Nam, tức từ Yên đến Sở liên hợp với nhau thành một cái trục dọc để chống lại Tần, cho nên gọi là hợp tung. Để chống lại thế đó, Trương Nghi thuyết phục một số nước ở phía đông Tần cắt đầu cầu hoà với Tần thành một trục ngang để đánh các nước kia, cho nên gọi là liên hoành. Tới cuối thời chiến quốc, rốt cuộc các mâu thuẫn lần lần tập trung tại thành mâu thuẫn giữa Tần và sáu nước: Hàn, Ngụy, Triệu, Yên, Tề, Sở.\nCàng gần tới mãn cục thì chiến tranh càng khốc liệt mà tình cảnh càng bi đát: có nước bắt lính tới một phần năm dân số, ông già bảy chục tuổi cũng phải tòng quân, có nước thu thuế của dân tới hai phần ba huê lợi mới đủ nuôi quan đội. Trong khi đó, các chính khách, các nhà du thuyết bôn tẩu không ngớt từ nước này qua nước khác, tấp nập trên đường, xe ngựa nối  nhau, tán lọng chạm nhau, vàng bạc châu báu tuôn ra để mua chuộc nhau, ly tán nhau, phản gián nhau.\nThời đó là thời \"đánh nhau để tranh đất, giết người đầy đồng; đánh nhau để tranh thành, giết người tranh đất, giết người đầy đồng; bực thánh vương nào ra đời; các vua chư hầu thì phóng túng, bọn xử sĩ thì bàn ngang luận càn\", thời \"không duy uy quyền thì không đứng được, không dùng thế lực thì không thi hành được chính trị\".\nSở dĩ có cảnh loạn lạc đó, là vì xã hội Trung Hoa đương biến chuyển mạnh về phương diện chính trị, văn hoá, kinh tế.\nCái thế ở đầu đời Chu chỉ tạm vững khi nhà Chu còn mạnh. Khi nhà Chu bắt đầu suy, dời đô qua phía đông thì các nước chư hầu tất tranh giành nhau, vua Chu can thiệp, ngăn cản không được, do đó có nước thì mạnh lên, có nước thì suy đi. Một nước mà suy thì tất có một bọn quí tộc mất địa vị. Muốn phục hồi địa vị, họ phải dùng những người tài giỏi về chính trị, quân sự, kinh tế, trong mọi giới, cả trong giới bình quân. Nhờ vậy mà bọn giai cấp sĩ phu, lần lần tránh được quyền hành của bọn quí tộc\nGiá sản phẩm trên Tiki đã bao gồm thuế theo luật hiện hành. Bên cạnh đó, tuỳ vào loại sản phẩm, hình thức và địa chỉ giao hàng mà có thể phát sinh thêm chi phí khác như phí vận chuyển, phụ phí hàng cồng kềnh, thuế nhập khẩu (đối với đơn hàng giao từ nước ngoài có giá trị trên 1 triệu đồng).....",
    "rating": {
        "totalRating": 4.7,
        "numberOfRating": 98
    },
    "reviews": [
        {
            "reviewer": {
                "name": "Võ Thị Thu Hiền",
                "date": "Đã tham gia 11 năm",
                "reviewCount": "88 Đánh giá",
                "likedCount": "12 Lượt cảm ơn"
            },
            "review": {
                "rating": 5,
                "title": "Cực kì hài lòng",
                "content": "Nguyễn Hiến Lê: \"Chỉ nhờ mỗi câu nói của Mẹ tôi: 'Con nhà Nho không lẽ không đọc được gia phả bên nội bên ngoại.' khi nói với tôi như vậy, Người chỉ nghĩ đến công của tổ tiên, có ngờ đâu rằng, đã vô tình vạch cho tôi một hướng đi, tìm cho tôi một lẽ sống, tạo cho tôi một cuộc đời ý nghĩa.\""
            }
        },
        {
            "reviewer": {
                "name": "Tu Minh",
                "date": "Đã tham gia 7 năm",
                "reviewCount": "46 Đánh giá",
                "likedCount": "4 Lượt cảm ơn"
            },
            "review": {
                "rating": 5,
                "title": "Cực kì hài lòng",
                "content": "Quyển sách này giá trị văn học cao, những câu chuyện trong sách là những bài học về đối nhân, xử thế."
            }
        },
        {
            "reviewer": {
                "name": "Trịnh Phương Thảo",
                "date": "Đã tham gia 6 năm",
                "reviewCount": "87 Đánh giá",
                "likedCount": "17 Lượt cảm ơn"
            },
            "review": {
                "rating": 1,
                "title": "Sách đẹp chất lượng",
                "content": "Mình đang đọc Thế cục Quỷ Cốc Tử nên muốn tìm hiểu thêm về thời chiến quốc thì thấy cuốn này nên mua luôn để ngâm cứu dần. Sách mới rất đẹp, dày dặn, in rõ nét ạ."
            }
        },
        {
            "reviewer": {
                "name": "Từ Ân",
                "date": "Đã tham gia 8 năm",
                "reviewCount": "49 Đánh giá",
                "likedCount": "34 Lượt cảm ơn"
            },
            "review": {
                "rating": 5,
                "title": "Cực kì hài lòng",
                "content": "Sản phẩm  chất lượng, đóng gói chắc chắn, kĩ càng nên em cực kì ưng, giao đầy đủ hàng như em đã đặt ❤️?! Ship hàng nhanh!"
            }
        },
        {
            "reviewer": {
                "name": "Lương Trần",
                "date": "Đã tham gia 11 năm",
                "reviewCount": "22 Đánh giá",
                "likedCount": "0 Lượt cảm ơn"
            },
            "review": {
                "rating": 5,
                "title": "Cực kì hài lòng",
                "content": "mình mua cuốn này được bọc sách, hình thức sách mới đẹp, nguyên vẹn"
            }
        },
        {
            "reviewer": {
                "name": "Nhi Do",
                "date": "Đã tham gia 3 năm",
                "reviewCount": "12 Đánh giá",
                "likedCount": "0 Lượt cảm ơn"
            },
            "review": {
                "rating": 5,
                "title": "Cực kì hài lòng",
                "content": ""
            }
        },
        {
            "reviewer": {
                "name": "Phạm Hùng Sơn",
                "date": "Đã tham gia 5 năm",
                "reviewCount": "281 Đánh giá",
                "likedCount": "34 Lượt cảm ơn"
            },
            "review": {
                "rating": 5,
                "title": "Cực kì hài lòng",
                "content": "TUYỆT HAY 👍"
            }
        },
        {
            "reviewer": {
                "name": "Lê hoàng minh",
                "date": "Đã tham gia 6 năm",
                "reviewCount": "44 Đánh giá",
                "likedCount": "0 Lượt cảm ơn"
            },
            "review": {
                "rating": 5,
                "title": "Cực kì hài lòng",
                "content": "HỘP HƠI MỐP MÉO NHƯNG RẤT MAY SÁCH VẪN CÒN NGUYÊN VẸN"
            }
        },
        {
            "reviewer": {
                "name": "Nguyễn Thị Vui",
                "date": "Đã tham gia 5 năm",
                "reviewCount": "56 Đánh giá",
                "likedCount": "2 Lượt cảm ơn"
            },
            "review": {
                "rating": 5,
                "title": "Cực kì hài lòng",
                "content": ""
            }
        },
        {
            "reviewer": {
                "name": "Đoàn Triệu NGuyên",
                "date": "Đã tham gia 6 năm",
                "reviewCount": "16 Đánh giá",
                "likedCount": "1 Lượt cảm ơn"
            },
            "review": {
                "rating": 5,
                "title": "Cực kì hài lòng",
                "content": "Quá ok"
            }
        },
        {
            "reviewer": {
                "name": "Huu Tin",
                "date": "Đã tham gia 11 năm",
                "reviewCount": "14 Đánh giá",
                "likedCount": "0 Lượt cảm ơn"
            },
            "review": {
                "rating": 5,
                "title": "Cực kì hài lòng",
                "content": ""
            }
        },
        {
            "reviewer": {
                "name": "huỳnh ngọc linh",
                "date": "Đã tham gia 5 năm",
                "reviewCount": "3 Đánh giá",
                "likedCount": "0 Lượt cảm ơn"
            },
            "review": {
                "rating": 5,
                "title": "Cực kì hài lòng",
                "content": ""
            }
        },
        {
            "reviewer": {
                "name": "Nguyễn Thắng",
                "date": "Đã tham gia 11 năm",
                "reviewCount": "121 Đánh giá",
                "likedCount": "42 Lượt cảm ơn"
            },
            "review": {
                "rating": 1,
                "title": "đẹp",
                "content": "mua cả combo,  thời chiến quốc loạn lạc thất hùng nhưng cũng phân hóa xã hội Trung Quốc,  để lại nhiều bài học kinh nghiệm quý báu."
            }
        },
        {
            "reviewer": {
                "name": "Nguyễn Bình Nguyên",
                "date": "Đã tham gia 10 năm",
                "reviewCount": "69 Đánh giá",
                "likedCount": "1 Lượt cảm ơn"
            },
            "review": {
                "rating": 5,
                "title": "Cực kì hài lòng",
                "content": ""
            }
        },
        {
            "reviewer": {
                "name": "Lan Hương",
                "date": "Đã tham gia 6 năm",
                "reviewCount": "28 Đánh giá",
                "likedCount": "1 Lượt cảm ơn"
            },
            "review": {
                "rating": 5,
                "title": "Cực kì hài lòng",
                "content": "sách hơi bị bẩn một chút, còn giá trị quyển sách mang lại thì rất hay"
            }
        },
        {
            "reviewer": {
                "name": "Nguyễn Trần Gia Huy",
                "date": "Đã tham gia 5 năm",
                "reviewCount": "39 Đánh giá",
                "likedCount": "3 Lượt cảm ơn"
            },
            "review": {
                "rating": 5,
                "title": "Cực kì hài lòng",
                "content": "Hay, tác giả dịch rất sát nghĩa, nội dung cung cấp kiến thức rất đầy đủ"
            }
        },
        {
            "reviewer": {
                "name": "Tô Tần",
                "date": "Đã tham gia 6 năm",
                "reviewCount": "80 Đánh giá",
                "likedCount": "4 Lượt cảm ơn"
            },
            "review": {
                "rating": 5,
                "title": "Cực kì hài lòng",
                "content": "tác phẩm bất hủ đọc vào mở mang tầm mắt khá nhiều"
            }
        },
        {
            "reviewer": {
                "name": "Nguyễn Thanh Phong",
                "date": "Đã tham gia 7 năm",
                "reviewCount": "8 Đánh giá",
                "likedCount": "82 Lượt cảm ơn"
            },
            "review": {
                "rating": 5,
                "title": "Cực kì hài lòng",
                "content": "Sách hay, thông tin bổ ích"
            }
        },
        {
            "reviewer": {
                "name": "trương thành đạt",
                "date": "Đã tham gia 5 năm",
                "reviewCount": "8 Đánh giá",
                "likedCount": "0 Lượt cảm ơn"
            },
            "review": {
                "rating": 5,
                "title": "Cực kì hài lòng",
                "content": "sách được bao bọc rất kỹ càng. 5 sao hơi ích đấy😆😆"
            }
        },
        {
            "reviewer": {
                "name": "Nguyễn Duy Toàn",
                "date": "Đã tham gia 12 năm",
                "reviewCount": "67 Đánh giá",
                "likedCount": "13 Lượt cảm ơn"
            },
            "review": {
                "rating": 5,
                "title": "Cực kì hài lòng",
                "content": "Sản phẩm giao nhanh"
            }
        },
        {
            "reviewer": {
                "name": "Apple User",
                "date": "Đã tham gia 2 năm",
                "reviewCount": "32 Đánh giá",
                "likedCount": "0 Lượt cảm ơn"
            },
            "review": {
                "rating": 5,
                "title": "Cực kì hài lòng",
                "content": ""
            }
        },
        {
            "reviewer": {
                "name": "Vũ Thắng",
                "date": "Đã tham gia 5 năm",
                "reviewCount": "297 Đánh giá",
                "likedCount": "8 Lượt cảm ơn"
            },
            "review": {
                "rating": 5,
                "title": "Cực kì hài lòng",
                "content": ""
            }
        },
        {
            "reviewer": {
                "name": "Do Huynh Son",
                "date": "Đã tham gia 6 năm",
                "reviewCount": "98 Đánh giá",
                "likedCount": "0 Lượt cảm ơn"
            },
            "review": {
                "rating": 5,
                "title": "Cực kì hài lòng",
                "content": ""
            }
        },
        {
            "reviewer": {
                "name": "Ngọc Oanh Lê Thị",
                "date": "Đã tham gia 3 năm",
                "reviewCount": "17 Đánh giá",
                "likedCount": "0 Lượt cảm ơn"
            },
            "review": {
                "rating": 5,
                "title": "Cực kì hài lòng",
                "content": ""
            }
        },
        {
            "reviewer": {
                "name": "Võ Duy",
                "date": "Đã tham gia 5 năm",
                "reviewCount": "15 Đánh giá",
                "likedCount": "0 Lượt cảm ơn"
            },
            "review": {
                "rating": 5,
                "title": "Cực kì hài lòng",
                "content": ""
            }
        },
        {
            "reviewer": {
                "name": "Thanh Tâm",
                "date": "Đã tham gia 11 năm",
                "reviewCount": "39 Đánh giá",
                "likedCount": "7 Lượt cảm ơn"
            },
            "review": {
                "rating": 5,
                "title": "Cực kì hài lòng",
                "content": ""
            }
        },
        {
            "reviewer": {
                "name": "Thành Công",
                "date": "Đã tham gia 4 năm",
                "reviewCount": "7 Đánh giá",
                "likedCount": "1 Lượt cảm ơn"
            },
            "review": {
                "rating": 5,
                "title": "Cực kì hài lòng",
                "content": "Sách hay"
            }
        },
        {
            "reviewer": {
                "name": "phạm thắng",
                "date": "Đã tham gia 3 năm",
                "reviewCount": "24 Đánh giá",
                "likedCount": "0 Lượt cảm ơn"
            },
            "review": {
                "rating": 5,
                "title": "Cực kì hài lòng",
                "content": "sách đẹp"
            }
        },
        {
            "reviewer": {
                "name": "Hoàng Long",
                "date": "Đã tham gia 3 năm",
                "reviewCount": "20 Đánh giá",
                "likedCount": "0 Lượt cảm ơn"
            },
            "review": {
                "rating": 5,
                "title": "Cực kì hài lòng",
                "content": ""
            }
        },
        {
            "reviewer": {
                "name": "Lê Thị Thảo My",
                "date": "Đã tham gia 9 năm",
                "reviewCount": "362 Đánh giá",
                "likedCount": "3 Lượt cảm ơn"
            },
            "review": {
                "rating": 5,
                "title": "Cực kì hài lòng",
                "content": ""
            }
        },
        {
            "reviewer": {
                "name": "Sơn Vệ",
                "date": "Đã tham gia 6 năm",
                "reviewCount": "7 Đánh giá",
                "likedCount": "3 Lượt cảm ơn"
            },
            "review": {
                "rating": 1,
                "title": "Dịch vụ và sản phẩm tốt.",
                "content": "Sách tốt, đóng gói cẩn thận, giao hàng nhanh. Cho 5*"
            }
        },
        {
            "reviewer": {
                "name": "Nguyễn Tất Đạt",
                "date": "Đã tham gia 10 năm",
                "reviewCount": "354 Đánh giá",
                "likedCount": "3 Lượt cảm ơn"
            },
            "review": {
                "rating": 5,
                "title": "Cực kì hài lòng",
                "content": ""
            }
        },
        {
            "reviewer": {
                "name": "Nguyễn Ngọc Hùng",
                "date": "Đã tham gia 6 năm",
                "reviewCount": "21 Đánh giá",
                "likedCount": "0 Lượt cảm ơn"
            },
            "review": {
                "rating": 5,
                "title": "Cực kì hài lòng",
                "content": ""
            }
        },
        {
            "reviewer": {
                "name": "Phan van yen",
                "date": "Đã tham gia 3 năm",
                "reviewCount": "7 Đánh giá",
                "likedCount": "0 Lượt cảm ơn"
            },
            "review": {
                "rating": 5,
                "title": "Cực kì hài lòng",
                "content": ""
            }
        },
        {
            "reviewer": {
                "name": "Nguyễn Quốc Đạt",
                "date": "Đã tham gia 10 năm",
                "reviewCount": "14 Đánh giá",
                "likedCount": "0 Lượt cảm ơn"
            },
            "review": {
                "rating": 5,
                "title": "Cực kì hài lòng",
                "content": "Hay"
            }
        },
        {
            "reviewer": {
                "name": "Đoàn Thanh Bình",
                "date": "Đã tham gia 11 năm",
                "reviewCount": "309 Đánh giá",
                "likedCount": "7 Lượt cảm ơn"
            },
            "review": {
                "rating": 5,
                "title": "Cực kì hài lòng",
                "content": ""
            }
        },
        {
            "reviewer": {
                "name": "huy nhường",
                "date": "Đã tham gia 3 năm",
                "reviewCount": "1 Đánh giá",
                "likedCount": "0 Lượt cảm ơn"
            },
            "review": {
                "rating": 5,
                "title": "Cực kì hài lòng",
                "content": ""
            }
        },
        {
            "reviewer": {
                "name": "Tường Vân",
                "date": "Đã tham gia 9 năm",
                "reviewCount": "65 Đánh giá",
                "likedCount": "1 Lượt cảm ơn"
            },
            "review": {
                "rating": 5,
                "title": "Cực kì hài lòng",
                "content": "Sách có vài lỗi đánh máy."
            }
        },
        {
            "reviewer": {
                "name": "Hung Sanh Lam",
                "date": "Đã tham gia 7 năm",
                "reviewCount": "498 Đánh giá",
                "likedCount": "40 Lượt cảm ơn"
            },
            "review": {
                "rating": 5,
                "title": "Cực kì hài lòng",
                "content": ""
            }
        },
        {
            "reviewer": {
                "name": "Đức Châu",
                "date": "Đã tham gia 8 năm",
                "reviewCount": "122 Đánh giá",
                "likedCount": "29 Lượt cảm ơn"
            },
            "review": {
                "rating": 5,
                "title": "Cực kì hài lòng",
                "content": ""
            }
        },
        {
            "reviewer": {
                "name": "郑英州",
                "date": "Đã tham gia 9 năm",
                "reviewCount": "104 Đánh giá",
                "likedCount": "7 Lượt cảm ơn"
            },
            "review": {
                "rating": 5,
                "title": "Cực kì hài lòng",
                "content": ""
            }
        },
        {
            "reviewer": {
                "name": "Đinh Hồng Đức",
                "date": "Đã tham gia 9 năm",
                "reviewCount": "42 Đánh giá",
                "likedCount": "26 Lượt cảm ơn"
            },
            "review": {
                "rating": 5,
                "title": "Cực kì hài lòng",
                "content": ""
            }
        },
        {
            "reviewer": {
                "name": "Ngọc Yến",
                "date": "Đã tham gia 6 năm",
                "reviewCount": "35 Đánh giá",
                "likedCount": "1 Lượt cảm ơn"
            },
            "review": {
                "rating": 5,
                "title": "Cực kì hài lòng",
                "content": ""
            }
        },
        {
            "reviewer": {
                "name": "Đỗ Đệ",
                "date": "Đã tham gia 6 năm",
                "reviewCount": "12 Đánh giá",
                "likedCount": "0 Lượt cảm ơn"
            },
            "review": {
                "rating": 5,
                "title": "Cực kì hài lòng",
                "content": ""
            }
        },
        {
            "reviewer": {
                "name": "Đoàn Trường Sơn",
                "date": "Đã tham gia 5 năm",
                "reviewCount": "24 Đánh giá",
                "likedCount": "0 Lượt cảm ơn"
            },
            "review": {
                "rating": 5,
                "title": "Cực kì hài lòng",
                "content": ""
            }
        },
        {
            "reviewer": {
                "name": "Châu Nguyễn",
                "date": "Đã tham gia 4 năm",
                "reviewCount": "25 Đánh giá",
                "likedCount": "0 Lượt cảm ơn"
            },
            "review": {
                "rating": 5,
                "title": "Cực kì hài lòng",
                "content": ""
            }
        },
        {
            "reviewer": {
                "name": "Vinh Pham Tran",
                "date": "Đã tham gia 6 năm",
                "reviewCount": "18 Đánh giá",
                "likedCount": "1 Lượt cảm ơn"
            },
            "review": {
                "rating": 5,
                "title": "Cực kì hài lòng",
                "content": ""
            }
        },
        {
            "reviewer": {
                "name": "Trần Thu Thủy",
                "date": "Đã tham gia 4 năm",
                "reviewCount": "45 Đánh giá",
                "likedCount": "1 Lượt cảm ơn"
            },
            "review": {
                "rating": 5,
                "title": "Cực kì hài lòng",
                "content": ""
            }
        },
        {
            "reviewer": {
                "name": "Ngọc Thắng",
                "date": "Đã tham gia 6 năm",
                "reviewCount": "6 Đánh giá",
                "likedCount": "0 Lượt cảm ơn"
            },
            "review": {
                "rating": 5,
                "title": "Cực kì hài lòng",
                "content": ""
            }
        },
        {
            "reviewer": {
                "name": "Nguyen Ngoc Linh",
                "date": "Đã tham gia 8 năm",
                "reviewCount": "109 Đánh giá",
                "likedCount": "11 Lượt cảm ơn"
            },
            "review": {
                "rating": 5,
                "title": "Cực kì hài lòng",
                "content": ""
            }
        },
        {
            "reviewer": {
                "name": "Thu Thuy",
                "date": "Đã tham gia 13 năm",
                "reviewCount": "93 Đánh giá",
                "likedCount": "4 Lượt cảm ơn"
            },
            "review": {
                "rating": 5,
                "title": "Cực kì hài lòng",
                "content": ""
            }
        },
        {
            "reviewer": {
                "name": "Nguyên Hạnh Phạm",
                "date": "Đã tham gia 8 năm",
                "reviewCount": "48 Đánh giá",
                "likedCount": "0 Lượt cảm ơn"
            },
            "review": {
                "rating": 5,
                "title": "Cực kì hài lòng",
                "content": ""
            }
        },
        {
            "reviewer": {
                "name": "Lưu Đình Sang",
                "date": "Đã tham gia 7 năm",
                "reviewCount": "41 Đánh giá",
                "likedCount": "2 Lượt cảm ơn"
            },
            "review": {
                "rating": 5,
                "title": "Cực kì hài lòng",
                "content": ""
            }
        },
        {
            "reviewer": {
                "name": "Lê Thị Ngọc Minh",
                "date": "Đã tham gia 12 năm",
                "reviewCount": "18 Đánh giá",
                "likedCount": "1 Lượt cảm ơn"
            },
            "review": {
                "rating": 5,
                "title": "Cực kì hài lòng",
                "content": ""
            }
        },
        {
            "reviewer": {
                "name": "Pham Giang",
                "date": "Đã tham gia 10 năm",
                "reviewCount": "398 Đánh giá",
                "likedCount": "1 Lượt cảm ơn"
            },
            "review": {
                "rating": 5,
                "title": "Cực kì hài lòng",
                "content": ""
            }
        },
        {
            "reviewer": {
                "name": "Thịnh Trần",
                "date": "Đã tham gia 6 năm",
                "reviewCount": "184 Đánh giá",
                "likedCount": "17 Lượt cảm ơn"
            },
            "review": {
                "rating": 5,
                "title": "Cực kì hài lòng",
                "content": ""
            }
        },
        {
            "reviewer": {
                "name": "Trần Hồng Nhật",
                "date": "Đã tham gia 4 năm",
                "reviewCount": "3 Đánh giá",
                "likedCount": "0 Lượt cảm ơn"
            },
            "review": {
                "rating": 5,
                "title": "Cực kì hài lòng",
                "content": ""
            }
        },
        {
            "reviewer": {
                "name": "Hoàng Hải",
                "date": "Đã tham gia 6 năm",
                "reviewCount": "2 Đánh giá",
                "likedCount": "0 Lượt cảm ơn"
            },
            "review": {
                "rating": 5,
                "title": "Cực kì hài lòng",
                "content": ""
            }
        },
        {
            "reviewer": {
                "name": "Đỗ Tuấn Xâm",
                "date": "Đã tham gia 7 năm",
                "reviewCount": "109 Đánh giá",
                "likedCount": "9 Lượt cảm ơn"
            },
            "review": {
                "rating": 5,
                "title": "Cực kì hài lòng",
                "content": ""
            }
        },
        {
            "reviewer": {
                "name": "Khoa Mai",
                "date": "Đã tham gia 6 năm",
                "reviewCount": "16 Đánh giá",
                "likedCount": "2 Lượt cảm ơn"
            },
            "review": {
                "rating": 5,
                "title": "Cực kì hài lòng",
                "content": ""
            }
        },
        {
            "reviewer": {
                "name": "Đình Tuấn Nguyễn",
                "date": "Đã tham gia 7 năm",
                "reviewCount": "69 Đánh giá",
                "likedCount": "22 Lượt cảm ơn"
            },
            "review": {
                "rating": 5,
                "title": "Cực kì hài lòng",
                "content": ""
            }
        },
        {
            "reviewer": {
                "name": "Kim Trang Lý",
                "date": "Đã tham gia 6 năm",
                "reviewCount": "53 Đánh giá",
                "likedCount": "1 Lượt cảm ơn"
            },
            "review": {
                "rating": 5,
                "title": "Cực kì hài lòng",
                "content": ""
            }
        },
        {
            "reviewer": {
                "name": "Mai Ngọc",
                "date": "Đã tham gia 6 năm",
                "reviewCount": "16 Đánh giá",
                "likedCount": "0 Lượt cảm ơn"
            },
            "review": {
                "rating": 5,
                "title": "Cực kì hài lòng",
                "content": ""
            }
        },
        {
            "reviewer": {
                "name": "Lý  Tiểu Long",
                "date": "Đã tham gia 10 năm",
                "reviewCount": "33 Đánh giá",
                "likedCount": "3 Lượt cảm ơn"
            },
            "review": {
                "rating": 5,
                "title": "Cực kì hài lòng",
                "content": ""
            }
        },
        {
            "reviewer": {
                "name": "Hoàng Hà",
                "date": "Đã tham gia 6 năm",
                "reviewCount": "16 Đánh giá",
                "likedCount": "0 Lượt cảm ơn"
            },
            "review": {
                "rating": 5,
                "title": "Cực kì hài lòng",
                "content": ""
            }
        },
        {
            "reviewer": {
                "name": "Thục Võ Đoàn Tiểu",
                "date": "Đã tham gia 7 năm",
                "reviewCount": "8 Đánh giá",
                "likedCount": "0 Lượt cảm ơn"
            },
            "review": {
                "rating": 5,
                "title": "Cực kì hài lòng",
                "content": ""
            }
        },
        {
            "reviewer": {
                "name": "Lưu Thanh Huyền",
                "date": "Đã tham gia 5 năm",
                "reviewCount": "105 Đánh giá",
                "likedCount": "0 Lượt cảm ơn"
            },
            "review": {
                "rating": 5,
                "title": "Cực kì hài lòng",
                "content": "hay"
            }
        },
        {
            "reviewer": {
                "name": "Nguyễn Thị Minh Trâm",
                "date": "Đã tham gia 7 năm",
                "reviewCount": "10 Đánh giá",
                "likedCount": "0 Lượt cảm ơn"
            },
            "review": {
                "rating": 5,
                "title": "Cực kì hài lòng",
                "content": ""
            }
        },
        {
            "reviewer": {
                "name": "QUOC SU",
                "date": "Đã tham gia 8 năm",
                "reviewCount": "56 Đánh giá",
                "likedCount": "1 Lượt cảm ơn"
            },
            "review": {
                "rating": 5,
                "title": "Cực kì hài lòng",
                "content": ""
            }
        },
        {
            "reviewer": {
                "name": "Minh Hieu Nguyen",
                "date": "Đã tham gia 7 năm",
                "reviewCount": "293 Đánh giá",
                "likedCount": "19 Lượt cảm ơn"
            },
            "review": {
                "rating": 5,
                "title": "Cực kì hài lòng",
                "content": ""
            }
        },
        {
            "reviewer": {
                "name": "Phạm Trần Nhật Quang",
                "date": "Đã tham gia 7 năm",
                "reviewCount": "9 Đánh giá",
                "likedCount": "0 Lượt cảm ơn"
            },
            "review": {
                "rating": 5,
                "title": "Cực kì hài lòng",
                "content": ""
            }
        },
        {
            "reviewer": {
                "name": "Tạ Thái Sơn",
                "date": "Đã tham gia 6 năm",
                "reviewCount": "6 Đánh giá",
                "likedCount": "0 Lượt cảm ơn"
            },
            "review": {
                "rating": 5,
                "title": "Cực kì hài lòng",
                "content": ""
            }
        },
        {
            "reviewer": {
                "name": "Tran Ngoc Huy",
                "date": "Đã tham gia 10 năm",
                "reviewCount": "42 Đánh giá",
                "likedCount": "10 Lượt cảm ơn"
            },
            "review": {
                "rating": 5,
                "title": "Cực kì hài lòng",
                "content": ""
            }
        },
        {
            "reviewer": {
                "name": "Phạm Lương Tài",
                "date": "Đã tham gia 8 năm",
                "reviewCount": "23 Đánh giá",
                "likedCount": "3 Lượt cảm ơn"
            },
            "review": {
                "rating": 5,
                "title": "Cực kì hài lòng",
                "content": ""
            }
        },
        {
            "reviewer": {
                "name": "Nguyễn Ngọc Nữ",
                "date": "Đã tham gia 13 năm",
                "reviewCount": "266 Đánh giá",
                "likedCount": "39 Lượt cảm ơn"
            },
            "review": {
                "rating": 5,
                "title": "Cực kì hài lòng",
                "content": ""
            }
        },
        {
            "reviewer": {
                "name": "Đỗ Thị Vân",
                "date": "Đã tham gia 5 năm",
                "reviewCount": "26 Đánh giá",
                "likedCount": "4 Lượt cảm ơn"
            },
            "review": {
                "rating": 5,
                "title": "Cực kì hài lòng",
                "content": "Sách đẹp. giá phải chăng, ok"
            }
        },
        {
            "reviewer": {
                "name": "Quế Chi Triệu",
                "date": "Đã tham gia 11 năm",
                "reviewCount": "43 Đánh giá",
                "likedCount": "0 Lượt cảm ơn"
            },
            "review": {
                "rating": 5,
                "title": "Cực kì hài lòng",
                "content": ""
            }
        },
        {
            "reviewer": {
                "name": "TUNG DUY NGUYEN",
                "date": "Đã tham gia 8 năm",
                "reviewCount": "403 Đánh giá",
                "likedCount": "44 Lượt cảm ơn"
            },
            "review": {
                "rating": 5,
                "title": "Cực kì hài lòng",
                "content": ""
            }
        },
        {
            "reviewer": {
                "name": "Duy Nguyễn",
                "date": "Đã tham gia 5 năm",
                "reviewCount": "17 Đánh giá",
                "likedCount": "1 Lượt cảm ơn"
            },
            "review": {
                "rating": 5,
                "title": "Cực kì hài lòng",
                "content": ""
            }
        },
        {
            "reviewer": {
                "name": "Tan Huynh",
                "date": "Đã tham gia 6 năm",
                "reviewCount": "18 Đánh giá",
                "likedCount": "1 Lượt cảm ơn"
            },
            "review": {
                "rating": 5,
                "title": "Cực kì hài lòng",
                "content": ""
            }
        },
        {
            "reviewer": {
                "name": "Nguyen Vinh Minh",
                "date": "Đã tham gia 8 năm",
                "reviewCount": "7 Đánh giá",
                "likedCount": "1 Lượt cảm ơn"
            },
            "review": {
                "rating": 5,
                "title": "Cực kì hài lòng",
                "content": ""
            }
        },
        {
            "reviewer": {
                "name": "Thanh Nguyen Nguyen",
                "date": "Đã tham gia 6 năm",
                "reviewCount": "10 Đánh giá",
                "likedCount": "3 Lượt cảm ơn"
            },
            "review": {
                "rating": 5,
                "title": "Cực kì hài lòng",
                "content": ""
            }
        },
        {
            "reviewer": {
                "name": "vũ Bảo",
                "date": "Đã tham gia 3 năm",
                "reviewCount": "43 Đánh giá",
                "likedCount": "8 Lượt cảm ơn"
            },
            "review": {
                "rating": 1,
                "title": "Rất không hài lòng",
                "content": "Tiki tự ý khóa tài khoản của khách hàng mà không thông báo lý do, điện thoại hỏi tổng đài thì nhân viên nói sẽ báo với các bộ phận liên quan để giải quyết. Đến nay 05 ngày rồi vấn đề của tôi vẫn chưa được giải quyết, tôi sẽ đánh giá 1* cho các đơn của Tiki Trading để phản đối cho sự mất uy tín này."
            }
        },
        {
            "reviewer": {
                "name": "Cao Điền Tâm",
                "date": "Đã tham gia 4 năm",
                "reviewCount": "188 Đánh giá",
                "likedCount": "38 Lượt cảm ơn"
            },
            "review": {
                "rating": 3,
                "title": "Bình thường",
                "content": "Mua về xem nội dung mới thấy hơi thất vọng , bởi không nằm ngoài cuốn đông chu liệt quốc.\nXin hỏi tiki có cho đổi lại không ,hay mua cuốn sách khác không, mong tiki phản hồi giúp."
            }
        },
        {
            "reviewer": {
                "name": "Giang Nguyễn",
                "date": "Đã tham gia 3 năm",
                "reviewCount": "7 Đánh giá",
                "likedCount": "2 Lượt cảm ơn"
            },
            "review": {
                "rating": 1,
                "title": "Rất không hài lòng",
                "content": "sách in ngược ah? bìa nhìn cũ nữa chứ"
            }
        },
        {
            "reviewer": {
                "name": "Nguyen Minh Khoa",
                "date": "Đã tham gia 7 năm",
                "reviewCount": "99 Đánh giá",
                "likedCount": "30 Lượt cảm ơn"
            },
            "review": {
                "rating": 1,
                "title": "Chữ to quá",
                "content": "Sách làm theo kiểu lấy số trang thì phải, chữ to tổ bố, giãn dòng cũng khủng luôn. Hay là hướng đến nhóm người cao tuổi nhỉ?"
            }
        },
        {
            "reviewer": {
                "name": "Đặng Thành Toàn",
                "date": "Đã tham gia 11 năm",
                "reviewCount": "101 Đánh giá",
                "likedCount": "9 Lượt cảm ơn"
            },
            "review": {
                "rating": 1,
                "title": "Sách hay với nhiều bài học",
                "content": "Về nội dung không có gì bàn cãi nữa. Mình chỉ có góp ý nhỏ xíu là giấy nên dùng loại màu vàng hay cũ cũ tí như vậy sẽ hợp với nội dung tạo cảm giác cho người đọc “ sự hoài cổ “"
            }
        },
        {
            "reviewer": {
                "name": "Trần Cảnh",
                "date": "Đã tham gia 10 năm",
                "reviewCount": "177 Đánh giá",
                "likedCount": "26 Lượt cảm ơn"
            },
            "review": {
                "rating": 3,
                "title": "Bình thường",
                "content": "Gáy sách ép nhiều keo quá nên nhìn nó hơi khó chịu....mình lười chụp quá mọi người thông cảm"
            }
        },
        {
            "reviewer": {
                "name": "Nguyễn Đạt",
                "date": "Đã tham gia 6 năm",
                "reviewCount": "37 Đánh giá",
                "likedCount": "0 Lượt cảm ơn"
            },
            "review": {
                "rating": 4,
                "title": "Hài lòng",
                "content": "Sách đẹp, chữ rõ nét và cũng còn vài lỗi nhỏ. Mong cải thiện tốt hơn cho các bạn đọc!"
            }
        },
        {
            "reviewer": {
                "name": "Tài khoản Zalo",
                "date": "Đã tham gia 4 năm",
                "reviewCount": "27 Đánh giá",
                "likedCount": "1 Lượt cảm ơn"
            },
            "review": {
                "rating": 4,
                "title": "Hài lòng",
                "content": ""
            }
        },
        {
            "reviewer": {
                "name": "nguyễn văn lý",
                "date": "Đã tham gia 4 năm",
                "reviewCount": "2 Đánh giá",
                "likedCount": "0 Lượt cảm ơn"
            },
            "review": {
                "rating": 4,
                "title": "Hài lòng",
                "content": ""
            }
        },
        {
            "reviewer": {
                "name": "cường",
                "date": "Đã tham gia 9 năm",
                "reviewCount": "38 Đánh giá",
                "likedCount": "1 Lượt cảm ơn"
            },
            "review": {
                "rating": 4,
                "title": "Hài lòng",
                "content": "sách bẩn. nhiều bụi"
            }
        },
        {
            "reviewer": {
                "name": "phạm thị hồng nhung",
                "date": "Đã tham gia 5 năm",
                "reviewCount": "22 Đánh giá",
                "likedCount": "1 Lượt cảm ơn"
            },
            "review": {
                "rating": 1,
                "title": "Rất không hài lòng",
                "content": "sách vừa nhận xong sách cũ bìa bẩn , đc cái giao hàng nhanh"
            }
        },
        {
            "reviewer": {
                "name": "Yamamoto Kira",
                "date": "Đã tham gia 7 năm",
                "reviewCount": "2 Đánh giá",
                "likedCount": "0 Lượt cảm ơn"
            },
            "review": {
                "rating": 4,
                "title": "Hài lòng",
                "content": ""
            }
        },
        {
            "reviewer": {
                "name": "Giang Thuy",
                "date": "Đã tham gia 6 năm",
                "reviewCount": "9 Đánh giá",
                "likedCount": "0 Lượt cảm ơn"
            },
            "review": {
                "rating": 4,
                "title": "Hài lòng",
                "content": ""
            }
        },
        {
            "reviewer": {
                "name": "Lê Hoài Ngọc",
                "date": "Đã tham gia 6 năm",
                "reviewCount": "13 Đánh giá",
                "likedCount": "9 Lượt cảm ơn"
            },
            "review": {
                "rating": 4,
                "title": "Hài lòng",
                "content": ""
            }
        },
        {
            "reviewer": {
                "name": "Nguyen Ngoc Long",
                "date": "Đã tham gia 9 năm",
                "reviewCount": "12 Đánh giá",
                "likedCount": "3 Lượt cảm ơn"
            },
            "review": {
                "rating": 3,
                "title": "Bình thường",
                "content": ""
            }
        },
        {
            "reviewer": {
                "name": "Duy Trung Kien",
                "date": "Đã tham gia 5 năm",
                "reviewCount": "8 Đánh giá",
                "likedCount": "0 Lượt cảm ơn"
            },
            "review": {
                "rating": 4,
                "title": "Hài lòng",
                "content": ""
            }
        }
    ]
}