{
    "url": "https://tiki.vn/dong-duong-mot-nen-thuoc-dia-nhap-nhang-giai-doan-1858-1954-p196054990.html?spid=196381635",
    "info": {
        "title": "Đông Dương: Một Nền Thuộc Địa Nhập Nhằng, Giai Đoạn 1858 - 1954",
        "author": "nhieu tac gia",
        "imageUrl": "https://salt.tikicdn.com/cache/750x750/ts/product/56/56/88/77a380152c8c2efc566b33bc8d450197.png.webp",
        "soldQuantity": 16,
        "currentPrice": 316000,
        "originalPrice": 439000
    },
    "details": {
        "publisher": "Alpha Books",
        "publishDate": "2022-08-25 00:00:00",
        "coverType": "Bìa mềm",
        "pageCount": "688",
        "publishingHouse": "Nhà Xuất Bản Thế Giới"
    },
    "description": "Đông Dương: Một Nền Thuộc Địa Nhập Nhằng, Giai Đoạn 1858 - 1954\nPháp thuộc là giai đoạn lịch sử quan trọng đối với tương lai của các xã hội trên bán đảo Đông Dương, dù nó chỉ tồn tại trong một thời gian ngắn ngủi. Là trụ cột chính trong hệ thống thuộc địa Pháp, Đông Dương bao gồm Việt Nam, Campuchia và Lào hiện nay. Sau năm 1945, đây là một trong những nơi diễn ra phi thực dân hóa quyết liệt nhất, trước khi lại khơi mào cho xung đột vũ trang của cuộc Chiến tranh Lạnh và cuộc đối đầu giữa thế giới thứ ba với phương Tây.\nDựa trên tư liệu, tác phẩm và các công trình cũ-mới, cuốn sách này đề cập đến những nhập nhằng trong xung đột và trong tiếp xúc giữa thực dân và dân bị trị. Nó đặt vấn đề về quá trình đô hộ của Pháp trên bán đảo, những cấu trúc và vận hành của bộ máy quyền lực cũng như bộ máy khai thác kinh tế, sự rạn nứt của xã hội thuộc địa và các xã hội bị trị, những động lực bất cân xứng của phong trào kháng chiến chống thực dân Pháp, những chủ nghĩa quốc gia và các biến động xã hội trên toàn cõi Đông Dương. Cuối cùng, nó tập trung làm rõ sự phi thực dân hóa và cuộc chiến tranh Đông Dương lần thứ nhất.\nTác phẩm vô song này, được cập nhật đầy đủ kể từ lần xuất bản đầu tiên năm 1994, đã trình bày những kiến giải mới mẻ và đặt nghi vấn lịch sử về một khu vực văn minh vốn có tầm quan trọng không thể đo đếm trong vận mệnh của thế giới.\nGiá sản phẩm trên Tiki đã bao gồm thuế theo luật hiện hành. Bên cạnh đó, tuỳ vào loại sản phẩm, hình thức và địa chỉ giao hàng mà có thể phát sinh thêm chi phí khác như phí vận chuyển, phụ phí hàng cồng kềnh, thuế nhập khẩu (đối với đơn hàng giao từ nước ngoài có giá trị trên 1 triệu đồng).....",
    "rating": {
        "totalRating": 4.0,
        "numberOfRating": 1
    },
    "reviews": [
        {
            "reviewer": {
                "name": "Đặng Hiếu",
                "date": "Đã tham gia 8 năm",
                "reviewCount": "191 Đánh giá",
                "likedCount": "135 Lượt cảm ơn"
            },
            "review": {
                "rating": 4,
                "title": "Hài lòng",
                "content": "Tác phẩm hay về thời Pháp thuộc, chỉ hy vọng không bị kiểm duyệt cắt xén nhiều. Rất tiếc phần dịch vẫn còn trục trặc, khó hiểu, một số chỗ còn tối nghĩa. Đọc lấy ý chung, ý chính thì chấp nhận được."
            }
        }
    ]
}