{
    "url": "https://tiki.vn/hien-phap-my-duoc-lam-ra-nhu-the-nao-ban-rut-gon-p8461472.html?spid=68737063",
    "info": {
        "title": "Hiến Pháp Mỹ Được Làm Ra Như Thế Nào? (Bản Rút Gọn)",
        "author": "Nguyễn Cảnh Bình",
        "imageUrl": "https://salt.tikicdn.com/cache/750x750/ts/product/94/3a/44/53caa0970b655491da92ec8b8e57bfe1.jpg.webp",
        "soldQuantity": 12,
        "currentPrice": 74000,
        "originalPrice": 99000
    },
    "details": {
        "publisher": "Omega Plus",
        "publishDate": "2018-12-01 00:00:00",
        "dimensions": "14 x 20,5 cm",
        "coverType": "Bìa mềm",
        "pageCount": "272",
        "publishingHouse": "Nhà Xuất Bản Thế Giới"
    },
    "description": "Những Người cha lập quốc đã đặt nền tảng cho nhà nước Cộng hòa Mỹ với bản Hiến pháp, thiết lập nên sự phát triển của quốc gia hùng mạnh nhất thế giới ngày nay. Vậy Hiến pháp Mỹ đã được làm ra như thế nào? Nó được làm ra trong những cuộc tranh luận nảy lửa tưởng như không có lối thoát và những mối bất đồng sâu sắc, bởi những bộ óc vĩ đại có một không hai trong lịch sử và bằng một tinh thần mà người ta khó có thể tìm một tính từ nào thay thế ngoài cách gọi - “tinh thần Mỹ”. Đó là sự tôn trọng đặc biệt lẫn nhau, thừa nhận những quan điểm hoàn toàn khác biệt, chấp nhận và cùng thỏa hiệp để đi tới lợi ích chung cuối cùng.\nCuốn sách này là một bản tóm lược đơn giản hơn cho những bạn trẻ và những người muốn tìm hiểu về nước Mỹ và Hiến pháp Mỹ, nhưng không có nhiều thời gian. Cuốn sách lược bỏ những phần không quá quan trọng, chỉ giữ lại những phần cơ bản nhất trong khuôn khổ một cuốn sách mỏng nhưng vẫn đủ để độc giả hiểu về bản chất quá trình xây dựng nhà nước Mỹ.\nẢnh trên bìa là hình các đại biểu đang tranh luận trong Hội nghị Lập hiến tại Philadelphia.\nGiá sản phẩm trên Tiki đã bao gồm thuế theo luật hiện hành. Bên cạnh đó, tuỳ vào loại sản phẩm, hình thức và địa chỉ giao hàng mà có thể phát sinh thêm chi phí khác như phí vận chuyển, phụ phí hàng cồng kềnh, thuế nhập khẩu (đối với đơn hàng giao từ nước ngoài có giá trị trên 1 triệu đồng).....",
    "rating": {
        "totalRating": 5.0,
        "numberOfRating": 2
    },
    "reviews": [
        {
            "reviewer": {
                "name": "Do Huynh Son",
                "date": "Đã tham gia 6 năm",
                "reviewCount": "98 Đánh giá",
                "likedCount": "0 Lượt cảm ơn"
            },
            "review": {
                "rating": 5,
                "title": "Cực kì hài lòng",
                "content": ""
            }
        },
        {
            "reviewer": {
                "name": "Nhật Minh Nguyễn Đinh",
                "date": "Đã tham gia 10 năm",
                "reviewCount": "30 Đánh giá",
                "likedCount": "1 Lượt cảm ơn"
            },
            "review": {
                "rating": 5,
                "title": "Cực kì hài lòng",
                "content": ""
            }
        }
    ]
}