{
    "url": "https://tiki.vn/metropolis-lich-su-phat-trien-do-thi-phat-minh-lon-nhat-cua-loai-nguoi-p230009475.html?spid=230009477",
    "info": {
        "title": "Metropolis (Lịch Sử Phát Triển Đô Thị, Phát Minh Lớn Nhất Của Loài Người)",
        "author": "Ben Wilson",
        "imageUrl": "https://salt.tikicdn.com/cache/750x750/ts/product/b3/8b/e7/12bcb6891e296d9547ca26f3a1069995.jpg.webp",
        "soldQuantity": 263,
        "currentPrice": 329000,
        "originalPrice": 400000
    },
    "details": {
        "bookVersion": "Phiên bản thường",
        "publisher": "Nhã Nam",
        "publishDate": "2023-02-27 00:00:00",
        "dimensions": "15.5 x 24 cm",
        "translator": "Hoàng Đức Long",
        "coverType": "Bìa mềm",
        "pageCount": "622",
        "publishingHouse": "Nhà Xuất Bản Thế Giới"
    },
    "description": "Chúng ta đang chứng kiến cuộc di dân vĩ đại nhất trong lịch sử, đỉnh điểm của một quá trình kéo dài 6.000 năm, một quá trình mà theo đó, đến cuối thế kỷ này, chúng ta sẽ trở thành một chủng loại được đô thị hóa.\nDưới sự dẫn dắt của nhà sử học Ben Wilson, chúng ta sẽ đi vào một hành trình đầy màu sắc xuyên suốt 6.000 năm và 26 thành phố trên thế giới để thấy cuộc sống đô thị đã trở thành động lực và ươm mầm cho những phát kiến vĩ đại nhất của loài người như thế nào.\nTrong suốt thời gian tồn tại của loài người, không có gì đã định hình chúng ta sâu sắc hơn đô thị. Ben Wilson đã kể câu chuyện vĩ đại và huy hoàng về cách mà cuộc sống đô thị cho phép nền văn hóa nhân loại phát triển. Ông cho chúng ta thấy rằng các đô thị không bao giờ là điều cần thiết nhưng một khi chúng tồn tại, mật độ của chúng đã tạo ra sự nở rộ nỗ lực của con người - sẳn xuất các ngành nghề mới, các loại hình nghệ thuật, thờ cúng và thương mại - mà chúng khởi đầu không kém gì nền văn minh.\nSống động, uyên bác và cuốn hút, Metropolis - Lịch sử phát triển đô thị, phát minh lớn nhất của loài người là một chuyến tham quan vĩ đại về thành tựu của con người.\nNhà sử học Ben Wilson sinh năm 1980, là tác giả của cuốn sách bán chạy Empire of the Deep: The Rise and Fall of the British Navy (The Sunday Times bestseller), và cuốn sách What Price Liberty? đoạt giải Somerset Maugham.\nNgoài viết sách, ông còn làm tư vấn cho rất nhiều chương trình lịch sử truyền hình nước Anh.\nGiá sản phẩm trên Tiki đã bao gồm thuế theo luật hiện hành. Bên cạnh đó, tuỳ vào loại sản phẩm, hình thức và địa chỉ giao hàng mà có thể phát sinh thêm chi phí khác như phí vận chuyển, phụ phí hàng cồng kềnh, thuế nhập khẩu (đối với đơn hàng giao từ nước ngoài có giá trị trên 1 triệu đồng).....",
    "rating": {
        "totalRating": 4.9,
        "numberOfRating": 27
    },
    "reviews": [
        {
            "reviewer": {
                "name": "Ken Nguyễn",
                "date": "Đã tham gia 9 năm",
                "reviewCount": "32 Đánh giá",
                "likedCount": "76 Lượt cảm ơn"
            },
            "review": {
                "rating": 5,
                "title": "Cực kì hài lòng",
                "content": "Tiki giao hàng rất nhanh. Mình biết đến sản phẩm này qua giới thiệu từ anh Dương Quốc Chính. Hi vọng nội dung đơn sơ, dễ tiếp thu như mấy cuốn Lược sử triết học hay Lược sử tôn giáo của NXB Thế giới mà Nhã Nam đã từng xuất bản."
            }
        },
        {
            "reviewer": {
                "name": "Đường Tấn Phát",
                "date": "Đã tham gia 4 năm",
                "reviewCount": "5 Đánh giá",
                "likedCount": "0 Lượt cảm ơn"
            },
            "review": {
                "rating": 5,
                "title": "Cực kì hài lòng",
                "content": "Mình mua với giá sale nên sách giao tới có tí xây xát nhẹ. Độ mới cỡ 90%. Có điều giao hàng nhanh mới đặt hồi sáng thì trưa đã có"
            }
        },
        {
            "reviewer": {
                "name": "Trương An Nhien",
                "date": "Đã tham gia 9 năm",
                "reviewCount": "55 Đánh giá",
                "likedCount": "6 Lượt cảm ơn"
            },
            "review": {
                "rating": 5,
                "title": "Cực kì hài lòng",
                "content": "Quyển sách đọc rất thú vị với nhiều thông tin bổ ích. Sách không viết theo kiểu hàn lâm mà đơn giản dễ hiểu"
            }
        },
        {
            "reviewer": {
                "name": "Hai Binh Nguyen",
                "date": "Đã tham gia 5 năm",
                "reviewCount": "273 Đánh giá",
                "likedCount": "6 Lượt cảm ơn"
            },
            "review": {
                "rating": 5,
                "title": "Cực kì hài lòng",
                "content": ""
            }
        },
        {
            "reviewer": {
                "name": "Hân Thường",
                "date": "Đã tham gia 8 năm",
                "reviewCount": "3 Đánh giá",
                "likedCount": "0 Lượt cảm ơn"
            },
            "review": {
                "rating": 5,
                "title": "Cực kì hài lòng",
                "content": "Lập luận tốt, dễ hiểu dễ nắm bắt"
            }
        },
        {
            "reviewer": {
                "name": "Đặng Anh Dũng",
                "date": "Đã tham gia 5 năm",
                "reviewCount": "197 Đánh giá",
                "likedCount": "3 Lượt cảm ơn"
            },
            "review": {
                "rating": 5,
                "title": "Cực kì hài lòng",
                "content": ""
            }
        },
        {
            "reviewer": {
                "name": "Phan Nguyễn Long Đức",
                "date": "Đã tham gia 7 năm",
                "reviewCount": "18 Đánh giá",
                "likedCount": "0 Lượt cảm ơn"
            },
            "review": {
                "rating": 5,
                "title": "Cực kì hài lòng",
                "content": ""
            }
        },
        {
            "reviewer": {
                "name": "Nguyễn Tuấn Anh",
                "date": "Đã tham gia 8 năm",
                "reviewCount": "194 Đánh giá",
                "likedCount": "13 Lượt cảm ơn"
            },
            "review": {
                "rating": 5,
                "title": "Cực kì hài lòng",
                "content": ""
            }
        },
        {
            "reviewer": {
                "name": "Châu Hồ Quốc  Bảo",
                "date": "Đã tham gia 14 năm",
                "reviewCount": "330 Đánh giá",
                "likedCount": "2 Lượt cảm ơn"
            },
            "review": {
                "rating": 5,
                "title": "Cực kì hài lòng",
                "content": ""
            }
        },
        {
            "reviewer": {
                "name": "Nguyễn Tuấn Bình",
                "date": "Đã tham gia 7 năm",
                "reviewCount": "85 Đánh giá",
                "likedCount": "4 Lượt cảm ơn"
            },
            "review": {
                "rating": 5,
                "title": "Cực kì hài lòng",
                "content": ""
            }
        },
        {
            "reviewer": {
                "name": "Nguyễn Văn Đệ",
                "date": "Đã tham gia 11 năm",
                "reviewCount": "128 Đánh giá",
                "likedCount": "5 Lượt cảm ơn"
            },
            "review": {
                "rating": 5,
                "title": "Cực kì hài lòng",
                "content": ""
            }
        },
        {
            "reviewer": {
                "name": "Công Luận Nguyễn",
                "date": "Đã tham gia 6 năm",
                "reviewCount": "9 Đánh giá",
                "likedCount": "0 Lượt cảm ơn"
            },
            "review": {
                "rating": 5,
                "title": "Cực kì hài lòng",
                "content": ""
            }
        },
        {
            "reviewer": {
                "name": "Quang Ngô",
                "date": "Đã tham gia 3 năm",
                "reviewCount": "12 Đánh giá",
                "likedCount": "0 Lượt cảm ơn"
            },
            "review": {
                "rating": 5,
                "title": "Cực kì hài lòng",
                "content": ""
            }
        },
        {
            "reviewer": {
                "name": "Man Mi",
                "date": "Đã tham gia 4 năm",
                "reviewCount": "6 Đánh giá",
                "likedCount": "0 Lượt cảm ơn"
            },
            "review": {
                "rating": 5,
                "title": "Cực kì hài lòng",
                "content": ""
            }
        },
        {
            "reviewer": {
                "name": "chi tran",
                "date": "Đã tham gia 3 năm",
                "reviewCount": "4 Đánh giá",
                "likedCount": "0 Lượt cảm ơn"
            },
            "review": {
                "rating": 5,
                "title": "Cực kì hài lòng",
                "content": ""
            }
        },
        {
            "reviewer": {
                "name": "Nguyen Xuan Phuong",
                "date": "Đã tham gia 6 năm",
                "reviewCount": "60 Đánh giá",
                "likedCount": "31 Lượt cảm ơn"
            },
            "review": {
                "rating": 5,
                "title": "Cực kì hài lòng",
                "content": ""
            }
        },
        {
            "reviewer": {
                "name": "Nguyễn Anh Khoa",
                "date": "Đã tham gia 9 năm",
                "reviewCount": "17 Đánh giá",
                "likedCount": "0 Lượt cảm ơn"
            },
            "review": {
                "rating": 5,
                "title": "Cực kì hài lòng",
                "content": ""
            }
        },
        {
            "reviewer": {
                "name": "Đăng Huỳnh",
                "date": "Đã tham gia 4 năm",
                "reviewCount": "16 Đánh giá",
                "likedCount": "0 Lượt cảm ơn"
            },
            "review": {
                "rating": 5,
                "title": "Cực kì hài lòng",
                "content": ""
            }
        },
        {
            "reviewer": {
                "name": "Phùng Anh Tú",
                "date": "Đã tham gia 10 năm",
                "reviewCount": "29 Đánh giá",
                "likedCount": "2 Lượt cảm ơn"
            },
            "review": {
                "rating": 5,
                "title": "Cực kì hài lòng",
                "content": ""
            }
        },
        {
            "reviewer": {
                "name": "Đoàn Huyền",
                "date": "Đã tham gia 5 năm",
                "reviewCount": "78 Đánh giá",
                "likedCount": "2 Lượt cảm ơn"
            },
            "review": {
                "rating": 5,
                "title": "Cực kì hài lòng",
                "content": ""
            }
        },
        {
            "reviewer": {
                "name": "Minh Khôi",
                "date": "Đã tham gia 7 năm",
                "reviewCount": "296 Đánh giá",
                "likedCount": "28 Lượt cảm ơn"
            },
            "review": {
                "rating": 5,
                "title": "Cực kì hài lòng",
                "content": ""
            }
        },
        {
            "reviewer": {
                "name": "Nguyễn Thanh Tùng",
                "date": "Đã tham gia 6 năm",
                "reviewCount": "44 Đánh giá",
                "likedCount": "3 Lượt cảm ơn"
            },
            "review": {
                "rating": 5,
                "title": "Cực kì hài lòng",
                "content": ""
            }
        },
        {
            "reviewer": {
                "name": "Mark Tú Huỳnh",
                "date": "Đã tham gia 5 năm",
                "reviewCount": "874 Đánh giá",
                "likedCount": "31 Lượt cảm ơn"
            },
            "review": {
                "rating": 5,
                "title": "Cực kì hài lòng",
                "content": ""
            }
        },
        {
            "reviewer": {
                "name": "Toan Quoc",
                "date": "Đã tham gia 7 năm",
                "reviewCount": "26 Đánh giá",
                "likedCount": "4 Lượt cảm ơn"
            },
            "review": {
                "rating": 5,
                "title": "Cực kì hài lòng",
                "content": ""
            }
        },
        {
            "reviewer": {
                "name": "Bùi Tùng",
                "date": "Đã tham gia 4 năm",
                "reviewCount": "252 Đánh giá",
                "likedCount": "45 Lượt cảm ơn"
            },
            "review": {
                "rating": 5,
                "title": "Cực kì hài lòng",
                "content": ""
            }
        },
        {
            "reviewer": {
                "name": "Nguyễn Phương",
                "date": "Đã tham gia 8 năm",
                "reviewCount": "440 Đánh giá",
                "likedCount": "86 Lượt cảm ơn"
            },
            "review": {
                "rating": 4,
                "title": "Hài lòng",
                "content": "Giao hàng nhanh đóng gói cẩn thận. Nội dung sách thì Miễn bàn :)"
            }
        },
        {
            "reviewer": {
                "name": "Đặng Quốc Việt",
                "date": "Đã tham gia 6 năm",
                "reviewCount": "335 Đánh giá",
                "likedCount": "7 Lượt cảm ơn"
            },
            "review": {
                "rating": 4,
                "title": "Hài lòng",
                "content": ""
            }
        }
    ]
}