{
    "url": "https://tiki.vn/lich-su-van-minh-trung-hoa-p5808797.html?spid=5808799",
    "info": {
        "title": "Lịch Sử Văn Minh Trung Hoa",
        "author": "Will Durant",
        "imageUrl": "https://salt.tikicdn.com/cache/750x750/ts/product/e1/08/13/bbcc7fb29c311b8ae2f0121037e3e56b.jpg.webp",
        "soldQuantity": 758,
        "currentPrice": 132000,
        "originalPrice": 177000
    },
    "details": {
        "publisher": "KNBooks",
        "publishDate": "2018-01-10 00:00:00",
        "dimensions": "14.5 x 20.5 cm",
        "translator": "Nguyễn Hiến Lê",
        "coverType": "Bìa mềm",
        "pageCount": "347",
        "publishingHouse": "Nhà Xuất Bản Hồng Đức"
    },
    "description": "Lịch Sử Văn Minh Trung Hoa\nGiữa những năm 30 của thế kỉ này, khi các đế quốc châu Âu, châu Mĩ đang đà cường thịnh, khi bản đồ Á Phi còn tô một màu thuộc địa xám xịt, thì Will Durant cho ra bộ LỊCH sử VĂN MINH THẾ GIỚI với phần MỞ ĐẦU là lịch sử nền văn minh của các nước phương Đông: Ai Cập, Tây A, Ấn Độ, Trung Hoa, Nhật Bản…\nHôm nay, ta nghe đâu đó có lời dự báo rằng cán cân kinh tế của các thập kỉ sau sẽ nghiêng về châu Á. Nhưng 55 năm trước, w.Durant đã viết: “Tương lai ở phía Thái Bình Dưưng và chúng ta phải hướng cặp mắt và trí óc về phía đó”! Nhà Sử học, nhà bác học Mĩ gốc pháp này đã cùng vợ bỏ ra gần ba chục năm để nghiên cứu các dân tộc châu Á và phươg Đông và đã viết về các quốc gia này với thái độ công bằng, trân trọng. Từ khi sách ra đời đã mấy thập kỉ, nhưng công trình nghiên cứu này ở ta vẫn chưa phổ biến nhiều; trong lúc đó hãy còn một số giờ dạy và một số tài liệu khác vẫn xem nền văn hóa châu Âu mở đầu với HI-LA là tột đỉnh, là khỏi nguyên của mọi nền văn hóa. Quan điểm này đã bị w. Durant phê phán ngay tại nơi nó được phát sinh, là giới sử gia phương Tây.\nTrong phần văn minh phương Đông, w. Durant viết khá kĩ về Ấn Độ và Trung Hoa. Hai quốc gia này là nơi phát sinh hai nền văn minh lớn có tác dụng và ảnh hưởng đến hai phía cửa lục địa châu Á trong đó có Việt Nam.\nSự phát triển của Ấn Độ và Trung Hoa trong thập kỉ này, tuy mỗi nước có một đặc điểm riêng, nhưng luôn luôn tập trung sự chú ý của cả loài người, đặc biệt của vùng Đông Nam Á, do sự chuyển mình vươn lên với cả quá trình sôi động và phức tạp của nó. Những con rồng nhỏ chung quanh đang trên đà phát triển, con rồng lớn đang đứng trước sự thử thách lớn lao. Thử đi ngược lại những thời kì lịch sử trước đây của Trung Hoa, Ấn Độ để làm cơ sở, tìm hiểu xu hướng phát triển hiện nay của hai nước láng giềng Việt Nam. Đó là mục đích của chúng tôi khi xuất bản tập LỊCH SỬ VĂN MINH TRUNG QUỐC trong bộ sách của w. Durant.\nVới các giai đoạn lịch sử xa xưa, có điều kiện thử thách, tham bác được nhiều tài liệu, tác giả đã trình bày một cách uyên bác, dẫn chứng các tu liệu phong phú, phân tích tình thế. Với văn hóa và con người Trung Hoa, kể cả những người dân lao động, nghèo khổ, ít học… tác giả đã dành những lời khen ngợi, những cảm tình đặc biệt. Và ngược lại, tác giả cũng đã phê phán thẳng thắn những tệ nạn của xã hội phong kiến, độc tài…\nTuy nhiên, với thời cận đại, có thể vì chưa đủ tư liệu, thời gian chưa nhiều, tác giả đôi khi có ngộ nhận khi phân tích, đánh giá một số sự kiện, nhân vật lịch sử như những phong trào nổi dậy của nông dân, kể cả Thái Bình Thiên Quốc và Nghĩa Hòa Đoàn, về việc làm của những nhà truyền giáo, về vai trò của nhà cách mạng dân chủ ưu tú Tôn Trung Sơn, hay quan hệ giữa chính phủ Quảng Châu với chính quyền Xô Viết…\nGiá sản phẩm trên Tiki đã bao gồm thuế theo luật hiện hành. Bên cạnh đó, tuỳ vào loại sản phẩm, hình thức và địa chỉ giao hàng mà có thể phát sinh thêm chi phí khác như phí vận chuyển, phụ phí hàng cồng kềnh, thuế nhập khẩu (đối với đơn hàng giao từ nước ngoài có giá trị trên 1 triệu đồng).....",
    "rating": {
        "totalRating": 4.8,
        "numberOfRating": 92
    },
    "reviews": [
        {
            "reviewer": {
                "name": "Thiên Phú",
                "date": "Đã tham gia 7 năm",
                "reviewCount": "140 Đánh giá",
                "likedCount": "67 Lượt cảm ơn"
            },
            "review": {
                "rating": 5,
                "title": "Cực kì hài lòng",
                "content": "Lần này hàng giao chậm hơn dự kiến những 5 ngày nên mình chờ hơi lâu nhưng do dich bệnh nên mình cũng thông cảm! Sách phù hợp với giá tiền nên hơi cũ! còn về nội dung thì viết về nền văn minh TQ qua các triều đại như tên sách chứ không phải lịch sử TQ nha mọi người, cuối sách có một số bài thơ khá hay!"
            }
        },
        {
            "reviewer": {
                "name": "Zalo Nguyen Hong Ngoc",
                "date": "Đã tham gia 7 năm",
                "reviewCount": "14 Đánh giá",
                "likedCount": "8 Lượt cảm ơn"
            },
            "review": {
                "rating": 5,
                "title": "Cực kì hài lòng",
                "content": "Sách đẹp\nKhông bị dơ\nKhông bị nhàu nát\nCòn rất mới, thơm \n\nTheo mình thấy thì nên mua của TIKI TRADING, vì lần nào mua về mình cũng rất hài lòng. Đa số sẽ được bọc trong giấy kiếng niêm phong. (Mình ko xài gói bao sách nhé!)"
            }
        },
        {
            "reviewer": {
                "name": "Nguyễn Tiến Quân",
                "date": "Đã tham gia 5 năm",
                "reviewCount": "185 Đánh giá",
                "likedCount": "17 Lượt cảm ơn"
            },
            "review": {
                "rating": 5,
                "title": "Cực kì hài lòng",
                "content": ""
            }
        },
        {
            "reviewer": {
                "name": "Nhi Do",
                "date": "Đã tham gia 3 năm",
                "reviewCount": "12 Đánh giá",
                "likedCount": "0 Lượt cảm ơn"
            },
            "review": {
                "rating": 5,
                "title": "Cực kì hài lòng",
                "content": ""
            }
        },
        {
            "reviewer": {
                "name": "Phạm Thị Huyền",
                "date": "Đã tham gia 10 năm",
                "reviewCount": "39 Đánh giá",
                "likedCount": "2 Lượt cảm ơn"
            },
            "review": {
                "rating": 5,
                "title": "Cực kì hài lòng",
                "content": "Tikinow giao hàng rất nhanh chóng, gói hàng cẩn thận, sách đẹp và hấp dẫn"
            }
        },
        {
            "reviewer": {
                "name": "Nông Linh Đan",
                "date": "Đã tham gia 7 năm",
                "reviewCount": "10 Đánh giá",
                "likedCount": "15 Lượt cảm ơn"
            },
            "review": {
                "rating": 5,
                "title": "Cực kì hài lòng",
                "content": ""
            }
        },
        {
            "reviewer": {
                "name": "nguyen thanh",
                "date": "Đã tham gia 6 năm",
                "reviewCount": "9 Đánh giá",
                "likedCount": "0 Lượt cảm ơn"
            },
            "review": {
                "rating": 5,
                "title": "Cực kì hài lòng",
                "content": "Sach noi dung hay, giai đoạn cận hiện đại hơi ít thông tin"
            }
        },
        {
            "reviewer": {
                "name": "Nguyễn Tuấn Anh",
                "date": "Đã tham gia 8 năm",
                "reviewCount": "194 Đánh giá",
                "likedCount": "13 Lượt cảm ơn"
            },
            "review": {
                "rating": 5,
                "title": "Cực kì hài lòng",
                "content": ""
            }
        },
        {
            "reviewer": {
                "name": "thien quan",
                "date": "Đã tham gia 5 năm",
                "reviewCount": "92 Đánh giá",
                "likedCount": "0 Lượt cảm ơn"
            },
            "review": {
                "rating": 5,
                "title": "Cực kì hài lòng",
                "content": ""
            }
        },
        {
            "reviewer": {
                "name": "Dung NGUYEN",
                "date": "Đã tham gia 6 năm",
                "reviewCount": "15 Đánh giá",
                "likedCount": "8 Lượt cảm ơn"
            },
            "review": {
                "rating": 5,
                "title": "Cực kì hài lòng",
                "content": ""
            }
        },
        {
            "reviewer": {
                "name": "Thu Hà",
                "date": "Đã tham gia 7 năm",
                "reviewCount": "56 Đánh giá",
                "likedCount": "6 Lượt cảm ơn"
            },
            "review": {
                "rating": 5,
                "title": "Cực kì hài lòng",
                "content": ""
            }
        },
        {
            "reviewer": {
                "name": "Dinh Quoc",
                "date": "Đã tham gia 9 năm",
                "reviewCount": "17 Đánh giá",
                "likedCount": "2 Lượt cảm ơn"
            },
            "review": {
                "rating": 5,
                "title": "Cực kì hài lòng",
                "content": "Tuy chưa chi tiết nhưng mức độ nào đó đã khá đầy đủ, nên đọc."
            }
        },
        {
            "reviewer": {
                "name": "Bach Tuyet",
                "date": "Đã tham gia 9 năm",
                "reviewCount": "14 Đánh giá",
                "likedCount": "0 Lượt cảm ơn"
            },
            "review": {
                "rating": 5,
                "title": "Cực kì hài lòng",
                "content": ""
            }
        },
        {
            "reviewer": {
                "name": "Ý An",
                "date": "Đã tham gia 4 năm",
                "reviewCount": "9 Đánh giá",
                "likedCount": "0 Lượt cảm ơn"
            },
            "review": {
                "rating": 5,
                "title": "Cực kì hài lòng",
                "content": ""
            }
        },
        {
            "reviewer": {
                "name": "Phuơng Thùy Nguyễn Thái",
                "date": "Đã tham gia 8 năm",
                "reviewCount": "25 Đánh giá",
                "likedCount": "0 Lượt cảm ơn"
            },
            "review": {
                "rating": 5,
                "title": "Cực kì hài lòng",
                "content": ""
            }
        },
        {
            "reviewer": {
                "name": "Linh Huynh",
                "date": "Đã tham gia 4 năm",
                "reviewCount": "16 Đánh giá",
                "likedCount": "0 Lượt cảm ơn"
            },
            "review": {
                "rating": 5,
                "title": "Cực kì hài lòng",
                "content": ""
            }
        },
        {
            "reviewer": {
                "name": "etheo nguyen",
                "date": "Đã tham gia 7 năm",
                "reviewCount": "3 Đánh giá",
                "likedCount": "4 Lượt cảm ơn"
            },
            "review": {
                "rating": 5,
                "title": "Cực kì hài lòng",
                "content": ""
            }
        },
        {
            "reviewer": {
                "name": "Nguyễn Ngọc Anh",
                "date": "Đã tham gia 8 năm",
                "reviewCount": "4 Đánh giá",
                "likedCount": "0 Lượt cảm ơn"
            },
            "review": {
                "rating": 5,
                "title": "Cực kì hài lòng",
                "content": "Giao hàng nhanh, mỗi tội sách nhìn hơi cũ"
            }
        },
        {
            "reviewer": {
                "name": "Bùi Thế Tùng",
                "date": "Đã tham gia 5 năm",
                "reviewCount": "87 Đánh giá",
                "likedCount": "12 Lượt cảm ơn"
            },
            "review": {
                "rating": 5,
                "title": "Cực kì hài lòng",
                "content": "sách dịch hay, về nồi dung thì chỉ lướt qua những điều chính thôi. k được chi tiết"
            }
        },
        {
            "reviewer": {
                "name": "Nguyễn Thị Hải Yến",
                "date": "Đã tham gia 3 năm",
                "reviewCount": "2 Đánh giá",
                "likedCount": "0 Lượt cảm ơn"
            },
            "review": {
                "rating": 5,
                "title": "Cực kì hài lòng",
                "content": ""
            }
        },
        {
            "reviewer": {
                "name": "Hà Quân",
                "date": "Đã tham gia 9 năm",
                "reviewCount": "21 Đánh giá",
                "likedCount": "0 Lượt cảm ơn"
            },
            "review": {
                "rating": 5,
                "title": "Cực kì hài lòng",
                "content": ""
            }
        },
        {
            "reviewer": {
                "name": "Dung Lưu",
                "date": "Đã tham gia 11 năm",
                "reviewCount": "88 Đánh giá",
                "likedCount": "0 Lượt cảm ơn"
            },
            "review": {
                "rating": 5,
                "title": "Cực kì hài lòng",
                "content": "Khái quát và phân tích hay"
            }
        },
        {
            "reviewer": {
                "name": "Hoàng Hải",
                "date": "Đã tham gia 4 năm",
                "reviewCount": "17 Đánh giá",
                "likedCount": "0 Lượt cảm ơn"
            },
            "review": {
                "rating": 5,
                "title": "Cực kì hài lòng",
                "content": ""
            }
        },
        {
            "reviewer": {
                "name": "Zalo Hạnh Hà",
                "date": "Đã tham gia 7 năm",
                "reviewCount": "16 Đánh giá",
                "likedCount": "10 Lượt cảm ơn"
            },
            "review": {
                "rating": 5,
                "title": "Cực kì hài lòng",
                "content": ""
            }
        },
        {
            "reviewer": {
                "name": "Trần Ngọc Tuấn",
                "date": "Đã tham gia 6 năm",
                "reviewCount": "109 Đánh giá",
                "likedCount": "10 Lượt cảm ơn"
            },
            "review": {
                "rating": 5,
                "title": "Cực kì hài lòng",
                "content": "sản phẩm đẹp, chữ rõ, nhưng chưa xem nội dung. Cám ơn Tiki."
            }
        },
        {
            "reviewer": {
                "name": "Lại Như",
                "date": "Đã tham gia 4 năm",
                "reviewCount": "16 Đánh giá",
                "likedCount": "4 Lượt cảm ơn"
            },
            "review": {
                "rating": 5,
                "title": "Cực kì hài lòng",
                "content": ""
            }
        },
        {
            "reviewer": {
                "name": "do quynh",
                "date": "Đã tham gia 3 năm",
                "reviewCount": "4 Đánh giá",
                "likedCount": "0 Lượt cảm ơn"
            },
            "review": {
                "rating": 5,
                "title": "Cực kì hài lòng",
                "content": "good"
            }
        },
        {
            "reviewer": {
                "name": "Thao Bui",
                "date": "Đã tham gia 6 năm",
                "reviewCount": "21 Đánh giá",
                "likedCount": "2 Lượt cảm ơn"
            },
            "review": {
                "rating": 5,
                "title": "Cực kì hài lòng",
                "content": ""
            }
        },
        {
            "reviewer": {
                "name": "Võ Mạnh Duy",
                "date": "Đã tham gia 5 năm",
                "reviewCount": "37 Đánh giá",
                "likedCount": "10 Lượt cảm ơn"
            },
            "review": {
                "rating": 5,
                "title": "Cực kì hài lòng",
                "content": ""
            }
        },
        {
            "reviewer": {
                "name": "Hồ Hoàng Phúc",
                "date": "Đã tham gia 11 năm",
                "reviewCount": "11 Đánh giá",
                "likedCount": "1 Lượt cảm ơn"
            },
            "review": {
                "rating": 5,
                "title": "Cực kì hài lòng",
                "content": ""
            }
        },
        {
            "reviewer": {
                "name": "Huỳnh Thảo Trang",
                "date": "Đã tham gia 6 năm",
                "reviewCount": "1 Đánh giá",
                "likedCount": "0 Lượt cảm ơn"
            },
            "review": {
                "rating": 5,
                "title": "Cực kì hài lòng",
                "content": ""
            }
        },
        {
            "reviewer": {
                "name": "Crystal Lưu Ly",
                "date": "Đã tham gia 4 năm",
                "reviewCount": "26 Đánh giá",
                "likedCount": "50 Lượt cảm ơn"
            },
            "review": {
                "rating": 5,
                "title": "Cực kì hài lòng",
                "content": ""
            }
        },
        {
            "reviewer": {
                "name": "Nguyen Thanh Thuy",
                "date": "Đã tham gia 5 năm",
                "reviewCount": "73 Đánh giá",
                "likedCount": "1 Lượt cảm ơn"
            },
            "review": {
                "rating": 5,
                "title": "Cực kì hài lòng",
                "content": ""
            }
        },
        {
            "reviewer": {
                "name": "Võ Thị Kim Oanh",
                "date": "Đã tham gia 4 năm",
                "reviewCount": "9 Đánh giá",
                "likedCount": "0 Lượt cảm ơn"
            },
            "review": {
                "rating": 5,
                "title": "Cực kì hài lòng",
                "content": ""
            }
        },
        {
            "reviewer": {
                "name": "Hoàng Việt",
                "date": "Đã tham gia 6 năm",
                "reviewCount": "42 Đánh giá",
                "likedCount": "0 Lượt cảm ơn"
            },
            "review": {
                "rating": 5,
                "title": "Cực kì hài lòng",
                "content": ""
            }
        },
        {
            "reviewer": {
                "name": "Vũ Linh",
                "date": "Đã tham gia 8 năm",
                "reviewCount": "4 Đánh giá",
                "likedCount": "0 Lượt cảm ơn"
            },
            "review": {
                "rating": 5,
                "title": "Cực kì hài lòng",
                "content": ""
            }
        },
        {
            "reviewer": {
                "name": "Lê Vũ",
                "date": "Đã tham gia 4 năm",
                "reviewCount": "5 Đánh giá",
                "likedCount": "0 Lượt cảm ơn"
            },
            "review": {
                "rating": 5,
                "title": "Cực kì hài lòng",
                "content": ""
            }
        },
        {
            "reviewer": {
                "name": "Ngọc Yến",
                "date": "Đã tham gia 6 năm",
                "reviewCount": "35 Đánh giá",
                "likedCount": "1 Lượt cảm ơn"
            },
            "review": {
                "rating": 5,
                "title": "Cực kì hài lòng",
                "content": ""
            }
        },
        {
            "reviewer": {
                "name": "Nhật Hoài",
                "date": "Đã tham gia 5 năm",
                "reviewCount": "9 Đánh giá",
                "likedCount": "0 Lượt cảm ơn"
            },
            "review": {
                "rating": 5,
                "title": "Cực kì hài lòng",
                "content": ""
            }
        },
        {
            "reviewer": {
                "name": "Lê Trang",
                "date": "Đã tham gia 4 năm",
                "reviewCount": "9 Đánh giá",
                "likedCount": "0 Lượt cảm ơn"
            },
            "review": {
                "rating": 5,
                "title": "Cực kì hài lòng",
                "content": ""
            }
        },
        {
            "reviewer": {
                "name": "Phạm Hoàng Lân",
                "date": "Đã tham gia 8 năm",
                "reviewCount": "136 Đánh giá",
                "likedCount": "13 Lượt cảm ơn"
            },
            "review": {
                "rating": 5,
                "title": "Cực kì hài lòng",
                "content": ""
            }
        },
        {
            "reviewer": {
                "name": "Lý Yến Lâm",
                "date": "Đã tham gia 4 năm",
                "reviewCount": "15 Đánh giá",
                "likedCount": "0 Lượt cảm ơn"
            },
            "review": {
                "rating": 5,
                "title": "Cực kì hài lòng",
                "content": ""
            }
        },
        {
            "reviewer": {
                "name": "Lê thị kim oanh",
                "date": "Đã tham gia 6 năm",
                "reviewCount": "12 Đánh giá",
                "likedCount": "0 Lượt cảm ơn"
            },
            "review": {
                "rating": 5,
                "title": "Cực kì hài lòng",
                "content": ""
            }
        },
        {
            "reviewer": {
                "name": "Sơn Lê",
                "date": "Đã tham gia 4 năm",
                "reviewCount": "2 Đánh giá",
                "likedCount": "0 Lượt cảm ơn"
            },
            "review": {
                "rating": 5,
                "title": "Cực kì hài lòng",
                "content": ""
            }
        },
        {
            "reviewer": {
                "name": "Hoàng Tùng",
                "date": "Đã tham gia 5 năm",
                "reviewCount": "88 Đánh giá",
                "likedCount": "1 Lượt cảm ơn"
            },
            "review": {
                "rating": 5,
                "title": "Cực kì hài lòng",
                "content": ""
            }
        },
        {
            "reviewer": {
                "name": "le Nhut truong",
                "date": "Đã tham gia 3 năm",
                "reviewCount": "1 Đánh giá",
                "likedCount": "0 Lượt cảm ơn"
            },
            "review": {
                "rating": 5,
                "title": "Cực kì hài lòng",
                "content": ""
            }
        },
        {
            "reviewer": {
                "name": "Nhựt Quang",
                "date": "Đã tham gia 6 năm",
                "reviewCount": "23 Đánh giá",
                "likedCount": "4 Lượt cảm ơn"
            },
            "review": {
                "rating": 1,
                "title": "Tuyệt vời",
                "content": "Chất lượng rất ok. Hài lòng lắm. K như nxb tổng hợp tphcm"
            }
        },
        {
            "reviewer": {
                "name": "Vy Võ",
                "date": "Đã tham gia 4 năm",
                "reviewCount": "21 Đánh giá",
                "likedCount": "3 Lượt cảm ơn"
            },
            "review": {
                "rating": 5,
                "title": "Cực kì hài lòng",
                "content": "ok"
            }
        },
        {
            "reviewer": {
                "name": "Trần Quang Vinh",
                "date": "Đã tham gia 6 năm",
                "reviewCount": "15 Đánh giá",
                "likedCount": "1 Lượt cảm ơn"
            },
            "review": {
                "rating": 5,
                "title": "Cực kì hài lòng",
                "content": ""
            }
        },
        {
            "reviewer": {
                "name": "Tri Le",
                "date": "Đã tham gia 9 năm",
                "reviewCount": "42 Đánh giá",
                "likedCount": "20 Lượt cảm ơn"
            },
            "review": {
                "rating": 5,
                "title": "Cực kì hài lòng",
                "content": "Sách hay"
            }
        },
        {
            "reviewer": {
                "name": "trần nguyễn thành",
                "date": "Đã tham gia 9 năm",
                "reviewCount": "89 Đánh giá",
                "likedCount": "22 Lượt cảm ơn"
            },
            "review": {
                "rating": 5,
                "title": "Cực kì hài lòng",
                "content": "Ok"
            }
        },
        {
            "reviewer": {
                "name": "Nguyễn Viết Cường",
                "date": "Đã tham gia 6 năm",
                "reviewCount": "1 Đánh giá",
                "likedCount": "0 Lượt cảm ơn"
            },
            "review": {
                "rating": 5,
                "title": "Cực kì hài lòng",
                "content": ""
            }
        },
        {
            "reviewer": {
                "name": "Trần Thị Thanh Mỹ",
                "date": "Đã tham gia 5 năm",
                "reviewCount": "7 Đánh giá",
                "likedCount": "0 Lượt cảm ơn"
            },
            "review": {
                "rating": 5,
                "title": "Cực kì hài lòng",
                "content": ""
            }
        },
        {
            "reviewer": {
                "name": "cường",
                "date": "Đã tham gia 9 năm",
                "reviewCount": "38 Đánh giá",
                "likedCount": "1 Lượt cảm ơn"
            },
            "review": {
                "rating": 5,
                "title": "Cực kì hài lòng",
                "content": "sách rất hay"
            }
        },
        {
            "reviewer": {
                "name": "Vân Anh",
                "date": "Đã tham gia 4 năm",
                "reviewCount": "2 Đánh giá",
                "likedCount": "0 Lượt cảm ơn"
            },
            "review": {
                "rating": 5,
                "title": "Cực kì hài lòng",
                "content": ""
            }
        },
        {
            "reviewer": {
                "name": "Pham Duc Thu",
                "date": "Đã tham gia 4 năm",
                "reviewCount": "488 Đánh giá",
                "likedCount": "64 Lượt cảm ơn"
            },
            "review": {
                "rating": 5,
                "title": "Cực kì hài lòng",
                "content": ""
            }
        },
        {
            "reviewer": {
                "name": "Nguyễn Nguyễn",
                "date": "Đã tham gia 6 năm",
                "reviewCount": "23 Đánh giá",
                "likedCount": "3 Lượt cảm ơn"
            },
            "review": {
                "rating": 5,
                "title": "Cực kì hài lòng",
                "content": ""
            }
        },
        {
            "reviewer": {
                "name": "Trương Tuấn Kiệt",
                "date": "Đã tham gia 7 năm",
                "reviewCount": "6 Đánh giá",
                "likedCount": "0 Lượt cảm ơn"
            },
            "review": {
                "rating": 5,
                "title": "Cực kì hài lòng",
                "content": ""
            }
        },
        {
            "reviewer": {
                "name": "Nguyễn Thị Vui",
                "date": "Đã tham gia 5 năm",
                "reviewCount": "56 Đánh giá",
                "likedCount": "2 Lượt cảm ơn"
            },
            "review": {
                "rating": 5,
                "title": "Cực kì hài lòng",
                "content": ""
            }
        },
        {
            "reviewer": {
                "name": "Lê Bảo Phương",
                "date": "Đã tham gia 6 năm",
                "reviewCount": "42 Đánh giá",
                "likedCount": "1 Lượt cảm ơn"
            },
            "review": {
                "rating": 5,
                "title": "Cực kì hài lòng",
                "content": "sách hay"
            }
        },
        {
            "reviewer": {
                "name": "Trịnh Tuyên",
                "date": "Đã tham gia 6 năm",
                "reviewCount": "4 Đánh giá",
                "likedCount": "0 Lượt cảm ơn"
            },
            "review": {
                "rating": 5,
                "title": "Cực kì hài lòng",
                "content": ""
            }
        },
        {
            "reviewer": {
                "name": "Nguyễn Phương Thảo",
                "date": "Đã tham gia 8 năm",
                "reviewCount": "64 Đánh giá",
                "likedCount": "109 Lượt cảm ơn"
            },
            "review": {
                "rating": 5,
                "title": "Cực kì hài lòng",
                "content": ""
            }
        },
        {
            "reviewer": {
                "name": "Phan Thái Bảo",
                "date": "Đã tham gia 7 năm",
                "reviewCount": "3 Đánh giá",
                "likedCount": "0 Lượt cảm ơn"
            },
            "review": {
                "rating": 5,
                "title": "Cực kì hài lòng",
                "content": ""
            }
        },
        {
            "reviewer": {
                "name": "Hai Trieu",
                "date": "Đã tham gia 12 năm",
                "reviewCount": "42 Đánh giá",
                "likedCount": "1 Lượt cảm ơn"
            },
            "review": {
                "rating": 5,
                "title": "Cực kì hài lòng",
                "content": ""
            }
        },
        {
            "reviewer": {
                "name": "Mỹ Mỹ",
                "date": "Đã tham gia 11 năm",
                "reviewCount": "103 Đánh giá",
                "likedCount": "11 Lượt cảm ơn"
            },
            "review": {
                "rating": 5,
                "title": "Cực kì hài lòng",
                "content": ""
            }
        },
        {
            "reviewer": {
                "name": "Vũ Thị Hằng",
                "date": "Đã tham gia 5 năm",
                "reviewCount": "5 Đánh giá",
                "likedCount": "0 Lượt cảm ơn"
            },
            "review": {
                "rating": 5,
                "title": "Cực kì hài lòng",
                "content": ""
            }
        },
        {
            "reviewer": {
                "name": "Lê Anh Vũ",
                "date": "Đã tham gia 6 năm",
                "reviewCount": "28 Đánh giá",
                "likedCount": "2 Lượt cảm ơn"
            },
            "review": {
                "rating": 5,
                "title": "Cực kì hài lòng",
                "content": ""
            }
        },
        {
            "reviewer": {
                "name": "Phạm Hà",
                "date": "Đã tham gia 8 năm",
                "reviewCount": "57 Đánh giá",
                "likedCount": "4 Lượt cảm ơn"
            },
            "review": {
                "rating": 5,
                "title": "Cực kì hài lòng",
                "content": ""
            }
        },
        {
            "reviewer": {
                "name": "Võ Trọng Nghĩa",
                "date": "Đã tham gia 7 năm",
                "reviewCount": "33 Đánh giá",
                "likedCount": "1 Lượt cảm ơn"
            },
            "review": {
                "rating": 5,
                "title": "Cực kì hài lòng",
                "content": ""
            }
        },
        {
            "reviewer": {
                "name": "Quang Khanh",
                "date": "Đã tham gia 8 năm",
                "reviewCount": "48 Đánh giá",
                "likedCount": "4 Lượt cảm ơn"
            },
            "review": {
                "rating": 5,
                "title": "Cực kì hài lòng",
                "content": ""
            }
        },
        {
            "reviewer": {
                "name": "Minh Giải",
                "date": "Đã tham gia 6 năm",
                "reviewCount": "192 Đánh giá",
                "likedCount": "8 Lượt cảm ơn"
            },
            "review": {
                "rating": 5,
                "title": "Cực kì hài lòng",
                "content": ""
            }
        },
        {
            "reviewer": {
                "name": "Pham Xuan Huy",
                "date": "Đã tham gia 9 năm",
                "reviewCount": "376 Đánh giá",
                "likedCount": "1 Lượt cảm ơn"
            },
            "review": {
                "rating": 5,
                "title": "Cực kì hài lòng",
                "content": ""
            }
        },
        {
            "reviewer": {
                "name": "Trương Minh Đăng",
                "date": "Đã tham gia 12 năm",
                "reviewCount": "1036 Đánh giá",
                "likedCount": "18 Lượt cảm ơn"
            },
            "review": {
                "rating": 5,
                "title": "Cực kì hài lòng",
                "content": ""
            }
        },
        {
            "reviewer": {
                "name": "Nguyễn Thủy",
                "date": "Đã tham gia 12 năm",
                "reviewCount": "27 Đánh giá",
                "likedCount": "16 Lượt cảm ơn"
            },
            "review": {
                "rating": 5,
                "title": "Cực kì hài lòng",
                "content": ""
            }
        },
        {
            "reviewer": {
                "name": "Khanh Duong",
                "date": "Đã tham gia 8 năm",
                "reviewCount": "3 Đánh giá",
                "likedCount": "2 Lượt cảm ơn"
            },
            "review": {
                "rating": 5,
                "title": "Cực kì hài lòng",
                "content": ""
            }
        },
        {
            "reviewer": {
                "name": "Tạ Văn Đạo",
                "date": "Đã tham gia 7 năm",
                "reviewCount": "24 Đánh giá",
                "likedCount": "1 Lượt cảm ơn"
            },
            "review": {
                "rating": 5,
                "title": "Cực kì hài lòng",
                "content": ""
            }
        },
        {
            "reviewer": {
                "name": "Jackie Phạm",
                "date": "Đã tham gia 7 năm",
                "reviewCount": "23 Đánh giá",
                "likedCount": "3 Lượt cảm ơn"
            },
            "review": {
                "rating": 5,
                "title": "Cực kì hài lòng",
                "content": ""
            }
        },
        {
            "reviewer": {
                "name": "Ta Xuan Tho",
                "date": "Đã tham gia 8 năm",
                "reviewCount": "534 Đánh giá",
                "likedCount": "29 Lượt cảm ơn"
            },
            "review": {
                "rating": 5,
                "title": "Cực kì hài lòng",
                "content": ""
            }
        },
        {
            "reviewer": {
                "name": "Khánh Huyền Triệu",
                "date": "Đã tham gia 6 năm",
                "reviewCount": "11 Đánh giá",
                "likedCount": "0 Lượt cảm ơn"
            },
            "review": {
                "rating": 5,
                "title": "Cực kì hài lòng",
                "content": ""
            }
        },
        {
            "reviewer": {
                "name": "phanson",
                "date": "Đã tham gia 8 năm",
                "reviewCount": "2 Đánh giá",
                "likedCount": "1 Lượt cảm ơn"
            },
            "review": {
                "rating": 1,
                "title": "Hài lòng.",
                "content": "Giao sách chu đáo. Hình thức đẹp. Chất lượng ok. Cảm ơn Tiki !!!"
            }
        },
        {
            "reviewer": {
                "name": "Kỳ Quân",
                "date": "Đã tham gia 7 năm",
                "reviewCount": "1 Đánh giá",
                "likedCount": "0 Lượt cảm ơn"
            },
            "review": {
                "rating": 5,
                "title": "Cực kì hài lòng",
                "content": ""
            }
        },
        {
            "reviewer": {
                "name": "bùi anh tuấn",
                "date": "Đã tham gia 11 năm",
                "reviewCount": "31 Đánh giá",
                "likedCount": "0 Lượt cảm ơn"
            },
            "review": {
                "rating": 5,
                "title": "Cực kì hài lòng",
                "content": ""
            }
        },
        {
            "reviewer": {
                "name": "Nguyễn Chi",
                "date": "Đã tham gia 8 năm",
                "reviewCount": "6 Đánh giá",
                "likedCount": "1 Lượt cảm ơn"
            },
            "review": {
                "rating": 3,
                "title": "Bình thường",
                "content": "Mình hài lòng với kiến thức mà mình nhận được từ tác giả, cũng như tâm huyết của cụ Nguyễn Hiến Lê khi dịch cuốn sách này, cũng như cuốn Lịch sử Văn minh Ấn Độ, Lịch sử Văn minh Ả Rập và nhiều cuốn khác. Khi đọc sẽ nhận thấy nhiều ngôn từ cụ sử dụng trở nên \"khác lạ\" so với ngôn ngữ hiện thời. Trong quá trình biên tập sách còn để lại nhiều lỗi chính tả, lỗi giãn cách dòng. Phần cứng của sách chưa hoàn thiện, dễ thấy sự cẩu thả, gáy dễ gãy, giấy cắt chưa bằng. Nội dung của cuốn sách chưa được bên xuất bản và phát hành nâng niu đúng tầm của nó."
            }
        },
        {
            "reviewer": {
                "name": "Trần Văn Bạn",
                "date": "Đã tham gia 4 năm",
                "reviewCount": "14 Đánh giá",
                "likedCount": "0 Lượt cảm ơn"
            },
            "review": {
                "rating": 2,
                "title": "Không hài lòng",
                "content": "Nội dung sách chưa hay cần phải đánh giá toàn diện hơn"
            }
        },
        {
            "reviewer": {
                "name": "Xái Lý",
                "date": "Đã tham gia 11 năm",
                "reviewCount": "11 Đánh giá",
                "likedCount": "3 Lượt cảm ơn"
            },
            "review": {
                "rating": 1,
                "title": "Sách bị lỗi !!!!!!!!",
                "content": "Nhìn bề ngoài rất Ok , giấy tốt bìa đẹp nhưng đọc tới nữa sách mới phát hiện bị bung keo , không biết có đựa đổi trả không ? ?"
            }
        },
        {
            "reviewer": {
                "name": "đỗ Nhất",
                "date": "Đã tham gia 2 năm",
                "reviewCount": "25 Đánh giá",
                "likedCount": "0 Lượt cảm ơn"
            },
            "review": {
                "rating": 4,
                "title": "Hài lòng",
                "content": "sách hơi quăn, nhưng đang giảm giá mạnh nên mình thấy chấp nhận được."
            }
        },
        {
            "reviewer": {
                "name": "NGUYỄN ĐỖ THẾ ANH",
                "date": "Đã tham gia 8 năm",
                "reviewCount": "274 Đánh giá",
                "likedCount": "106 Lượt cảm ơn"
            },
            "review": {
                "rating": 3,
                "title": "Bình thường",
                "content": "BIZBOOK!!!! Please đừng in chữ to và bán giá cao không tương xứng cho một tác phẩm nữa, các bạn đang giết chết tác phẩm của Nguyễn Hiến Lê."
            }
        },
        {
            "reviewer": {
                "name": "Hanh Nguyen",
                "date": "Đã tham gia 6 năm",
                "reviewCount": "12 Đánh giá",
                "likedCount": "0 Lượt cảm ơn"
            },
            "review": {
                "rating": 4,
                "title": "Hài lòng",
                "content": ""
            }
        },
        {
            "reviewer": {
                "name": "Nguyen DangAnh",
                "date": "Đã tham gia 3 năm",
                "reviewCount": "15 Đánh giá",
                "likedCount": "0 Lượt cảm ơn"
            },
            "review": {
                "rating": 4,
                "title": "Hài lòng",
                "content": ""
            }
        },
        {
            "reviewer": {
                "name": "Hwon Nay",
                "date": "Đã tham gia 7 năm",
                "reviewCount": "319 Đánh giá",
                "likedCount": "69 Lượt cảm ơn"
            },
            "review": {
                "rating": 4,
                "title": "Hài lòng",
                "content": "Lịch sử trung hoa thì khỏi fai bàn cãi. Rất bị cuốn hút."
            }
        },
        {
            "reviewer": {
                "name": "nguyễn nhật",
                "date": "Đã tham gia 5 năm",
                "reviewCount": "48 Đánh giá",
                "likedCount": "9 Lượt cảm ơn"
            },
            "review": {
                "rating": 4,
                "title": "Hài lòng",
                "content": ""
            }
        },
        {
            "reviewer": {
                "name": "Nguyễn Khánh",
                "date": "Đã tham gia 4 năm",
                "reviewCount": "213 Đánh giá",
                "likedCount": "1 Lượt cảm ơn"
            },
            "review": {
                "rating": 4,
                "title": "Hài lòng",
                "content": ""
            }
        }
    ]
}