{
    "url": "https://tiki.vn/luong-ngoc-quyen-va-cuoc-khoi-nghia-thai-nguyen-1917-p1667493.html?spid=274596116",
    "info": {
        "title": "Lương Ngọc Quyến Và Cuộc Khởi Nghĩa Thái Nguyên 1917",
        "author": "Đào Trinh Nhất,",
        "imageUrl": "https://salt.tikicdn.com/cache/750x750/ts/product/96/61/94/ab4adf67008cce3296e36cd20f6bb5d6.jpg.webp",
        "soldQuantity": 1,
        "currentPrice": 60800,
        "originalPrice": 64000
    },
    "details": {
        "publisher": "Công Ty TNHH Thư Lâm",
        "publishDate": "2018-01-01 00:00:00",
        "dimensions": "14.5 x 20.5 cm",
        "coverType": "Bìa mềm",
        "pageCount": "141",
        "publishingHouse": "Nhà Xuất Bản Tổng hợp TP.HCM"
    },
    "description": "Lương Ngọc Quyến Và Cuộc Khởi Nghĩa Thái Nguyên 1917\nSách gồm những phần như sau:\nI- Người học sinh Đông du thứ nhất\nII- Thực nghiệm binh học trên trận địa nước Tàu\nIII- Cuộc mật hội ở Long Xuyên\nIV- Bị bắt ở Hương Cảng\nV- Một người hiệp nữ\nVI- Thái Nguyên khởi nghĩa\nVII- Hai bài hịch của cách mạng quân\nVIII- Anh hùng mạt lộ\nIX- Ba thiên văn chương tuyệt mạng của người anh hùng\nGiá sản phẩm trên Tiki đã bao gồm thuế theo luật hiện hành. Bên cạnh đó, tuỳ vào loại sản phẩm, hình thức và địa chỉ giao hàng mà có thể phát sinh thêm chi phí khác như phí vận chuyển, phụ phí hàng cồng kềnh, thuế nhập khẩu (đối với đơn hàng giao từ nước ngoài có giá trị trên 1 triệu đồng).....",
    "rating": {},
    "reviews": []
}