{
    "url": "https://tiki.vn/cac-trieu-dai-viet-nam-p135552451.html?spid=135552452",
    "info": {
        "title": "Các Triều Đại Việt Nam",
        "author": "Quỳnh Cư,",
        "imageUrl": "https://salt.tikicdn.com/cache/750x750/ts/product/21/ab/ef/ddcc2fc096312437a7d9cb23d25d29e5.jpg.webp",
        "soldQuantity": 1000,
        "currentPrice": 75000,
        "originalPrice": 120000
    },
    "details": {
        "bookVersion": "Phiên bản thường",
        "publisher": "Huy Hoàng Bookstore",
        "publishDate": "2021-10-10 00:00:00",
        "dimensions": "13.5 x 20.5 cm",
        "coverType": "Bìa mềm",
        "pageCount": "420",
        "publishingHouse": "Nhà Xuất Bản Thanh Niên"
    },
    "description": "Cuốn sách có dung lượng vừa phải nhưng cung cấp nhiều thông tin cơ bản, bao quát toàn bộ tiến trình phát triển lịch sử dân tộc. Các công tích, hành trạng của những vị vua từ thời Hùng Vương dựng nước đến khi vương triều Nguyễn kết thúc vai trò lịch sử đều được nhóm tác giả chọn lọc, giới thiệu một cách chính xác, cẩn thận.\nCác triều đại Việt Nam - cuốn sách có giá trị không chỉ về tri thức mà còn bồi đắp thêm niềm tin về khí phách, tài trí và lòng yêu nước của người Việt Nam.\nGiá sản phẩm trên Tiki đã bao gồm thuế theo luật hiện hành. Bên cạnh đó, tuỳ vào loại sản phẩm, hình thức và địa chỉ giao hàng mà có thể phát sinh thêm chi phí khác như phí vận chuyển, phụ phí hàng cồng kềnh, thuế nhập khẩu (đối với đơn hàng giao từ nước ngoài có giá trị trên 1 triệu đồng).....",
    "rating": {
        "totalRating": 4.9,
        "numberOfRating": 137
    },
    "reviews": [
        {
            "reviewer": {
                "name": "Thi Anh",
                "date": "Đã tham gia 3 năm",
                "reviewCount": "34 Đánh giá",
                "likedCount": "4 Lượt cảm ơn"
            },
            "review": {
                "rating": 5,
                "title": "Cực kì hài lòng",
                "content": "sách còn nguyên seal, nội dung hay, giao nhanh 🫶🏻"
            }
        },
        {
            "reviewer": {
                "name": "Đặng Anh Đức",
                "date": "Đã tham gia 10 năm",
                "reviewCount": "9 Đánh giá",
                "likedCount": "0 Lượt cảm ơn"
            },
            "review": {
                "rating": 5,
                "title": "Cực kì hài lòng",
                "content": "Cuốn sách bìa được in đẹp, nội dung tóm lược nhưng khá đầy đủ, dễ nắm bắt các mốc lịch sử, cảm ơn tiki, sách mua về còn nguyên Seal, được đóng gói trong hộp thương hiệu riêng của tiki, rất ok"
            }
        },
        {
            "reviewer": {
                "name": "An Nguyen",
                "date": "Đã tham gia 5 năm",
                "reviewCount": "54 Đánh giá",
                "likedCount": "2 Lượt cảm ơn"
            },
            "review": {
                "rating": 5,
                "title": "Cực kì hài lòng",
                "content": "Sách nguyên seal. Chỉnh chu"
            }
        },
        {
            "reviewer": {
                "name": "Zalo Dangmydung",
                "date": "Đã tham gia 7 năm",
                "reviewCount": "18 Đánh giá",
                "likedCount": "0 Lượt cảm ơn"
            },
            "review": {
                "rating": 5,
                "title": "Cực kì hài lòng",
                "content": "Giao hàng nhanh, tiki đóng gói cẩn thận."
            }
        },
        {
            "reviewer": {
                "name": "Nguyễn Trường",
                "date": "Đã tham gia 5 năm",
                "reviewCount": "15 Đánh giá",
                "likedCount": "0 Lượt cảm ơn"
            },
            "review": {
                "rating": 5,
                "title": "Cực kì hài lòng",
                "content": "Sách khá hay, tập hợp tổng quát các vị vua của từng triều đại"
            }
        },
        {
            "reviewer": {
                "name": "Vu Dan Phuc",
                "date": "Đã tham gia 7 năm",
                "reviewCount": "209 Đánh giá",
                "likedCount": "24 Lượt cảm ơn"
            },
            "review": {
                "rating": 5,
                "title": "Cực kì hài lòng",
                "content": "Sách in đẹp và tốt nhất cho người sử dụng trong đó rất cần cho việc văn chương."
            }
        },
        {
            "reviewer": {
                "name": "Hoàng Long",
                "date": "Đã tham gia 3 năm",
                "reviewCount": "20 Đánh giá",
                "likedCount": "0 Lượt cảm ơn"
            },
            "review": {
                "rating": 5,
                "title": "Cực kì hài lòng",
                "content": "Sách đẹp, đóng gói cẩn thận, giao hàng nhanh"
            }
        },
        {
            "reviewer": {
                "name": "ĐẶNG THỊ LAN",
                "date": "Đã tham gia 7 năm",
                "reviewCount": "3 Đánh giá",
                "likedCount": "0 Lượt cảm ơn"
            },
            "review": {
                "rating": 5,
                "title": "Cực kì hài lòng",
                "content": ""
            }
        },
        {
            "reviewer": {
                "name": "Nguyễn Chí Vương",
                "date": "Đã tham gia 3 tháng",
                "reviewCount": "3 Đánh giá",
                "likedCount": "0 Lượt cảm ơn"
            },
            "review": {
                "rating": 5,
                "title": "Cực kì hài lòng",
                "content": ""
            }
        },
        {
            "reviewer": {
                "name": "BUI QUYNH THY",
                "date": "Đã tham gia 7 năm",
                "reviewCount": "11 Đánh giá",
                "likedCount": "13 Lượt cảm ơn"
            },
            "review": {
                "rating": 5,
                "title": "Cực kì hài lòng",
                "content": "Giao nhanh, sách rất đẹp gói gém cẩn thận với rất chắc chắn luôn ạ. Yêu lắm luônnnn"
            }
        },
        {
            "reviewer": {
                "name": "Đoàn Thị Oanh",
                "date": "Đã tham gia 6 năm",
                "reviewCount": "28 Đánh giá",
                "likedCount": "1 Lượt cảm ơn"
            },
            "review": {
                "rating": 5,
                "title": "Cực kì hài lòng",
                "content": "Sách hay, tiki giao hàng nhanh"
            }
        },
        {
            "reviewer": {
                "name": "Trần Mỹ Dung",
                "date": "Đã tham gia 3 năm",
                "reviewCount": "2 Đánh giá",
                "likedCount": "1 Lượt cảm ơn"
            },
            "review": {
                "rating": 5,
                "title": "Cực kì hài lòng",
                "content": "Sách giao về không có bọc sách, không có chống sốc, nhưng may là nó vẫn ổn, giao nhanh, nói chung cũng rất hài lòng 🥰"
            }
        },
        {
            "reviewer": {
                "name": "Lê Thị Hồng Nhung",
                "date": "Đã tham gia 6 năm",
                "reviewCount": "42 Đánh giá",
                "likedCount": "0 Lượt cảm ơn"
            },
            "review": {
                "rating": 5,
                "title": "Cực kì hài lòng",
                "content": ""
            }
        },
        {
            "reviewer": {
                "name": "Bùi Huy Hoàng",
                "date": "Đã tham gia 6 năm",
                "reviewCount": "76 Đánh giá",
                "likedCount": "1 Lượt cảm ơn"
            },
            "review": {
                "rating": 5,
                "title": "Cực kì hài lòng",
                "content": ""
            }
        },
        {
            "reviewer": {
                "name": "Thúy Nguyễn",
                "date": "Đã tham gia 6 năm",
                "reviewCount": "11 Đánh giá",
                "likedCount": "1 Lượt cảm ơn"
            },
            "review": {
                "rating": 5,
                "title": "Cực kì hài lòng",
                "content": "Càng đọc càng yêu lịch sử nước nhà, càng tự hào về ***."
            }
        },
        {
            "reviewer": {
                "name": "MegaLikemoon",
                "date": "Đã tham gia 8 năm",
                "reviewCount": "2 Đánh giá",
                "likedCount": "0 Lượt cảm ơn"
            },
            "review": {
                "rating": 5,
                "title": "Cực kì hài lòng",
                "content": ""
            }
        },
        {
            "reviewer": {
                "name": "Lê Xuân Quang",
                "date": "Đã tham gia 5 năm",
                "reviewCount": "8 Đánh giá",
                "likedCount": "1 Lượt cảm ơn"
            },
            "review": {
                "rating": 5,
                "title": "Cực kì hài lòng",
                "content": ""
            }
        },
        {
            "reviewer": {
                "name": "ân thiên",
                "date": "Đã tham gia 3 năm",
                "reviewCount": "9 Đánh giá",
                "likedCount": "0 Lượt cảm ơn"
            },
            "review": {
                "rating": 4,
                "title": "Hài lòng",
                "content": "sách ổn"
            }
        },
        {
            "reviewer": {
                "name": "Đoàn Lê",
                "date": "Đã tham gia 6 năm",
                "reviewCount": "8 Đánh giá",
                "likedCount": "0 Lượt cảm ơn"
            },
            "review": {
                "rating": 5,
                "title": "Cực kì hài lòng",
                "content": "Cảm ơn Tác giả một quyển sách đáng đọc"
            }
        },
        {
            "reviewer": {
                "name": "Ms Phong Lan",
                "date": "Đã tham gia 7 năm",
                "reviewCount": "433 Đánh giá",
                "likedCount": "6 Lượt cảm ơn"
            },
            "review": {
                "rating": 5,
                "title": "Cực kì hài lòng",
                "content": ""
            }
        },
        {
            "reviewer": {
                "name": "Nguyễn Hùng Tiến",
                "date": "Đã tham gia 6 năm",
                "reviewCount": "159 Đánh giá",
                "likedCount": "0 Lượt cảm ơn"
            },
            "review": {
                "rating": 5,
                "title": "Cực kì hài lòng",
                "content": ""
            }
        },
        {
            "reviewer": {
                "name": "Thanh  Bình",
                "date": "Đã tham gia 11 năm",
                "reviewCount": "7 Đánh giá",
                "likedCount": "0 Lượt cảm ơn"
            },
            "review": {
                "rating": 5,
                "title": "Cực kì hài lòng",
                "content": "Hình thức đẹp"
            }
        },
        {
            "reviewer": {
                "name": "Tuyvan Diep",
                "date": "Đã tham gia 6 năm",
                "reviewCount": "1 Đánh giá",
                "likedCount": "0 Lượt cảm ơn"
            },
            "review": {
                "rating": 5,
                "title": "Cực kì hài lòng",
                "content": ""
            }
        },
        {
            "reviewer": {
                "name": "Lê Văn Hồ",
                "date": "Đã tham gia 5 năm",
                "reviewCount": "22 Đánh giá",
                "likedCount": "5 Lượt cảm ơn"
            },
            "review": {
                "rating": 5,
                "title": "Cực kì hài lòng",
                "content": ""
            }
        },
        {
            "reviewer": {
                "name": "An Hòa",
                "date": "Đã tham gia 6 năm",
                "reviewCount": "15 Đánh giá",
                "likedCount": "0 Lượt cảm ơn"
            },
            "review": {
                "rating": 5,
                "title": "Cực kì hài lòng",
                "content": ""
            }
        },
        {
            "reviewer": {
                "name": "Trần văn Huy",
                "date": "Đã tham gia 6 năm",
                "reviewCount": "40 Đánh giá",
                "likedCount": "7 Lượt cảm ơn"
            },
            "review": {
                "rating": 5,
                "title": "Cực kì hài lòng",
                "content": ""
            }
        },
        {
            "reviewer": {
                "name": "Ramy Nesnart",
                "date": "Đã tham gia 6 năm",
                "reviewCount": "255 Đánh giá",
                "likedCount": "4 Lượt cảm ơn"
            },
            "review": {
                "rating": 5,
                "title": "Cực kì hài lòng",
                "content": ""
            }
        },
        {
            "reviewer": {
                "name": "Nguyễn văn thái",
                "date": "Đã tham gia 6 năm",
                "reviewCount": "1 Đánh giá",
                "likedCount": "0 Lượt cảm ơn"
            },
            "review": {
                "rating": 5,
                "title": "Cực kì hài lòng",
                "content": "Shop đóng gói cẩn thận, giao hàng nhanh."
            }
        },
        {
            "reviewer": {
                "name": "Vuong Xuan Quyen",
                "date": "Đã tham gia 6 năm",
                "reviewCount": "23 Đánh giá",
                "likedCount": "0 Lượt cảm ơn"
            },
            "review": {
                "rating": 5,
                "title": "Cực kì hài lòng",
                "content": ""
            }
        },
        {
            "reviewer": {
                "name": "Thuận Lê",
                "date": "Đã tham gia 1 năm",
                "reviewCount": "24 Đánh giá",
                "likedCount": "0 Lượt cảm ơn"
            },
            "review": {
                "rating": 5,
                "title": "Cực kì hài lòng",
                "content": ""
            }
        },
        {
            "reviewer": {
                "name": "Trần Chung Thuỷ",
                "date": "Đã tham gia 6 năm",
                "reviewCount": "87 Đánh giá",
                "likedCount": "4 Lượt cảm ơn"
            },
            "review": {
                "rating": 5,
                "title": "Cực kì hài lòng",
                "content": ""
            }
        },
        {
            "reviewer": {
                "name": "Đức Anh Nguyễn",
                "date": "Đã tham gia 6 năm",
                "reviewCount": "25 Đánh giá",
                "likedCount": "0 Lượt cảm ơn"
            },
            "review": {
                "rating": 5,
                "title": "Cực kì hài lòng",
                "content": ""
            }
        },
        {
            "reviewer": {
                "name": "Vũ Minh Ngọc",
                "date": "Đã tham gia 5 năm",
                "reviewCount": "14 Đánh giá",
                "likedCount": "0 Lượt cảm ơn"
            },
            "review": {
                "rating": 5,
                "title": "Cực kì hài lòng",
                "content": ""
            }
        },
        {
            "reviewer": {
                "name": "Lê Thảo Nguyên",
                "date": "Đã tham gia 6 năm",
                "reviewCount": "2 Đánh giá",
                "likedCount": "0 Lượt cảm ơn"
            },
            "review": {
                "rating": 5,
                "title": "Cực kì hài lòng",
                "content": ""
            }
        },
        {
            "reviewer": {
                "name": "đồng gia tài",
                "date": "Đã tham gia 4 năm",
                "reviewCount": "10 Đánh giá",
                "likedCount": "0 Lượt cảm ơn"
            },
            "review": {
                "rating": 5,
                "title": "Cực kì hài lòng",
                "content": "Ok"
            }
        },
        {
            "reviewer": {
                "name": "Truong Hung",
                "date": "Đã tham gia 10 năm",
                "reviewCount": "430 Đánh giá",
                "likedCount": "5 Lượt cảm ơn"
            },
            "review": {
                "rating": 5,
                "title": "Cực kì hài lòng",
                "content": ""
            }
        },
        {
            "reviewer": {
                "name": "Nguyễn Thanh Cường",
                "date": "Đã tham gia 6 năm",
                "reviewCount": "7 Đánh giá",
                "likedCount": "0 Lượt cảm ơn"
            },
            "review": {
                "rating": 5,
                "title": "Cực kì hài lòng",
                "content": ""
            }
        },
        {
            "reviewer": {
                "name": "Đinh Thiện Khang",
                "date": "Đã tham gia 5 năm",
                "reviewCount": "100 Đánh giá",
                "likedCount": "1 Lượt cảm ơn"
            },
            "review": {
                "rating": 5,
                "title": "Cực kì hài lòng",
                "content": ""
            }
        },
        {
            "reviewer": {
                "name": "Vũ Thùy Trang",
                "date": "Đã tham gia 11 năm",
                "reviewCount": "16 Đánh giá",
                "likedCount": "1 Lượt cảm ơn"
            },
            "review": {
                "rating": 5,
                "title": "Cực kì hài lòng",
                "content": "Cực kỳ hài lòng."
            }
        },
        {
            "reviewer": {
                "name": "Hồng Thái",
                "date": "Đã tham gia 5 năm",
                "reviewCount": "20 Đánh giá",
                "likedCount": "0 Lượt cảm ơn"
            },
            "review": {
                "rating": 5,
                "title": "Cực kì hài lòng",
                "content": ""
            }
        },
        {
            "reviewer": {
                "name": "Nguyễn Tiến Trung",
                "date": "Đã tham gia 7 năm",
                "reviewCount": "10 Đánh giá",
                "likedCount": "0 Lượt cảm ơn"
            },
            "review": {
                "rating": 5,
                "title": "Cực kì hài lòng",
                "content": "Chất lượng sản phẩm, dịch vụ tốt"
            }
        },
        {
            "reviewer": {
                "name": "Thuong le",
                "date": "Đã tham gia 3 năm",
                "reviewCount": "15 Đánh giá",
                "likedCount": "0 Lượt cảm ơn"
            },
            "review": {
                "rating": 5,
                "title": "Cực kì hài lòng",
                "content": ""
            }
        },
        {
            "reviewer": {
                "name": "Nguyễn Trung Kiên",
                "date": "Đã tham gia 6 năm",
                "reviewCount": "22 Đánh giá",
                "likedCount": "2 Lượt cảm ơn"
            },
            "review": {
                "rating": 5,
                "title": "Cực kì hài lòng",
                "content": ""
            }
        },
        {
            "reviewer": {
                "name": "nguyen thi ngo choa",
                "date": "Đã tham gia 2 năm",
                "reviewCount": "4 Đánh giá",
                "likedCount": "0 Lượt cảm ơn"
            },
            "review": {
                "rating": 5,
                "title": "Cực kì hài lòng",
                "content": ""
            }
        },
        {
            "reviewer": {
                "name": "Tấn Đạt",
                "date": "Đã tham gia 3 năm",
                "reviewCount": "2 Đánh giá",
                "likedCount": "0 Lượt cảm ơn"
            },
            "review": {
                "rating": 5,
                "title": "Cực kì hài lòng",
                "content": ""
            }
        },
        {
            "reviewer": {
                "name": "TRẦN ĐỨC KHẢI",
                "date": "Đã tham gia 4 năm",
                "reviewCount": "16 Đánh giá",
                "likedCount": "3 Lượt cảm ơn"
            },
            "review": {
                "rating": 5,
                "title": "Cực kì hài lòng",
                "content": ""
            }
        },
        {
            "reviewer": {
                "name": "Pham Van Vu",
                "date": "Đã tham gia 4 năm",
                "reviewCount": "50 Đánh giá",
                "likedCount": "9 Lượt cảm ơn"
            },
            "review": {
                "rating": 5,
                "title": "Cực kì hài lòng",
                "content": ""
            }
        },
        {
            "reviewer": {
                "name": "trung thanh nguyen",
                "date": "Đã tham gia 5 năm",
                "reviewCount": "74 Đánh giá",
                "likedCount": "13 Lượt cảm ơn"
            },
            "review": {
                "rating": 5,
                "title": "Cực kì hài lòng",
                "content": "Sách đẹp bìa đẹp nội dung có bổ sung thêm   Có hệ thống nên mua"
            }
        },
        {
            "reviewer": {
                "name": "tran thi hieu",
                "date": "Đã tham gia 3 năm",
                "reviewCount": "20 Đánh giá",
                "likedCount": "0 Lượt cảm ơn"
            },
            "review": {
                "rating": 5,
                "title": "Cực kì hài lòng",
                "content": ""
            }
        },
        {
            "reviewer": {
                "name": "Hoàng Việt",
                "date": "Đã tham gia 12 năm",
                "reviewCount": "14 Đánh giá",
                "likedCount": "3 Lượt cảm ơn"
            },
            "review": {
                "rating": 5,
                "title": "Cực kì hài lòng",
                "content": "Nhiều kiến thức hữu ích"
            }
        },
        {
            "reviewer": {
                "name": "Becky D",
                "date": "Đã tham gia 4 năm",
                "reviewCount": "4 Đánh giá",
                "likedCount": "0 Lượt cảm ơn"
            },
            "review": {
                "rating": 5,
                "title": "Cực kì hài lòng",
                "content": ""
            }
        },
        {
            "reviewer": {
                "name": "Trần Ngọc Bảo",
                "date": "Đã tham gia 7 năm",
                "reviewCount": "52 Đánh giá",
                "likedCount": "2 Lượt cảm ơn"
            },
            "review": {
                "rating": 5,
                "title": "Cực kì hài lòng",
                "content": "Quá hay! Lịch sử Việt Nam quá tuyệt vời"
            }
        },
        {
            "reviewer": {
                "name": "Huỳnh Thế Giàu",
                "date": "Đã tham gia 7 năm",
                "reviewCount": "86 Đánh giá",
                "likedCount": "3 Lượt cảm ơn"
            },
            "review": {
                "rating": 5,
                "title": "Cực kì hài lòng",
                "content": ""
            }
        },
        {
            "reviewer": {
                "name": "Vien Nguyen",
                "date": "Đã tham gia 6 năm",
                "reviewCount": "7 Đánh giá",
                "likedCount": "1 Lượt cảm ơn"
            },
            "review": {
                "rating": 5,
                "title": "Cực kì hài lòng",
                "content": "Sách hay"
            }
        },
        {
            "reviewer": {
                "name": "Husky y",
                "date": "Đã tham gia 8 năm",
                "reviewCount": "5 Đánh giá",
                "likedCount": "0 Lượt cảm ơn"
            },
            "review": {
                "rating": 5,
                "title": "Cực kì hài lòng",
                "content": ""
            }
        },
        {
            "reviewer": {
                "name": "Quỳnh Như",
                "date": "Đã tham gia 5 năm",
                "reviewCount": "2 Đánh giá",
                "likedCount": "0 Lượt cảm ơn"
            },
            "review": {
                "rating": 5,
                "title": "Cực kì hài lòng",
                "content": ""
            }
        },
        {
            "reviewer": {
                "name": "Lê Thị Huệ",
                "date": "Đã tham gia 1 năm",
                "reviewCount": "1 Đánh giá",
                "likedCount": "0 Lượt cảm ơn"
            },
            "review": {
                "rating": 5,
                "title": "Cực kì hài lòng",
                "content": ""
            }
        },
        {
            "reviewer": {
                "name": "Chip Chípp",
                "date": "Đã tham gia 10 năm",
                "reviewCount": "7 Đánh giá",
                "likedCount": "2 Lượt cảm ơn"
            },
            "review": {
                "rating": 5,
                "title": "Cực kì hài lòng",
                "content": ""
            }
        },
        {
            "reviewer": {
                "name": "Phạm Nguyễn Quangvinh",
                "date": "Đã tham gia 6 năm",
                "reviewCount": "2 Đánh giá",
                "likedCount": "0 Lượt cảm ơn"
            },
            "review": {
                "rating": 5,
                "title": "Cực kì hài lòng",
                "content": ""
            }
        },
        {
            "reviewer": {
                "name": "Hà Khánh Vũ",
                "date": "Đã tham gia 5 năm",
                "reviewCount": "291 Đánh giá",
                "likedCount": "11 Lượt cảm ơn"
            },
            "review": {
                "rating": 5,
                "title": "Cực kì hài lòng",
                "content": ""
            }
        },
        {
            "reviewer": {
                "name": "Vân Lê",
                "date": "Đã tham gia 5 năm",
                "reviewCount": "28 Đánh giá",
                "likedCount": "0 Lượt cảm ơn"
            },
            "review": {
                "rating": 5,
                "title": "Cực kì hài lòng",
                "content": ""
            }
        },
        {
            "reviewer": {
                "name": "Nguyễn Chí Linh",
                "date": "Đã tham gia 6 năm",
                "reviewCount": "42 Đánh giá",
                "likedCount": "0 Lượt cảm ơn"
            },
            "review": {
                "rating": 5,
                "title": "Cực kì hài lòng",
                "content": ""
            }
        },
        {
            "reviewer": {
                "name": "Ngoc Yen",
                "date": "Đã tham gia 4 năm",
                "reviewCount": "93 Đánh giá",
                "likedCount": "1 Lượt cảm ơn"
            },
            "review": {
                "rating": 5,
                "title": "Cực kì hài lòng",
                "content": ""
            }
        },
        {
            "reviewer": {
                "name": "Văn Phúc",
                "date": "Đã tham gia 6 năm",
                "reviewCount": "3 Đánh giá",
                "likedCount": "0 Lượt cảm ơn"
            },
            "review": {
                "rating": 5,
                "title": "Cực kì hài lòng",
                "content": ""
            }
        },
        {
            "reviewer": {
                "name": "Phương Uyên",
                "date": "Đã tham gia 7 năm",
                "reviewCount": "1 Đánh giá",
                "likedCount": "0 Lượt cảm ơn"
            },
            "review": {
                "rating": 5,
                "title": "Cực kì hài lòng",
                "content": ""
            }
        },
        {
            "reviewer": {
                "name": "Nguyễn Minh Phương",
                "date": "Đã tham gia 3 năm",
                "reviewCount": "22 Đánh giá",
                "likedCount": "0 Lượt cảm ơn"
            },
            "review": {
                "rating": 5,
                "title": "Cực kì hài lòng",
                "content": ""
            }
        },
        {
            "reviewer": {
                "name": "Trần Quang Phát",
                "date": "Đã tham gia 9 năm",
                "reviewCount": "307 Đánh giá",
                "likedCount": "14 Lượt cảm ơn"
            },
            "review": {
                "rating": 5,
                "title": "Cực kì hài lòng",
                "content": ""
            }
        },
        {
            "reviewer": {
                "name": "Nhím",
                "date": "Đã tham gia 6 năm",
                "reviewCount": "3 Đánh giá",
                "likedCount": "0 Lượt cảm ơn"
            },
            "review": {
                "rating": 5,
                "title": "Cực kì hài lòng",
                "content": "Rất thích ạ\nBiết rất rất nhiều về lịch sử luôn"
            }
        },
        {
            "reviewer": {
                "name": "Thắng Trần",
                "date": "Đã tham gia 5 năm",
                "reviewCount": "2 Đánh giá",
                "likedCount": "0 Lượt cảm ơn"
            },
            "review": {
                "rating": 5,
                "title": "Cực kì hài lòng",
                "content": ""
            }
        },
        {
            "reviewer": {
                "name": "Hoàng Anh",
                "date": "Đã tham gia 6 năm",
                "reviewCount": "43 Đánh giá",
                "likedCount": "0 Lượt cảm ơn"
            },
            "review": {
                "rating": 5,
                "title": "Cực kì hài lòng",
                "content": ""
            }
        },
        {
            "reviewer": {
                "name": "Anh Tran",
                "date": "Đã tham gia 8 năm",
                "reviewCount": "20 Đánh giá",
                "likedCount": "0 Lượt cảm ơn"
            },
            "review": {
                "rating": 5,
                "title": "Cực kì hài lòng",
                "content": ""
            }
        },
        {
            "reviewer": {
                "name": "Võ Huy Hải",
                "date": "Đã tham gia 5 năm",
                "reviewCount": "111 Đánh giá",
                "likedCount": "1 Lượt cảm ơn"
            },
            "review": {
                "rating": 5,
                "title": "Cực kì hài lòng",
                "content": ""
            }
        },
        {
            "reviewer": {
                "name": "Vũ Thu Hiền",
                "date": "Đã tham gia 2 năm",
                "reviewCount": "10 Đánh giá",
                "likedCount": "0 Lượt cảm ơn"
            },
            "review": {
                "rating": 5,
                "title": "Cực kì hài lòng",
                "content": ""
            }
        },
        {
            "reviewer": {
                "name": "hồng anh",
                "date": "Đã tham gia 3 năm",
                "reviewCount": "2 Đánh giá",
                "likedCount": "0 Lượt cảm ơn"
            },
            "review": {
                "rating": 5,
                "title": "Cực kì hài lòng",
                "content": ""
            }
        },
        {
            "reviewer": {
                "name": "Bibi Macmac",
                "date": "Đã tham gia 8 năm",
                "reviewCount": "14 Đánh giá",
                "likedCount": "0 Lượt cảm ơn"
            },
            "review": {
                "rating": 5,
                "title": "Cực kì hài lòng",
                "content": ""
            }
        },
        {
            "reviewer": {
                "name": "Nguyễn Dung",
                "date": "Đã tham gia 6 năm",
                "reviewCount": "6 Đánh giá",
                "likedCount": "1 Lượt cảm ơn"
            },
            "review": {
                "rating": 5,
                "title": "Cực kì hài lòng",
                "content": ""
            }
        },
        {
            "reviewer": {
                "name": "Le Ngoc Khanh",
                "date": "Đã tham gia 3 năm",
                "reviewCount": "26 Đánh giá",
                "likedCount": "0 Lượt cảm ơn"
            },
            "review": {
                "rating": 5,
                "title": "Cực kì hài lòng",
                "content": ""
            }
        },
        {
            "reviewer": {
                "name": "Thanh Tú",
                "date": "Đã tham gia 2 năm",
                "reviewCount": "11 Đánh giá",
                "likedCount": "0 Lượt cảm ơn"
            },
            "review": {
                "rating": 5,
                "title": "Cực kì hài lòng",
                "content": ""
            }
        },
        {
            "reviewer": {
                "name": "Styleall Nguyen",
                "date": "Đã tham gia 7 năm",
                "reviewCount": "19 Đánh giá",
                "likedCount": "0 Lượt cảm ơn"
            },
            "review": {
                "rating": 5,
                "title": "Cực kì hài lòng",
                "content": ""
            }
        },
        {
            "reviewer": {
                "name": "Lê Nhung",
                "date": "Đã tham gia 2 năm",
                "reviewCount": "6 Đánh giá",
                "likedCount": "0 Lượt cảm ơn"
            },
            "review": {
                "rating": 5,
                "title": "Cực kì hài lòng",
                "content": ""
            }
        },
        {
            "reviewer": {
                "name": "Chình Chình",
                "date": "Đã tham gia 6 năm",
                "reviewCount": "9 Đánh giá",
                "likedCount": "0 Lượt cảm ơn"
            },
            "review": {
                "rating": 5,
                "title": "Cực kì hài lòng",
                "content": ""
            }
        },
        {
            "reviewer": {
                "name": "Nguyễn Đại Dương",
                "date": "Đã tham gia 6 năm",
                "reviewCount": "6 Đánh giá",
                "likedCount": "0 Lượt cảm ơn"
            },
            "review": {
                "rating": 5,
                "title": "Cực kì hài lòng",
                "content": ""
            }
        },
        {
            "reviewer": {
                "name": "Anh Anh",
                "date": "Đã tham gia 5 năm",
                "reviewCount": "3 Đánh giá",
                "likedCount": "0 Lượt cảm ơn"
            },
            "review": {
                "rating": 5,
                "title": "Cực kì hài lòng",
                "content": "Sách mới, không quăn hay rách, giấy đẹp mực in tốt"
            }
        },
        {
            "reviewer": {
                "name": "Nguyễn Loan",
                "date": "Đã tham gia 4 năm",
                "reviewCount": "39 Đánh giá",
                "likedCount": "0 Lượt cảm ơn"
            },
            "review": {
                "rating": 5,
                "title": "Cực kì hài lòng",
                "content": ""
            }
        },
        {
            "reviewer": {
                "name": "Nguyen van duoc",
                "date": "Đã tham gia 6 năm",
                "reviewCount": "28 Đánh giá",
                "likedCount": "1 Lượt cảm ơn"
            },
            "review": {
                "rating": 5,
                "title": "Cực kì hài lòng",
                "content": ""
            }
        },
        {
            "reviewer": {
                "name": "Võ Trịnh Thiên Kim",
                "date": "Đã tham gia 2 năm",
                "reviewCount": "5 Đánh giá",
                "likedCount": "0 Lượt cảm ơn"
            },
            "review": {
                "rating": 5,
                "title": "Cực kì hài lòng",
                "content": ""
            }
        },
        {
            "reviewer": {
                "name": "Nguyễn Huy",
                "date": "Đã tham gia 3 năm",
                "reviewCount": "1 Đánh giá",
                "likedCount": "0 Lượt cảm ơn"
            },
            "review": {
                "rating": 5,
                "title": "Cực kì hài lòng",
                "content": ""
            }
        },
        {
            "reviewer": {
                "name": "Dennyphamarch",
                "date": "Đã tham gia 6 năm",
                "reviewCount": "2 Đánh giá",
                "likedCount": "0 Lượt cảm ơn"
            },
            "review": {
                "rating": 5,
                "title": "Cực kì hài lòng",
                "content": ""
            }
        },
        {
            "reviewer": {
                "name": "Tố Quyên",
                "date": "Đã tham gia 6 năm",
                "reviewCount": "2 Đánh giá",
                "likedCount": "0 Lượt cảm ơn"
            },
            "review": {
                "rating": 5,
                "title": "Cực kì hài lòng",
                "content": ""
            }
        },
        {
            "reviewer": {
                "name": "Huynh Thi Hoa Y",
                "date": "Đã tham gia 4 năm",
                "reviewCount": "66 Đánh giá",
                "likedCount": "0 Lượt cảm ơn"
            },
            "review": {
                "rating": 5,
                "title": "Cực kì hài lòng",
                "content": ""
            }
        },
        {
            "reviewer": {
                "name": "Nguyễn Minh Vũ",
                "date": "Đã tham gia 5 năm",
                "reviewCount": "134 Đánh giá",
                "likedCount": "1 Lượt cảm ơn"
            },
            "review": {
                "rating": 5,
                "title": "Cực kì hài lòng",
                "content": ""
            }
        },
        {
            "reviewer": {
                "name": "Lê Nghĩa Hiệp",
                "date": "Đã tham gia 7 năm",
                "reviewCount": "378 Đánh giá",
                "likedCount": "10 Lượt cảm ơn"
            },
            "review": {
                "rating": 5,
                "title": "Cực kì hài lòng",
                "content": ""
            }
        },
        {
            "reviewer": {
                "name": "phạm trúc lê",
                "date": "Đã tham gia 11 năm",
                "reviewCount": "15 Đánh giá",
                "likedCount": "8 Lượt cảm ơn"
            },
            "review": {
                "rating": 5,
                "title": "Cực kì hài lòng",
                "content": ""
            }
        },
        {
            "reviewer": {
                "name": "Nguyễn Linh",
                "date": "Đã tham gia 9 năm",
                "reviewCount": "39 Đánh giá",
                "likedCount": "3 Lượt cảm ơn"
            },
            "review": {
                "rating": 5,
                "title": "Cực kì hài lòng",
                "content": ""
            }
        },
        {
            "reviewer": {
                "name": "Tran Duc Truc",
                "date": "Đã tham gia 4 năm",
                "reviewCount": "52 Đánh giá",
                "likedCount": "0 Lượt cảm ơn"
            },
            "review": {
                "rating": 5,
                "title": "Cực kì hài lòng",
                "content": ""
            }
        },
        {
            "reviewer": {
                "name": "lê thị lộc",
                "date": "Đã tham gia 3 năm",
                "reviewCount": "24 Đánh giá",
                "likedCount": "0 Lượt cảm ơn"
            },
            "review": {
                "rating": 5,
                "title": "Cực kì hài lòng",
                "content": ""
            }
        },
        {
            "reviewer": {
                "name": "Linh Ho",
                "date": "Đã tham gia 6 năm",
                "reviewCount": "17 Đánh giá",
                "likedCount": "0 Lượt cảm ơn"
            },
            "review": {
                "rating": 5,
                "title": "Cực kì hài lòng",
                "content": ""
            }
        },
        {
            "reviewer": {
                "name": "Tân Trần Đức",
                "date": "Đã tham gia 6 năm",
                "reviewCount": "30 Đánh giá",
                "likedCount": "1 Lượt cảm ơn"
            },
            "review": {
                "rating": 5,
                "title": "Cực kì hài lòng",
                "content": ""
            }
        },
        {
            "reviewer": {
                "name": "Pham Xuan Thuong",
                "date": "Đã tham gia 4 năm",
                "reviewCount": "189 Đánh giá",
                "likedCount": "0 Lượt cảm ơn"
            },
            "review": {
                "rating": 5,
                "title": "Cực kì hài lòng",
                "content": "Good"
            }
        },
        {
            "reviewer": {
                "name": "Trâm Huỳnh",
                "date": "Đã tham gia 4 năm",
                "reviewCount": "277 Đánh giá",
                "likedCount": "6 Lượt cảm ơn"
            },
            "review": {
                "rating": 5,
                "title": "Cực kì hài lòng",
                "content": ""
            }
        },
        {
            "reviewer": {
                "name": "Từ Khánh Ly",
                "date": "Đã tham gia 5 năm",
                "reviewCount": "5 Đánh giá",
                "likedCount": "0 Lượt cảm ơn"
            },
            "review": {
                "rating": 5,
                "title": "Cực kì hài lòng",
                "content": ""
            }
        },
        {
            "reviewer": {
                "name": "Nguyễn Hùng",
                "date": "Đã tham gia 13 năm",
                "reviewCount": "115 Đánh giá",
                "likedCount": "7 Lượt cảm ơn"
            },
            "review": {
                "rating": 5,
                "title": "Cực kì hài lòng",
                "content": ""
            }
        },
        {
            "reviewer": {
                "name": "Ngọc Trân",
                "date": "Đã tham gia 5 năm",
                "reviewCount": "2 Đánh giá",
                "likedCount": "0 Lượt cảm ơn"
            },
            "review": {
                "rating": 5,
                "title": "Cực kì hài lòng",
                "content": ""
            }
        },
        {
            "reviewer": {
                "name": "Đồng Hảo",
                "date": "Đã tham gia 3 năm",
                "reviewCount": "1 Đánh giá",
                "likedCount": "0 Lượt cảm ơn"
            },
            "review": {
                "rating": 5,
                "title": "Cực kì hài lòng",
                "content": ""
            }
        },
        {
            "reviewer": {
                "name": "Phạm Bích Trâm",
                "date": "Đã tham gia 4 năm",
                "reviewCount": "26 Đánh giá",
                "likedCount": "0 Lượt cảm ơn"
            },
            "review": {
                "rating": 5,
                "title": "Cực kì hài lòng",
                "content": ""
            }
        },
        {
            "reviewer": {
                "name": "Tuyết Mai",
                "date": "Đã tham gia 2 năm",
                "reviewCount": "4 Đánh giá",
                "likedCount": "0 Lượt cảm ơn"
            },
            "review": {
                "rating": 5,
                "title": "Cực kì hài lòng",
                "content": ""
            }
        },
        {
            "reviewer": {
                "name": "Tran Long",
                "date": "Đã tham gia 6 năm",
                "reviewCount": "78 Đánh giá",
                "likedCount": "5 Lượt cảm ơn"
            },
            "review": {
                "rating": 5,
                "title": "Cực kì hài lòng",
                "content": ""
            }
        },
        {
            "reviewer": {
                "name": "Nguyễn Vĩnh Cường",
                "date": "Đã tham gia 7 năm",
                "reviewCount": "15 Đánh giá",
                "likedCount": "0 Lượt cảm ơn"
            },
            "review": {
                "rating": 5,
                "title": "Cực kì hài lòng",
                "content": ""
            }
        },
        {
            "reviewer": {
                "name": "Diep kim yến",
                "date": "Đã tham gia 4 năm",
                "reviewCount": "463 Đánh giá",
                "likedCount": "8 Lượt cảm ơn"
            },
            "review": {
                "rating": 5,
                "title": "Cực kì hài lòng",
                "content": ""
            }
        },
        {
            "reviewer": {
                "name": "Tina Le",
                "date": "Đã tham gia 8 năm",
                "reviewCount": "10 Đánh giá",
                "likedCount": "0 Lượt cảm ơn"
            },
            "review": {
                "rating": 5,
                "title": "Cực kì hài lòng",
                "content": ""
            }
        },
        {
            "reviewer": {
                "name": "Trn Dip Minh Th",
                "date": "Đã tham gia 5 năm",
                "reviewCount": "11 Đánh giá",
                "likedCount": "0 Lượt cảm ơn"
            },
            "review": {
                "rating": 5,
                "title": "Cực kì hài lòng",
                "content": ""
            }
        },
        {
            "reviewer": {
                "name": "Li ly",
                "date": "Đã tham gia 4 năm",
                "reviewCount": "47 Đánh giá",
                "likedCount": "5 Lượt cảm ơn"
            },
            "review": {
                "rating": 5,
                "title": "Cực kì hài lòng",
                "content": ""
            }
        },
        {
            "reviewer": {
                "name": "Đào thị thương huyền",
                "date": "Đã tham gia 5 năm",
                "reviewCount": "12 Đánh giá",
                "likedCount": "0 Lượt cảm ơn"
            },
            "review": {
                "rating": 5,
                "title": "Cực kì hài lòng",
                "content": ""
            }
        },
        {
            "reviewer": {
                "name": "Hanagaki Zelene",
                "date": "Đã tham gia 3 năm",
                "reviewCount": "15 Đánh giá",
                "likedCount": "0 Lượt cảm ơn"
            },
            "review": {
                "rating": 5,
                "title": "Cực kì hài lòng",
                "content": ""
            }
        },
        {
            "reviewer": {
                "name": "Nguyễn Hoa",
                "date": "Đã tham gia 5 năm",
                "reviewCount": "106 Đánh giá",
                "likedCount": "13 Lượt cảm ơn"
            },
            "review": {
                "rating": 5,
                "title": "Cực kì hài lòng",
                "content": ""
            }
        },
        {
            "reviewer": {
                "name": "Lê Thị Hải Yến",
                "date": "Đã tham gia 6 năm",
                "reviewCount": "21 Đánh giá",
                "likedCount": "0 Lượt cảm ơn"
            },
            "review": {
                "rating": 5,
                "title": "Cực kì hài lòng",
                "content": ""
            }
        },
        {
            "reviewer": {
                "name": "Đỗ Khắc Triệu",
                "date": "Đã tham gia 10 năm",
                "reviewCount": "332 Đánh giá",
                "likedCount": "11 Lượt cảm ơn"
            },
            "review": {
                "rating": 5,
                "title": "Cực kì hài lòng",
                "content": ""
            }
        },
        {
            "reviewer": {
                "name": "mỹ duyên",
                "date": "Đã tham gia 3 năm",
                "reviewCount": "9 Đánh giá",
                "likedCount": "0 Lượt cảm ơn"
            },
            "review": {
                "rating": 5,
                "title": "Cực kì hài lòng",
                "content": ""
            }
        },
        {
            "reviewer": {
                "name": "Ngọc Hân",
                "date": "Đã tham gia 3 năm",
                "reviewCount": "5 Đánh giá",
                "likedCount": "0 Lượt cảm ơn"
            },
            "review": {
                "rating": 5,
                "title": "Cực kì hài lòng",
                "content": ""
            }
        },
        {
            "reviewer": {
                "name": "Chi Mai",
                "date": "Đã tham gia 5 năm",
                "reviewCount": "24 Đánh giá",
                "likedCount": "0 Lượt cảm ơn"
            },
            "review": {
                "rating": 5,
                "title": "Cực kì hài lòng",
                "content": ""
            }
        },
        {
            "reviewer": {
                "name": "Hoàng TThu Thảo",
                "date": "Đã tham gia 6 năm",
                "reviewCount": "12 Đánh giá",
                "likedCount": "5 Lượt cảm ơn"
            },
            "review": {
                "rating": 5,
                "title": "Cực kì hài lòng",
                "content": ""
            }
        },
        {
            "reviewer": {
                "name": "Nguyễn Thị Hồng Tiên",
                "date": "Đã tham gia 3 năm",
                "reviewCount": "1 Đánh giá",
                "likedCount": "0 Lượt cảm ơn"
            },
            "review": {
                "rating": 5,
                "title": "Cực kì hài lòng",
                "content": "đẹp"
            }
        },
        {
            "reviewer": {
                "name": "Nguyễn Bá Huy",
                "date": "Đã tham gia 3 năm",
                "reviewCount": "5 Đánh giá",
                "likedCount": "0 Lượt cảm ơn"
            },
            "review": {
                "rating": 5,
                "title": "Cực kì hài lòng",
                "content": "Tốt"
            }
        },
        {
            "reviewer": {
                "name": "Thanh Duy Huỳnh",
                "date": "Đã tham gia 4 năm",
                "reviewCount": "22 Đánh giá",
                "likedCount": "1 Lượt cảm ơn"
            },
            "review": {
                "rating": 5,
                "title": "Cực kì hài lòng",
                "content": ""
            }
        },
        {
            "reviewer": {
                "name": "Bùi Diễm Phước",
                "date": "Đã tham gia 4 năm",
                "reviewCount": "16 Đánh giá",
                "likedCount": "1 Lượt cảm ơn"
            },
            "review": {
                "rating": 5,
                "title": "Cực kì hài lòng",
                "content": ""
            }
        },
        {
            "reviewer": {
                "name": "Nguyễn Hữu Hải",
                "date": "Đã tham gia 3 năm",
                "reviewCount": "2 Đánh giá",
                "likedCount": "0 Lượt cảm ơn"
            },
            "review": {
                "rating": 5,
                "title": "Cực kì hài lòng",
                "content": ""
            }
        },
        {
            "reviewer": {
                "name": "Nguyễn Mỹ Phúc",
                "date": "Đã tham gia 5 năm",
                "reviewCount": "44 Đánh giá",
                "likedCount": "0 Lượt cảm ơn"
            },
            "review": {
                "rating": 5,
                "title": "Cực kì hài lòng",
                "content": ""
            }
        },
        {
            "reviewer": {
                "name": "Nguyen Giao",
                "date": "Đã tham gia 4 năm",
                "reviewCount": "20 Đánh giá",
                "likedCount": "0 Lượt cảm ơn"
            },
            "review": {
                "rating": 4,
                "title": "Hài lòng",
                "content": ""
            }
        },
        {
            "reviewer": {
                "name": "Nguyễn Ngọc Dũng",
                "date": "Đã tham gia 8 năm",
                "reviewCount": "26 Đánh giá",
                "likedCount": "0 Lượt cảm ơn"
            },
            "review": {
                "rating": 4,
                "title": "Hài lòng",
                "content": ""
            }
        },
        {
            "reviewer": {
                "name": "Đông Lê",
                "date": "Đã tham gia 2 năm",
                "reviewCount": "3 Đánh giá",
                "likedCount": "0 Lượt cảm ơn"
            },
            "review": {
                "rating": 4,
                "title": "Hài lòng",
                "content": "Hay chất lươjng tốt dễ hiêyr"
            }
        },
        {
            "reviewer": {
                "name": "Nguyễn Thị Phương Anh",
                "date": "Đã tham gia 4 năm",
                "reviewCount": "62 Đánh giá",
                "likedCount": "0 Lượt cảm ơn"
            },
            "review": {
                "rating": 4,
                "title": "Hài lòng",
                "content": "Hài lòng. Tuy nhiên, sách không có màng bọc nilong bên ngoài"
            }
        },
        {
            "reviewer": {
                "name": "Nguyen Van Quoc",
                "date": "Đã tham gia 2 năm",
                "reviewCount": "12 Đánh giá",
                "likedCount": "0 Lượt cảm ơn"
            },
            "review": {
                "rating": 4,
                "title": "Hài lòng",
                "content": ""
            }
        },
        {
            "reviewer": {
                "name": "Tran Quoc Hoan",
                "date": "Đã tham gia 4 năm",
                "reviewCount": "7 Đánh giá",
                "likedCount": "1 Lượt cảm ơn"
            },
            "review": {
                "rating": 4,
                "title": "Hài lòng",
                "content": ""
            }
        },
        {
            "reviewer": {
                "name": "Nguyễn Hoàng Thoại",
                "date": "Đã tham gia 4 năm",
                "reviewCount": "109 Đánh giá",
                "likedCount": "1 Lượt cảm ơn"
            },
            "review": {
                "rating": 4,
                "title": "Hài lòng",
                "content": ""
            }
        },
        {
            "reviewer": {
                "name": "Nhi Nguyễn",
                "date": "Đã tham gia 8 năm",
                "reviewCount": "79 Đánh giá",
                "likedCount": "8 Lượt cảm ơn"
            },
            "review": {
                "rating": 3,
                "title": "Bình thường",
                "content": "Đợt này quyển nào cũng dơ cũ."
            }
        },
        {
            "reviewer": {
                "name": "Trần Nguyên Giáp",
                "date": "Đã tham gia 7 năm",
                "reviewCount": "76 Đánh giá",
                "likedCount": "31 Lượt cảm ơn"
            },
            "review": {
                "rating": 4,
                "title": "Hài lòng",
                "content": ""
            }
        },
        {
            "reviewer": {
                "name": "Huynh Nguyen",
                "date": "Đã tham gia 5 năm",
                "reviewCount": "11 Đánh giá",
                "likedCount": "0 Lượt cảm ơn"
            },
            "review": {
                "rating": 4,
                "title": "Hài lòng",
                "content": ""
            }
        }
    ]
}