{
    "url": "https://tiki.vn/sapiens-luoc-su-loai-nguoi-ban-bo-tui-p274845354.html?spid=274845356",
    "info": {
        "title": "Sapiens - Lược Sử Loài Người (Bản Bỏ Túi)",
        "author": "Yuval Noah Harari",
        "imageUrl": "https://salt.tikicdn.com/cache/750x750/ts/product/7d/07/f6/2e0daae3f9383a3e1c5d85b1e0156953.jpg.webp",
        "soldQuantity": 454,
        "currentPrice": 97690,
        "originalPrice": 159000
    },
    "details": {
        "publisher": "Alphabooks",
        "publishDate": "2024-04-15 00:00:00",
        "dimensions": "12 x 18 cm",
        "translator": "Nguyễn Thủy Chung\nVõ Minh Tuấn",
        "coverType": "Bìa mềm",
        "pageCount": "628",
        "publishingHouse": "Nhà Xuất Bản Tri Thức"
    },
    "description": "Sapiens - Cuốn sách lịch sử nhân loại bán chạy hàng đầu thế giới\nCuốn sách “Sapiens - lược sử loài người\" đã được xuất bản bằng tiếng Do Thái lần đầu vào năm 2011 và sau đó bằng tiếng Anh vào năm 2014. Sau 10 năm xuất bản chính thức bằng tiếng Anh trên toàn cầu (2014-2024), “Sapiens - lược sử loài người\" đã được dịch ra trên 64 ngôn ngữ và được phát hành trên toàn thế giới với hơn 21 triệu bản in, đưa tác giả Harari thành một người nổi tiếng toàn thế giới.\n“Sapiens: Lược sử loài người” liên tục xuất hiện trong mọi danh mục sách bán chạy trên toán cầu, trong đó có 96 tuần liên tiếp (trên tổng số 182 tuần) đứng đầu danh mục New York Times Bestseller. Cuốn sách được nhận nhiều giải thưởng, trong đó nổi bật nhất là Giải thưởng Thư viện Quốc Gia Trung Quốc dành cho cuốn sách nổi bật nhất được xuất bản năm 2014 (National Library of China's Wenjin Book Award for the best book published in 2014).\nCuốn sách cũng nhận được rất nhiều lời khen tặng từ những nhân vật nổi tiếng như:\nBarack Obama: “Thú vị và gợi mở, cuốn sách tạo cảm giác chúng ta đã tồn tại trên Trái đất trong thời gian ngắn như thế nào.”\nBarack Obama: “Tôi muốn giới thiệu Sapiens cho bất kỳ ai quan tâm đến lịch sử và tương lai của giống loài chúng ta.”\nJared Diamond: “Giải quyết những câu hỏi lớn nhất của lịch sử và thế giới hiện đại, được viết bằng thứ ngôn ngữ sống động khó quên. Bạn sẽ thích cuốn sách này.”\n“Sapiens” đưa chúng ta vào một chuyến đi kinh ngạc qua toàn bộ lịch sử loài người, từ những gốc rễ tiến hóa cho đến thời đại của chủ nghĩa tư bản và kỹ thuật di truyền, để khám phá tại sao chúng ta đang ở trong những điều kiện sinh sống hiện tại.\nNgoài trừ phiên bản chữ thông thường, tác giả còn cho ra nhiều phiên bản khác nhau dành cho nhiều đối tượng khác nhau như phiên bản truyện tranh dành cho thanh thiếu niên, phiên bản truyện kể dành cho trẻ em đều được sự đón nhận nồng nhiệt từ độc giả khắp nơi.\nNhân dịp kỷ niệm 10 năm ra mắt, Omega+ cho ra mắt phiên bản bỏ túi dành riêng cho thị trường Việt Nam để phù hợp với nhu cầu thị hiếu của giới trẻ ưa thích sự tiện dụng, nhỏ gọn và giá thành phải chăng.\nĐiểm nổi bật của Ấn bản bỏ túi - Kỷ niệm 10 năm xuất bản:\n\"Sapiens: Lược sử loài người\" - Ấn bản kỷ niệm 10 năm được xuất bản với hình thức bỏ túi nhỏ gọn, khổ 12x18cm, thuận tiện cho việc sử dụng ở mọi nơi, giúp người đọc dễ dàng mang theo và tra cứu.\nPhiên bản kỷ niệm này còn đặc biệt hơn nữa với sự bổ sung của một Lời bạt mới từ tác giả Yuval Noah Harari, chứa đựng những kiến thức quan trọng được cập nhật trong thập kỷ qua. Không chỉ vậy, tác giả cũng thực hiện một số chỉnh sửa trong văn bản gốc, bao gồm việc điều chỉnh số liệu, nhận định và quan điểm cá nhân về các vấn đề trong đời sống hiện đại.\nĐiểm đáng chú ý khác của ấn bản lần này là việc bổ sung các lời bình về cuốn sách từ các nhân vật nổi tiếng, tạo ra một tác phẩm đa chiều, phong phú và đầy sức sống.\nKể về sự phát triển của nhân loại và thế giới xung quanh chúng ta, “Sapiens: Lược sử loài người” là cuốn sách không chỉ phù hợp với các bạn đọc yêu thích tìm hiểu lịch sử, mà còn dễ tiếp cận với mọi đối tượng độc giả, đặc biệt là độc giả trẻ tuổi, thường xuyên di chuyển và muốn tiếp cận nội dung sách một cách nhanh chóng.\nCuốn sách thuộc Tủ sách Lịch sử thế giới của Omega Plus.\nGiá sản phẩm trên Tiki đã bao gồm thuế theo luật hiện hành. Bên cạnh đó, tuỳ vào loại sản phẩm, hình thức và địa chỉ giao hàng mà có thể phát sinh thêm chi phí khác như phí vận chuyển, phụ phí hàng cồng kềnh, thuế nhập khẩu (đối với đơn hàng giao từ nước ngoài có giá trị trên 1 triệu đồng).....",
    "rating": {
        "totalRating": 5.0,
        "numberOfRating": 46
    },
    "reviews": [
        {
            "reviewer": {
                "name": "Phạm Thanh Huyền",
                "date": "Đã tham gia 4 năm",
                "reviewCount": "41 Đánh giá",
                "likedCount": "8 Lượt cảm ơn"
            },
            "review": {
                "rating": 5,
                "title": "Cực kì hài lòng",
                "content": "Tiki giao thần tốc, mình đặt 1h sáng giao chiều cùng ngày, chất lượng sản phẩm thì khỏi phải bàn, giá cả có thể cao hơn các nền tảng khác một chút nhưng đổi lại dịch vụ tuyệt vời"
            }
        },
        {
            "reviewer": {
                "name": "Nguyễn Ngọc Huy",
                "date": "Đã tham gia 9 năm",
                "reviewCount": "45 Đánh giá",
                "likedCount": "6 Lượt cảm ơn"
            },
            "review": {
                "rating": 5,
                "title": "Cực kì hài lòng",
                "content": "Nên đọc\r\nPhiên bản nhỏ gọn dễ mang theo đâu đó\r\nMột cuốn sách tuyệt vời để mở ra những nhiều mới lạ về thế giới loài người.\r\nTôi đọc cuốn này kèm theo cây bút chì, quá nhiều luận điểm thú vị mà tác giả đưa ra"
            }
        },
        {
            "reviewer": {
                "name": "Quang Sĩ",
                "date": "Đã tham gia 5 năm",
                "reviewCount": "4 Đánh giá",
                "likedCount": "0 Lượt cảm ơn"
            },
            "review": {
                "rating": 5,
                "title": "Cực kì hài lòng",
                "content": "Sách hay."
            }
        },
        {
            "reviewer": {
                "name": "Nguyen Thi Hong Nhung",
                "date": "Đã tham gia 9 năm",
                "reviewCount": "237 Đánh giá",
                "likedCount": "2 Lượt cảm ơn"
            },
            "review": {
                "rating": 5,
                "title": "Cực kì hài lòng",
                "content": "Shop đóng gói cẩn thận và giao nhanh. Sẽ tiếp tục ủng hộ ah shop."
            }
        },
        {
            "reviewer": {
                "name": "Nguyễn Hữu Duy",
                "date": "Đã tham gia 7 năm",
                "reviewCount": "9 Đánh giá",
                "likedCount": "5 Lượt cảm ơn"
            },
            "review": {
                "rating": 5,
                "title": "Cực kì hài lòng",
                "content": "Chất lượng nội dung không thể chê được, mua phiên bản nhỏ gọn để dễ mang theo"
            }
        },
        {
            "reviewer": {
                "name": "Tung Tung",
                "date": "Đã tham gia 6 năm",
                "reviewCount": "431 Đánh giá",
                "likedCount": "311 Lượt cảm ơn"
            },
            "review": {
                "rating": 5,
                "title": "Cực kì hài lòng",
                "content": "Ok"
            }
        },
        {
            "reviewer": {
                "name": "Phong Phú",
                "date": "Đã tham gia 3 năm",
                "reviewCount": "8 Đánh giá",
                "likedCount": "0 Lượt cảm ơn"
            },
            "review": {
                "rating": 5,
                "title": "Cực kì hài lòng",
                "content": "Giao hàng đúng cam kết ( trước 16h)-\r\nĐóng gói cẩn thận. Sách đẹp"
            }
        },
        {
            "reviewer": {
                "name": "Trần Tuấn Phong",
                "date": "Đã tham gia 6 năm",
                "reviewCount": "1 Đánh giá",
                "likedCount": "0 Lượt cảm ơn"
            },
            "review": {
                "rating": 5,
                "title": "Cực kì hài lòng",
                "content": "Giao hàng nhanh và đóng gói rất kỹ càng. Dịch vụ ok lắm luôn nheee"
            }
        },
        {
            "reviewer": {
                "name": "Nguyễn Ngọc",
                "date": "Đã tham gia 11 năm",
                "reviewCount": "3 Đánh giá",
                "likedCount": "0 Lượt cảm ơn"
            },
            "review": {
                "rating": 5,
                "title": "Cực kì hài lòng",
                "content": "Sách bọc cứng đẹp, giao nhanh. Một quyển sách hay, nên đọc nha"
            }
        },
        {
            "reviewer": {
                "name": "Nam Cn",
                "date": "Đã tham gia 5 năm",
                "reviewCount": "4 Đánh giá",
                "likedCount": "1 Lượt cảm ơn"
            },
            "review": {
                "rating": 5,
                "title": "Cực kì hài lòng",
                "content": "Thông tin bổ ích. Mình thích."
            }
        },
        {
            "reviewer": {
                "name": "Vo Minh Dat",
                "date": "Đã tham gia 8 năm",
                "reviewCount": "13 Đánh giá",
                "likedCount": "8 Lượt cảm ơn"
            },
            "review": {
                "rating": 5,
                "title": "Cực kì hài lòng",
                "content": "Nice"
            }
        },
        {
            "reviewer": {
                "name": "boss huy",
                "date": "Đã tham gia 6 năm",
                "reviewCount": "108 Đánh giá",
                "likedCount": "6 Lượt cảm ơn"
            },
            "review": {
                "rating": 5,
                "title": "Cực kì hài lòng",
                "content": "Ok"
            }
        },
        {
            "reviewer": {
                "name": "Trang Billie",
                "date": "Đã tham gia 1 năm",
                "reviewCount": "10 Đánh giá",
                "likedCount": "0 Lượt cảm ơn"
            },
            "review": {
                "rating": 5,
                "title": "Cực kì hài lòng",
                "content": "sách mới nguyên seal, giao hàng nhanh"
            }
        },
        {
            "reviewer": {
                "name": "Diệp Minh Long",
                "date": "Đã tham gia 8 năm",
                "reviewCount": "5 Đánh giá",
                "likedCount": "3 Lượt cảm ơn"
            },
            "review": {
                "rating": 5,
                "title": "Cực kì hài lòng",
                "content": ""
            }
        },
        {
            "reviewer": {
                "name": "Phạm Duy Cơ",
                "date": "Đã tham gia 2 năm",
                "reviewCount": "7 Đánh giá",
                "likedCount": "0 Lượt cảm ơn"
            },
            "review": {
                "rating": 5,
                "title": "Cực kì hài lòng",
                "content": ""
            }
        },
        {
            "reviewer": {
                "name": "nguyen phuong",
                "date": "Đã tham gia 11 năm",
                "reviewCount": "1 Đánh giá",
                "likedCount": "0 Lượt cảm ơn"
            },
            "review": {
                "rating": 5,
                "title": "Cực kì hài lòng",
                "content": ""
            }
        },
        {
            "reviewer": {
                "name": "Trương Thọ Long",
                "date": "Đã tham gia 5 năm",
                "reviewCount": "44 Đánh giá",
                "likedCount": "0 Lượt cảm ơn"
            },
            "review": {
                "rating": 5,
                "title": "Cực kì hài lòng",
                "content": ""
            }
        },
        {
            "reviewer": {
                "name": "Lê Anh Tuấn",
                "date": "Đã tham gia 15 năm",
                "reviewCount": "74 Đánh giá",
                "likedCount": "2 Lượt cảm ơn"
            },
            "review": {
                "rating": 5,
                "title": "Cực kì hài lòng",
                "content": ""
            }
        },
        {
            "reviewer": {
                "name": "Nguyễn Sao Linh",
                "date": "Đã tham gia 3 năm",
                "reviewCount": "34 Đánh giá",
                "likedCount": "0 Lượt cảm ơn"
            },
            "review": {
                "rating": 5,
                "title": "Cực kì hài lòng",
                "content": "Rất hay"
            }
        },
        {
            "reviewer": {
                "name": "Hồ Quốc Trung",
                "date": "Đã tham gia 1 năm",
                "reviewCount": "3 Đánh giá",
                "likedCount": "0 Lượt cảm ơn"
            },
            "review": {
                "rating": 5,
                "title": "Cực kì hài lòng",
                "content": ""
            }
        },
        {
            "reviewer": {
                "name": "Nguyễn Vũ",
                "date": "Đã tham gia 1 tháng",
                "reviewCount": "10 Đánh giá",
                "likedCount": "1 Lượt cảm ơn"
            },
            "review": {
                "rating": 5,
                "title": "Cực kì hài lòng",
                "content": ""
            }
        },
        {
            "reviewer": {
                "name": "Mỹ Quyên",
                "date": "Đã tham gia 4 năm",
                "reviewCount": "7 Đánh giá",
                "likedCount": "0 Lượt cảm ơn"
            },
            "review": {
                "rating": 5,
                "title": "Cực kì hài lòng",
                "content": ""
            }
        },
        {
            "reviewer": {
                "name": "Văn Nguyễn Đình",
                "date": "Đã tham gia 4 năm",
                "reviewCount": "3 Đánh giá",
                "likedCount": "0 Lượt cảm ơn"
            },
            "review": {
                "rating": 5,
                "title": "Cực kì hài lòng",
                "content": ""
            }
        },
        {
            "reviewer": {
                "name": "Võ Thị Hải Anh",
                "date": "Đã tham gia 7 năm",
                "reviewCount": "10 Đánh giá",
                "likedCount": "0 Lượt cảm ơn"
            },
            "review": {
                "rating": 5,
                "title": "Cực kì hài lòng",
                "content": ""
            }
        },
        {
            "reviewer": {
                "name": "Anh Bùi Quốc",
                "date": "Đã tham gia 1 năm",
                "reviewCount": "3 Đánh giá",
                "likedCount": "0 Lượt cảm ơn"
            },
            "review": {
                "rating": 5,
                "title": "Cực kì hài lòng",
                "content": ""
            }
        },
        {
            "reviewer": {
                "name": "Võ Đức Tài",
                "date": "Đã tham gia 6 năm",
                "reviewCount": "6 Đánh giá",
                "likedCount": "0 Lượt cảm ơn"
            },
            "review": {
                "rating": 5,
                "title": "Cực kì hài lòng",
                "content": ""
            }
        },
        {
            "reviewer": {
                "name": "Dinh Tan Phong",
                "date": "Đã tham gia 9 năm",
                "reviewCount": "86 Đánh giá",
                "likedCount": "3 Lượt cảm ơn"
            },
            "review": {
                "rating": 5,
                "title": "Cực kì hài lòng",
                "content": ""
            }
        },
        {
            "reviewer": {
                "name": "Nguyễn Phương Thi",
                "date": "Đã tham gia 1 năm",
                "reviewCount": "5 Đánh giá",
                "likedCount": "0 Lượt cảm ơn"
            },
            "review": {
                "rating": 5,
                "title": "Cực kì hài lòng",
                "content": ""
            }
        },
        {
            "reviewer": {
                "name": "Hươngg Giang",
                "date": "Đã tham gia 2 tháng",
                "reviewCount": "7 Đánh giá",
                "likedCount": "0 Lượt cảm ơn"
            },
            "review": {
                "rating": 5,
                "title": "Cực kì hài lòng",
                "content": ""
            }
        },
        {
            "reviewer": {
                "name": "Trần Minh Huy",
                "date": "Đã tham gia 6 năm",
                "reviewCount": "1 Đánh giá",
                "likedCount": "0 Lượt cảm ơn"
            },
            "review": {
                "rating": 5,
                "title": "Cực kì hài lòng",
                "content": ""
            }
        },
        {
            "reviewer": {
                "name": "Hà Phan",
                "date": "Đã tham gia 11 năm",
                "reviewCount": "55 Đánh giá",
                "likedCount": "2 Lượt cảm ơn"
            },
            "review": {
                "rating": 5,
                "title": "Cực kì hài lòng",
                "content": ""
            }
        },
        {
            "reviewer": {
                "name": "Đỗ Minh Đức",
                "date": "Đã tham gia 6 năm",
                "reviewCount": "10 Đánh giá",
                "likedCount": "0 Lượt cảm ơn"
            },
            "review": {
                "rating": 5,
                "title": "Cực kì hài lòng",
                "content": ""
            }
        },
        {
            "reviewer": {
                "name": "Ín",
                "date": "Đã tham gia 6 năm",
                "reviewCount": "10 Đánh giá",
                "likedCount": "0 Lượt cảm ơn"
            },
            "review": {
                "rating": 5,
                "title": "Cực kì hài lòng",
                "content": ""
            }
        },
        {
            "reviewer": {
                "name": "Nguyễn Trần Thảo Nguyên.",
                "date": "Đã tham gia 9 năm",
                "reviewCount": "14 Đánh giá",
                "likedCount": "18 Lượt cảm ơn"
            },
            "review": {
                "rating": 5,
                "title": "Cực kì hài lòng",
                "content": ""
            }
        },
        {
            "reviewer": {
                "name": "C K",
                "date": "Đã tham gia 12 năm",
                "reviewCount": "216 Đánh giá",
                "likedCount": "67 Lượt cảm ơn"
            },
            "review": {
                "rating": 5,
                "title": "Cực kì hài lòng",
                "content": ""
            }
        },
        {
            "reviewer": {
                "name": "Hoang Giang",
                "date": "Đã tham gia 9 năm",
                "reviewCount": "30 Đánh giá",
                "likedCount": "0 Lượt cảm ơn"
            },
            "review": {
                "rating": 5,
                "title": "Cực kì hài lòng",
                "content": ""
            }
        },
        {
            "reviewer": {
                "name": "Nguyễn Chí Phong",
                "date": "Đã tham gia 10 năm",
                "reviewCount": "166 Đánh giá",
                "likedCount": "17 Lượt cảm ơn"
            },
            "review": {
                "rating": 5,
                "title": "Cực kì hài lòng",
                "content": ""
            }
        },
        {
            "reviewer": {
                "name": "Phạm Huỳnh Thanh Huy",
                "date": "Đã tham gia 6 năm",
                "reviewCount": "6 Đánh giá",
                "likedCount": "0 Lượt cảm ơn"
            },
            "review": {
                "rating": 5,
                "title": "Cực kì hài lòng",
                "content": ""
            }
        },
        {
            "reviewer": {
                "name": "Bùi Quang Dương",
                "date": "Đã tham gia 4 năm",
                "reviewCount": "8 Đánh giá",
                "likedCount": "0 Lượt cảm ơn"
            },
            "review": {
                "rating": 5,
                "title": "Cực kì hài lòng",
                "content": ""
            }
        },
        {
            "reviewer": {
                "name": "Anh Tuấn Lê",
                "date": "Đã tham gia 5 tháng",
                "reviewCount": "1 Đánh giá",
                "likedCount": "0 Lượt cảm ơn"
            },
            "review": {
                "rating": 5,
                "title": "Cực kì hài lòng",
                "content": ""
            }
        },
        {
            "reviewer": {
                "name": "Hoàng Phụng",
                "date": "Đã tham gia 5 năm",
                "reviewCount": "4 Đánh giá",
                "likedCount": "0 Lượt cảm ơn"
            },
            "review": {
                "rating": 5,
                "title": "Cực kì hài lòng",
                "content": ""
            }
        },
        {
            "reviewer": {
                "name": "Phạm Thị Hồng Mi",
                "date": "Đã tham gia 1 năm",
                "reviewCount": "35 Đánh giá",
                "likedCount": "0 Lượt cảm ơn"
            },
            "review": {
                "rating": 5,
                "title": "Cực kì hài lòng",
                "content": ""
            }
        },
        {
            "reviewer": {
                "name": "Dominic tuan",
                "date": "Đã tham gia 6 năm",
                "reviewCount": "116 Đánh giá",
                "likedCount": "1 Lượt cảm ơn"
            },
            "review": {
                "rating": 5,
                "title": "Cực kì hài lòng",
                "content": ""
            }
        },
        {
            "reviewer": {
                "name": "Nhân Trương",
                "date": "Đã tham gia 7 năm",
                "reviewCount": "278 Đánh giá",
                "likedCount": "2 Lượt cảm ơn"
            },
            "review": {
                "rating": 5,
                "title": "Cực kì hài lòng",
                "content": ""
            }
        },
        {
            "reviewer": {
                "name": "bôm hàngg shipper",
                "date": "Đã tham gia 4 năm",
                "reviewCount": "7 Đánh giá",
                "likedCount": "0 Lượt cảm ơn"
            },
            "review": {
                "rating": 4,
                "title": "Hài lòng",
                "content": "Mua bị hố giá, bên shoppe shop alphabook chính hãng có 97k bao ship\r\nChất lượng sách tốt"
            }
        },
        {
            "reviewer": {
                "name": "Nguyễn Thị Thanh Bình",
                "date": "Đã tham gia 1 năm",
                "reviewCount": "19 Đánh giá",
                "likedCount": "0 Lượt cảm ơn"
            },
            "review": {
                "rating": 4,
                "title": "Hài lòng",
                "content": ""
            }
        }
    ]
}