{
    "url": "https://tiki.vn/chet-cho-mau-co-quyen-luc-va-chinh-tri-cua-nhung-la-co-p263980370.html?spid=263980372",
    "info": {
        "title": "Chết cho màu cờ - Quyền lực và chính trị của những lá cờ",
        "author": "Tim Marshall",
        "imageUrl": "https://salt.tikicdn.com/cache/750x750/ts/product/de/07/b7/8af7fae9c5356176cff7a47ce12ddb63.jpg.webp",
        "soldQuantity": 668,
        "currentPrice": 169000,
        "originalPrice": 210000
    },
    "details": {
        "bookVersion": "Phiên bản thường",
        "publisher": "Nhã Nam",
        "dimensions": "14 x 20.5 cm",
        "translator": "Trần Trọng Hải Minh",
        "coverType": "Bìa cứng",
        "pageCount": "384",
        "publishingHouse": "Nhà Xuất Bản Phụ Nữ"
    },
    "description": "Chúng cũng đồng hành cùng với những phong trào lớn của các lý tưởng, dân tộc và tôn giáo để biểu trưng cho những bước ngoặt trong lịch sử hay những thay đổi trong tiến trình phát triển, thể hiện nỗ lực đoàn kết hoặc gây chia rẽ thông qua gieo rắc nỗi sợ hãi.\nQua chín chương sách, tác giả đã đưa ra được hầu hết những lá cờ điển hình của các cường quốc và những khu vực lớn trên thế giới như: Mỹ, Anh, Liên minh châu Âu, Trung Đông, châu Á, châu Phi, Mỹ Latin và cả những lá cờ của các tổ chức khủng bố.\nMỗi lá cờ đều chứa đựng những câu chuyện bí mật, không chỉ về nguồn gốc và ý nghĩa của từng biểu tượng gắn trên chúng còn cả lịch sử lâu dài về tôn giáo và sắc tộc mà có thể lần đầu tiên ta được nghe tới.\n“Marshall đã chỉ cho ta thấy rằng chúng ta thường quên mất tính biểu tượng gây hấn của các lá cờ lâu đờ chúng là cách truyền đạt lòng trung thành, quyền lực và lý tưởng nhanh chóng và trực quan.” – The Times (UK)\n\nTim Marshall là ký giả người Anh có hơn 25 năm kinh nghiệm về tin tức đối ngoại. Ngoài vai trò ký giả và biên tập viên, Marshall còn là nhà bình luận khách mời về các sự kiện thế giới cho BBC, Sky News. Ông là tác giả của nhiều cuốn sách bán chạy, trong đó nổi tiếng nhất là Những tù nhân của địa lý, được xếp vào danh sách bán chạy của The New York Times, đã được Nhã Nam xuất bản cùng hai cuốn sách nữa của ông: Chia rẽ và Quyền lực của địa lý.\nGiá sản phẩm trên Tiki đã bao gồm thuế theo luật hiện hành. Bên cạnh đó, tuỳ vào loại sản phẩm, hình thức và địa chỉ giao hàng mà có thể phát sinh thêm chi phí khác như phí vận chuyển, phụ phí hàng cồng kềnh, thuế nhập khẩu (đối với đơn hàng giao từ nước ngoài có giá trị trên 1 triệu đồng).....",
    "rating": {
        "totalRating": 4.9,
        "numberOfRating": 69
    },
    "reviews": [
        {
            "reviewer": {
                "name": "Nguyen Xuan Phuong",
                "date": "Đã tham gia 6 năm",
                "reviewCount": "60 Đánh giá",
                "likedCount": "31 Lượt cảm ơn"
            },
            "review": {
                "rating": 5,
                "title": "Cực kì hài lòng",
                "content": "Sách in đẹp, hàng giao nhanh. Đã đọc trọn các tác phẩm đã suất bản ở Việt Nam của Tim Marshall, \"Những tù nhân của địa lý\", \"Chia rẻ: thời đại những bức tường\", \"Quyền lực của địa lý\". Những tù nhân của địa lý được đánh giá cao nhất. Nó giải thích tại sao nước Nga luôn muốn đẩy biên giới của mình đi thật xa về phía tây đến tận dãy núi Karpat của Rumani. Tại sao Ukraine nhất định không thể gia nhập Nato dưới bất kỳ giá nào."
            }
        },
        {
            "reviewer": {
                "name": "Nguyễn Hà Thu",
                "date": "Đã tham gia 9 năm",
                "reviewCount": "112 Đánh giá",
                "likedCount": "26 Lượt cảm ơn"
            },
            "review": {
                "rating": 5,
                "title": "Cực kì hài lòng",
                "content": "Nội dung phong phú, cung cấp nhiều kiến thức bổ ích, minh họa sinh động, chất lượng giấy tốt, màu in sắc nét, đóng gói cẩn thận."
            }
        },
        {
            "reviewer": {
                "name": "Toan Ngoc",
                "date": "Đã tham gia 4 năm",
                "reviewCount": "12 Đánh giá",
                "likedCount": "0 Lượt cảm ơn"
            },
            "review": {
                "rating": 5,
                "title": "Cực kì hài lòng",
                "content": "Giao đúng hẹn. Sách đẹp. Nội dung đang đọc."
            }
        },
        {
            "reviewer": {
                "name": "Phạm văn thưởng",
                "date": "Đã tham gia 5 năm",
                "reviewCount": "3 Đánh giá",
                "likedCount": "0 Lượt cảm ơn"
            },
            "review": {
                "rating": 5,
                "title": "Cực kì hài lòng",
                "content": "Sản phẩm đóng gói cẩn thận, giao hàng nhanh, nhân viên giao hàng thân thiện"
            }
        },
        {
            "reviewer": {
                "name": "Lữ Văn Đông",
                "date": "Đã tham gia 5 năm",
                "reviewCount": "205 Đánh giá",
                "likedCount": "21 Lượt cảm ơn"
            },
            "review": {
                "rating": 5,
                "title": "Cực kì hài lòng",
                "content": "Sách in đẹp rõ ràng, bìa cứng nội dung như tựa đề, quyền lực và chính trị của những lá cờ, xin cảm ơn tác giả và ban biên tập, nhà cung cấp"
            }
        },
        {
            "reviewer": {
                "name": "Mr Cao",
                "date": "Đã tham gia 8 năm",
                "reviewCount": "220 Đánh giá",
                "likedCount": "229 Lượt cảm ơn"
            },
            "review": {
                "rating": 5,
                "title": "Cực kì hài lòng",
                "content": "Sách in đẹp, kiến thức mới mẻ, thú vị. \r\nGiá cả rất hợp lý.\r\nGiao hàng hơi trễ. Shipper nhiệt tình, vui vẻ."
            }
        },
        {
            "reviewer": {
                "name": "Nguyễn Bình Nguyên",
                "date": "Đã tham gia 10 năm",
                "reviewCount": "69 Đánh giá",
                "likedCount": "1 Lượt cảm ơn"
            },
            "review": {
                "rating": 5,
                "title": "Cực kì hài lòng",
                "content": "Có đủ 4 cuốn của tác giả này, cuốn nào cũng đều từ hay đến xuất sắc. Săn được giá tốt trên Tiki."
            }
        },
        {
            "reviewer": {
                "name": "Dao Manh Vu",
                "date": "Đã tham gia 6 năm",
                "reviewCount": "47 Đánh giá",
                "likedCount": "0 Lượt cảm ơn"
            },
            "review": {
                "rating": 5,
                "title": "Cực kì hài lòng",
                "content": ""
            }
        },
        {
            "reviewer": {
                "name": "Mark Tú Huỳnh",
                "date": "Đã tham gia 5 năm",
                "reviewCount": "874 Đánh giá",
                "likedCount": "31 Lượt cảm ơn"
            },
            "review": {
                "rating": 5,
                "title": "Cực kì hài lòng",
                "content": ""
            }
        },
        {
            "reviewer": {
                "name": "Giang Topaz A mười sáu không bốn",
                "date": "Đã tham gia 7 năm",
                "reviewCount": "48 Đánh giá",
                "likedCount": "2 Lượt cảm ơn"
            },
            "review": {
                "rating": 5,
                "title": "Cực kì hài lòng",
                "content": "Sách hay nhiều thông tin hữu ích với cá nhân mình 😁"
            }
        },
        {
            "reviewer": {
                "name": "Hải Trương",
                "date": "Đã tham gia 7 năm",
                "reviewCount": "50 Đánh giá",
                "likedCount": "0 Lượt cảm ơn"
            },
            "review": {
                "rating": 5,
                "title": "Cực kì hài lòng",
                "content": "Sách đẹp"
            }
        },
        {
            "reviewer": {
                "name": "Nguyễn Việt Đức",
                "date": "Đã tham gia 4 năm",
                "reviewCount": "61 Đánh giá",
                "likedCount": "0 Lượt cảm ơn"
            },
            "review": {
                "rating": 5,
                "title": "Cực kì hài lòng",
                "content": ""
            }
        },
        {
            "reviewer": {
                "name": "Amy Nguyen",
                "date": "Đã tham gia 9 năm",
                "reviewCount": "102 Đánh giá",
                "likedCount": "124 Lượt cảm ơn"
            },
            "review": {
                "rating": 5,
                "title": "Cực kì hài lòng",
                "content": "Giao hàng nhanh, sách tìn trạng tốt. \r\nSách nội dung hay miễn bàn"
            }
        },
        {
            "reviewer": {
                "name": "Hà Phương",
                "date": "Đã tham gia 2 năm",
                "reviewCount": "18 Đánh giá",
                "likedCount": "0 Lượt cảm ơn"
            },
            "review": {
                "rating": 5,
                "title": "Cực kì hài lòng",
                "content": ""
            }
        },
        {
            "reviewer": {
                "name": "Vu Du",
                "date": "Đã tham gia 5 năm",
                "reviewCount": "114 Đánh giá",
                "likedCount": "0 Lượt cảm ơn"
            },
            "review": {
                "rating": 5,
                "title": "Cực kì hài lòng",
                "content": ""
            }
        },
        {
            "reviewer": {
                "name": "Thanh Truong",
                "date": "Đã tham gia 8 năm",
                "reviewCount": "301 Đánh giá",
                "likedCount": "30 Lượt cảm ơn"
            },
            "review": {
                "rating": 5,
                "title": "Cực kì hài lòng",
                "content": "Sách hay , đóng gói cẩn thận , giao hàng nhanh"
            }
        },
        {
            "reviewer": {
                "name": "Nguyễn Vũ Giáp",
                "date": "Đã tham gia 6 năm",
                "reviewCount": "116 Đánh giá",
                "likedCount": "83 Lượt cảm ơn"
            },
            "review": {
                "rating": 5,
                "title": "Cực kì hài lòng",
                "content": ""
            }
        },
        {
            "reviewer": {
                "name": "Gia Khiêm Lê",
                "date": "Đã tham gia 7 năm",
                "reviewCount": "115 Đánh giá",
                "likedCount": "1 Lượt cảm ơn"
            },
            "review": {
                "rating": 5,
                "title": "Cực kì hài lòng",
                "content": ""
            }
        },
        {
            "reviewer": {
                "name": "Phượng Xồ",
                "date": "Đã tham gia 4 năm",
                "reviewCount": "73 Đánh giá",
                "likedCount": "0 Lượt cảm ơn"
            },
            "review": {
                "rating": 5,
                "title": "Cực kì hài lòng",
                "content": ""
            }
        },
        {
            "reviewer": {
                "name": "Nguyên Lê",
                "date": "Đã tham gia 7 năm",
                "reviewCount": "128 Đánh giá",
                "likedCount": "11 Lượt cảm ơn"
            },
            "review": {
                "rating": 5,
                "title": "Cực kì hài lòng",
                "content": ""
            }
        },
        {
            "reviewer": {
                "name": "Tran van Hien",
                "date": "Đã tham gia 4 năm",
                "reviewCount": "205 Đánh giá",
                "likedCount": "2 Lượt cảm ơn"
            },
            "review": {
                "rating": 5,
                "title": "Cực kì hài lòng",
                "content": ""
            }
        },
        {
            "reviewer": {
                "name": "Tri Nguyen",
                "date": "Đã tham gia 3 năm",
                "reviewCount": "80 Đánh giá",
                "likedCount": "0 Lượt cảm ơn"
            },
            "review": {
                "rating": 5,
                "title": "Cực kì hài lòng",
                "content": ""
            }
        },
        {
            "reviewer": {
                "name": "Bùi Quang Duy",
                "date": "Đã tham gia 7 năm",
                "reviewCount": "40 Đánh giá",
                "likedCount": "1 Lượt cảm ơn"
            },
            "review": {
                "rating": 5,
                "title": "Cực kì hài lòng",
                "content": ""
            }
        },
        {
            "reviewer": {
                "name": "Bùi An",
                "date": "Đã tham gia 7 năm",
                "reviewCount": "419 Đánh giá",
                "likedCount": "4 Lượt cảm ơn"
            },
            "review": {
                "rating": 5,
                "title": "Cực kì hài lòng",
                "content": ""
            }
        },
        {
            "reviewer": {
                "name": "Dương Linh",
                "date": "Đã tham gia 11 năm",
                "reviewCount": "116 Đánh giá",
                "likedCount": "4 Lượt cảm ơn"
            },
            "review": {
                "rating": 5,
                "title": "Cực kì hài lòng",
                "content": ""
            }
        },
        {
            "reviewer": {
                "name": "An Thành",
                "date": "Đã tham gia 7 năm",
                "reviewCount": "36 Đánh giá",
                "likedCount": "1 Lượt cảm ơn"
            },
            "review": {
                "rating": 5,
                "title": "Cực kì hài lòng",
                "content": "Bổ ích"
            }
        },
        {
            "reviewer": {
                "name": "Lê Duy Khiêm",
                "date": "Đã tham gia 4 năm",
                "reviewCount": "114 Đánh giá",
                "likedCount": "2 Lượt cảm ơn"
            },
            "review": {
                "rating": 5,
                "title": "Cực kì hài lòng",
                "content": "Gooo"
            }
        },
        {
            "reviewer": {
                "name": "Huỳnh Tấn Lợi",
                "date": "Đã tham gia 6 năm",
                "reviewCount": "14 Đánh giá",
                "likedCount": "0 Lượt cảm ơn"
            },
            "review": {
                "rating": 5,
                "title": "Cực kì hài lòng",
                "content": ""
            }
        },
        {
            "reviewer": {
                "name": "Pham Duc Danh",
                "date": "Đã tham gia 6 năm",
                "reviewCount": "3 Đánh giá",
                "likedCount": "0 Lượt cảm ơn"
            },
            "review": {
                "rating": 5,
                "title": "Cực kì hài lòng",
                "content": ""
            }
        },
        {
            "reviewer": {
                "name": "Mai Phương",
                "date": "Đã tham gia 6 năm",
                "reviewCount": "33 Đánh giá",
                "likedCount": "0 Lượt cảm ơn"
            },
            "review": {
                "rating": 5,
                "title": "Cực kì hài lòng",
                "content": ""
            }
        },
        {
            "reviewer": {
                "name": "Nguyen Dang Khoa",
                "date": "Đã tham gia 10 năm",
                "reviewCount": "10 Đánh giá",
                "likedCount": "0 Lượt cảm ơn"
            },
            "review": {
                "rating": 5,
                "title": "Cực kì hài lòng",
                "content": ""
            }
        },
        {
            "reviewer": {
                "name": "Nguyễn Trung Hiếu",
                "date": "Đã tham gia 6 năm",
                "reviewCount": "377 Đánh giá",
                "likedCount": "7 Lượt cảm ơn"
            },
            "review": {
                "rating": 5,
                "title": "Cực kì hài lòng",
                "content": ""
            }
        },
        {
            "reviewer": {
                "name": "Vũ Nguyễn Mai Thy",
                "date": "Đã tham gia 5 năm",
                "reviewCount": "7 Đánh giá",
                "likedCount": "0 Lượt cảm ơn"
            },
            "review": {
                "rating": 5,
                "title": "Cực kì hài lòng",
                "content": "Sách đẹp, giao đúng lúc"
            }
        },
        {
            "reviewer": {
                "name": "Vũ Minh",
                "date": "Đã tham gia 10 năm",
                "reviewCount": "32 Đánh giá",
                "likedCount": "8 Lượt cảm ơn"
            },
            "review": {
                "rating": 5,
                "title": "Cực kì hài lòng",
                "content": ""
            }
        },
        {
            "reviewer": {
                "name": "Hồ Thành Hoàng",
                "date": "Đã tham gia 6 năm",
                "reviewCount": "36 Đánh giá",
                "likedCount": "1 Lượt cảm ơn"
            },
            "review": {
                "rating": 5,
                "title": "Cực kì hài lòng",
                "content": ""
            }
        },
        {
            "reviewer": {
                "name": "Châu Hồ Quốc  Bảo",
                "date": "Đã tham gia 14 năm",
                "reviewCount": "330 Đánh giá",
                "likedCount": "2 Lượt cảm ơn"
            },
            "review": {
                "rating": 5,
                "title": "Cực kì hài lòng",
                "content": ""
            }
        },
        {
            "reviewer": {
                "name": "Triệu luân",
                "date": "Đã tham gia 4 năm",
                "reviewCount": "150 Đánh giá",
                "likedCount": "5 Lượt cảm ơn"
            },
            "review": {
                "rating": 5,
                "title": "Cực kì hài lòng",
                "content": ""
            }
        },
        {
            "reviewer": {
                "name": "nguyễn quyết bảo châu",
                "date": "Đã tham gia 12 năm",
                "reviewCount": "249 Đánh giá",
                "likedCount": "0 Lượt cảm ơn"
            },
            "review": {
                "rating": 5,
                "title": "Cực kì hài lòng",
                "content": ""
            }
        },
        {
            "reviewer": {
                "name": "Buffy Buffy",
                "date": "Đã tham gia 7 năm",
                "reviewCount": "14 Đánh giá",
                "likedCount": "1 Lượt cảm ơn"
            },
            "review": {
                "rating": 5,
                "title": "Cực kì hài lòng",
                "content": ""
            }
        },
        {
            "reviewer": {
                "name": "Trần Thanh Phong",
                "date": "Đã tham gia 11 năm",
                "reviewCount": "49 Đánh giá",
                "likedCount": "45 Lượt cảm ơn"
            },
            "review": {
                "rating": 5,
                "title": "Cực kì hài lòng",
                "content": "Sách hay"
            }
        },
        {
            "reviewer": {
                "name": "Vũ Quang Vinh",
                "date": "Đã tham gia 2 năm",
                "reviewCount": "13 Đánh giá",
                "likedCount": "0 Lượt cảm ơn"
            },
            "review": {
                "rating": 5,
                "title": "Cực kì hài lòng",
                "content": ""
            }
        },
        {
            "reviewer": {
                "name": "vu giang",
                "date": "Đã tham gia 12 năm",
                "reviewCount": "4 Đánh giá",
                "likedCount": "0 Lượt cảm ơn"
            },
            "review": {
                "rating": 5,
                "title": "Cực kì hài lòng",
                "content": ""
            }
        },
        {
            "reviewer": {
                "name": "Trần Việt",
                "date": "Đã tham gia 7 năm",
                "reviewCount": "37 Đánh giá",
                "likedCount": "0 Lượt cảm ơn"
            },
            "review": {
                "rating": 5,
                "title": "Cực kì hài lòng",
                "content": ""
            }
        },
        {
            "reviewer": {
                "name": "Lê An",
                "date": "Đã tham gia 3 năm",
                "reviewCount": "28 Đánh giá",
                "likedCount": "0 Lượt cảm ơn"
            },
            "review": {
                "rating": 5,
                "title": "Cực kì hài lòng",
                "content": ""
            }
        },
        {
            "reviewer": {
                "name": "Tran Nguyen Bao",
                "date": "Đã tham gia 11 năm",
                "reviewCount": "94 Đánh giá",
                "likedCount": "3 Lượt cảm ơn"
            },
            "review": {
                "rating": 5,
                "title": "Cực kì hài lòng",
                "content": ""
            }
        },
        {
            "reviewer": {
                "name": "nguyễn mạnh trung",
                "date": "Đã tham gia 3 năm",
                "reviewCount": "10 Đánh giá",
                "likedCount": "2 Lượt cảm ơn"
            },
            "review": {
                "rating": 5,
                "title": "Cực kì hài lòng",
                "content": ""
            }
        },
        {
            "reviewer": {
                "name": "Trung Hieu",
                "date": "Đã tham gia 4 năm",
                "reviewCount": "375 Đánh giá",
                "likedCount": "1 Lượt cảm ơn"
            },
            "review": {
                "rating": 5,
                "title": "Cực kì hài lòng",
                "content": ""
            }
        },
        {
            "reviewer": {
                "name": "Đỗ Minh Hằng",
                "date": "Đã tham gia 8 năm",
                "reviewCount": "77 Đánh giá",
                "likedCount": "3 Lượt cảm ơn"
            },
            "review": {
                "rating": 5,
                "title": "Cực kì hài lòng",
                "content": ""
            }
        },
        {
            "reviewer": {
                "name": "Nguyễn Lâm",
                "date": "Đã tham gia 4 năm",
                "reviewCount": "265 Đánh giá",
                "likedCount": "5 Lượt cảm ơn"
            },
            "review": {
                "rating": 5,
                "title": "Cực kì hài lòng",
                "content": ""
            }
        },
        {
            "reviewer": {
                "name": "Huy Hoàng",
                "date": "Đã tham gia 3 năm",
                "reviewCount": "17 Đánh giá",
                "likedCount": "0 Lượt cảm ơn"
            },
            "review": {
                "rating": 5,
                "title": "Cực kì hài lòng",
                "content": ""
            }
        },
        {
            "reviewer": {
                "name": "Thanh Hải",
                "date": "Đã tham gia 4 năm",
                "reviewCount": "30 Đánh giá",
                "likedCount": "0 Lượt cảm ơn"
            },
            "review": {
                "rating": 5,
                "title": "Cực kì hài lòng",
                "content": ""
            }
        },
        {
            "reviewer": {
                "name": "Nguyễn Đường Tài",
                "date": "Đã tham gia 6 năm",
                "reviewCount": "110 Đánh giá",
                "likedCount": "7 Lượt cảm ơn"
            },
            "review": {
                "rating": 5,
                "title": "Cực kì hài lòng",
                "content": ""
            }
        },
        {
            "reviewer": {
                "name": "Nguyễn Công Phương",
                "date": "Đã tham gia 4 năm",
                "reviewCount": "85 Đánh giá",
                "likedCount": "2 Lượt cảm ơn"
            },
            "review": {
                "rating": 5,
                "title": "Cực kì hài lòng",
                "content": ""
            }
        },
        {
            "reviewer": {
                "name": "Nguyễn Duy Long",
                "date": "Đã tham gia 2 năm",
                "reviewCount": "34 Đánh giá",
                "likedCount": "0 Lượt cảm ơn"
            },
            "review": {
                "rating": 5,
                "title": "Cực kì hài lòng",
                "content": ""
            }
        },
        {
            "reviewer": {
                "name": "Ngọc Nguyễn Hoài",
                "date": "Đã tham gia 3 năm",
                "reviewCount": "31 Đánh giá",
                "likedCount": "0 Lượt cảm ơn"
            },
            "review": {
                "rating": 5,
                "title": "Cực kì hài lòng",
                "content": ""
            }
        },
        {
            "reviewer": {
                "name": "Lê Phạm Hùng",
                "date": "Đã tham gia 4 năm",
                "reviewCount": "151 Đánh giá",
                "likedCount": "8 Lượt cảm ơn"
            },
            "review": {
                "rating": 5,
                "title": "Cực kì hài lòng",
                "content": ""
            }
        },
        {
            "reviewer": {
                "name": "Miserable Mike",
                "date": "Đã tham gia 4 năm",
                "reviewCount": "3 Đánh giá",
                "likedCount": "0 Lượt cảm ơn"
            },
            "review": {
                "rating": 5,
                "title": "Cực kì hài lòng",
                "content": ""
            }
        },
        {
            "reviewer": {
                "name": "Bảo Nguyễn Trọng Nghĩa",
                "date": "Đã tham gia 5 năm",
                "reviewCount": "12 Đánh giá",
                "likedCount": "0 Lượt cảm ơn"
            },
            "review": {
                "rating": 5,
                "title": "Cực kì hài lòng",
                "content": ""
            }
        },
        {
            "reviewer": {
                "name": "Trần Quang Phát",
                "date": "Đã tham gia 9 năm",
                "reviewCount": "307 Đánh giá",
                "likedCount": "14 Lượt cảm ơn"
            },
            "review": {
                "rating": 5,
                "title": "Cực kì hài lòng",
                "content": ""
            }
        },
        {
            "reviewer": {
                "name": "Phạm Đào Khôi Nguyên",
                "date": "Đã tham gia 13 năm",
                "reviewCount": "196 Đánh giá",
                "likedCount": "52 Lượt cảm ơn"
            },
            "review": {
                "rating": 5,
                "title": "Cực kì hài lòng",
                "content": ""
            }
        },
        {
            "reviewer": {
                "name": "Hoàng Hữu Tấn",
                "date": "Đã tham gia 4 năm",
                "reviewCount": "280 Đánh giá",
                "likedCount": "3 Lượt cảm ơn"
            },
            "review": {
                "rating": 5,
                "title": "Cực kì hài lòng",
                "content": ""
            }
        },
        {
            "reviewer": {
                "name": "Đặng Cẩm Tú",
                "date": "Đã tham gia 6 năm",
                "reviewCount": "4 Đánh giá",
                "likedCount": "0 Lượt cảm ơn"
            },
            "review": {
                "rating": 5,
                "title": "Cực kì hài lòng",
                "content": ""
            }
        },
        {
            "reviewer": {
                "name": "Lê Anh Duy",
                "date": "Đã tham gia 7 năm",
                "reviewCount": "149 Đánh giá",
                "likedCount": "0 Lượt cảm ơn"
            },
            "review": {
                "rating": 5,
                "title": "Cực kì hài lòng",
                "content": ""
            }
        },
        {
            "reviewer": {
                "name": "Dung mai",
                "date": "Đã tham gia 4 năm",
                "reviewCount": "21 Đánh giá",
                "likedCount": "0 Lượt cảm ơn"
            },
            "review": {
                "rating": 5,
                "title": "Cực kì hài lòng",
                "content": ""
            }
        },
        {
            "reviewer": {
                "name": "Hoàng Hương Trang",
                "date": "Đã tham gia 6 năm",
                "reviewCount": "61 Đánh giá",
                "likedCount": "2 Lượt cảm ơn"
            },
            "review": {
                "rating": 4,
                "title": "Hài lòng",
                "content": "Tôi thêm hiểu hơn về \"màu cờ sắc áo\" về ý nghĩ của nhiều lá cờ."
            }
        },
        {
            "reviewer": {
                "name": "Trần Trung",
                "date": "Đã tham gia 12 năm",
                "reviewCount": "42 Đánh giá",
                "likedCount": "2 Lượt cảm ơn"
            },
            "review": {
                "rating": 4,
                "title": "Hài lòng",
                "content": ""
            }
        },
        {
            "reviewer": {
                "name": "Phạm Hoàng Anh",
                "date": "Đã tham gia 9 năm",
                "reviewCount": "32 Đánh giá",
                "likedCount": "0 Lượt cảm ơn"
            },
            "review": {
                "rating": 4,
                "title": "Hài lòng",
                "content": ""
            }
        },
        {
            "reviewer": {
                "name": "Đặng Quốc Việt",
                "date": "Đã tham gia 6 năm",
                "reviewCount": "335 Đánh giá",
                "likedCount": "7 Lượt cảm ơn"
            },
            "review": {
                "rating": 4,
                "title": "Hài lòng",
                "content": ""
            }
        },
        {
            "reviewer": {
                "name": "Khánh Huyền",
                "date": "Đã tham gia 3 năm",
                "reviewCount": "7 Đánh giá",
                "likedCount": "0 Lượt cảm ơn"
            },
            "review": {
                "rating": 4,
                "title": "Hài lòng",
                "content": ""
            }
        }
    ]
}