{
    "url": "https://tiki.vn/trai-dat-chuyen-minh-p273426143.html?spid=273426144",
    "info": {
        "title": "Trái Đất Chuyển Mình",
        "author": "Peter Frankopan",
        "imageUrl": "https://salt.tikicdn.com/cache/750x750/ts/product/10/b5/63/3e160a5e2dd40159fb4325aa3342c0bf.png.webp",
        "soldQuantity": 337,
        "currentPrice": 471000,
        "originalPrice": 699000
    },
    "details": {
        "publisher": "Alphabooks",
        "publishDate": "2023-11-11 00:00:00",
        "dimensions": "16x24",
        "translator": "Nguyễn Linh Chi,Đặng Thị Thái Hà,Hoàng Thảo,Phạm Danh Việt",
        "coverType": "Bìa cứng áo ôm",
        "pageCount": "920",
        "publishingHouse": "Nhà Xuất Bản Tri Thức"
    },
    "description": "“Trái đất chuyển mình: Một lịch sử chưa kể về nhân loại” góp phần khỏa lấp một khoảng trống lớn trong não trạng của nhân loại khi chúng ta tư duy về quá khứ. - Tiến sĩ Vũ Đức Liêm chia sẻ.\nMột cuốn sách lịch sử được mong đợi nhất năm, đồ sộ bao trùm lịch sử trái đất, lịch sử nhân loại và lịch sử môi trường, khí hậu trong 4,5 tỷ năm, giúp độc giả hiểu hơn về quan hệ giữa con người và tự nhiên; được viết bởi GS lịch sử toàn cầu tại Đại học Oxford, Peter Frankopan - một trong những sử gia hàng đầu hiện nay. Vừa ra mắt 4/2023, cuốn sách này đã thuộc top bestseller, cho đến nay đã bán bản quyền cho 24 quốc gia và được phát hành chính thức tại Việt Nam chỉ sau 7 tháng.\nĐặc biệt, “Trái đất chuyển mình: Một lịch sử chưa kể về nhân loại” đã được một loạt các tờ báo danh giá như Financial Times, The Times, The Telegraph, The Hindu, The Week, đánh giá là cuốn sách hay nhất mùa hè năm 2023, đồng thời lọt vào danh sách những cuốn sách năm 2023 của BBC.Khi nghĩ về lịch sử, chúng ta hiếm khi chú ý nhiều đến những trận lũ lụt kinh khủng nhất, những mùa đông tồi tệ nhất, những đợt hạn hán tàn khốc nhất hay cách các hệ sinh thái đã thay đổi theo thời gian. Trong “Trái đất chuyển mình”, GS Peter Frankopan đã chỉ ra rằng môi trường tự nhiên là một yếu tố quan trọng, nếu không muốn nói là yếu tố quyết định, trong lịch sử loài người và của cả lịch sử toàn cầu.\nKhông chỉ vậy, cuốn sách chứa nhiều tư liệu tranh ảnh phong phú, bao gồm: 15 bản đồ, nổi bật như bản đồ thể hiện sự phân tán của con người từ khoảng 200.000 năm trước, bản đồ về sự phân tán của tôn giáo và đại dịch cái chết đen; cùng 38 tranh ảnh in màu có giá trị, như hình ảnh về công trình định cư quy mô lớn từ 2500 trước - cho thấy con người có khả năng xây dựng thành phố lớn như thế nà\nMục đích GS Peter Frankopan viết cuốn sách này là:\nThứ nhất là đưa khí hậu vào trong câu chuyện của quá khứ như một chủ đề cơ sở, mang tính cốt yếu và hay bị bỏ qua trong lịch sử toàn cầu, từ đó cho thấy ở đâu, khi nào và như thế nào mà thời tiết, các mô hình khí hậu kéo dài và những thay đổi trong khí hậu – do con người và do các nguyên nhân khác – lại có tác động to lớn đến thế giới.\nThứ hai là trình bày câu chuyện về tác động của con người với thế giới tự nhiên qua nhiều thiên niên kỷ và xem xét cách giống loài chúng ta khai thác, nhào nặn và uốn nắn môi trường theo ý chí của mình, cả mặt tốt và mặt xấu.\nVà thứ ba là mở rộng tầm nhìn của chúng ta về lịch sử. Nghiên cứu về quá khứ từng bị thống trị bởi sự chú ý dành cho ‘thế giới phương bắc’, là những xã hội giàu có của châu Âu và Bắc Mỹ, còn lịch sử của các châu lục và khu vực khác thường bị xếp vào tầm quan trọng thứ yếu hoặc bỏ qua hoàn toàn. Mô hình tương tự cũng được áp dụng cho khoa học khí hậu và nghiên cứu về lịch sử khí hậu, nơi những khu vực rộng lớn, giai đoạn và con người nhận được ít sự chú ý, đầu tư và nghiên cứu – nói lên nhiều điều về những quan điểm đã được chấp nhận từ lâu về quá khứ cũng như thực tế phát triển và hoạt động đào sâu của các quỹ học thuật (cùng các trung tâm trí thức).\nCấu trúc cuốn sách:\nTrong cuốn sách đầy tham vọng này, Frankopan như một người hướng dẫn có khả năng hướng sự chú ý của chúng ta đến yếu tố tự nhiên - một đối tượng thường bị bỏ qua trong cách chúng ta kể lịch sử của mình; trải qua 24 chương là 24 giai đoạn theo các mốc thời gian từ thuở hồng hoang của thế giới (khoảng 4,5 tỷ năm trước), tới những tương tác đầu tiên của con người với sinh thái, đến các thành phố và mạng lưới thương mại đầu tiên, qua thời đại các đế chế hoàng kim và khủng hoảng, đến sự xuất hiện các bệnh dịch, sự hợp nhất của Cựu thế giới và Tân thế giới, thời kỳ Tiểu Băng hà, Đại Phân kỳ, Tiểu Phân kỳ, thời kỳ công nghiệp, thời kỳ Hỗn loạn, kiến tạo những vùng đất không tưởng, đến những mối quan ngại và những giới hạn sinh thái hiện nay.\nLịch sử loài người và môi trường tự nhiên\nKhi kể về lịch sử loài người, Frankopan làm nổi bật các yếu tố địa chất, trên vũ trụ và ngầm dưới lòng đất to lớn đã tạo ra nơi thích hợp để chúng ta tồn tại. Chúng ta chỉ tồn tại trong một phần nhỏ thời gian của Trái đất và sự tồn tại này sẽ không thể xảy ra trước khi những biến đổi lớn xảy ra, bao gồm năm sự kiện tuyệt chủng hàng loạt và sự thất bại của tất cả các loài vượn khác.\nTrong phần lớn lịch sử của loài người, bắt đầu từ khoảng 300.000 năm trước, chúng ta chỉ có thể tồn tại trên những phần nhỏ của hành tinh, cũng khó lòng cư trú lâu dài trước áp lực môi trường.\nFrankopan cho chúng ta biết sự hưng thịnh của loài người trong 10.000 năm qua chỉ có thể thực hiện được nhờ khí hậu Trái đất ổn định ở mức nhiệt độ tạo ra các kiểu thời tiết tương đối ổn định và cho phép trồng trọt ngũ cốc. Điều này cho phép chúng ta xây dựng các thành phố, buôn bán, xây dựng luật pháp - và đóng thuế, đặt nền móng cho việc ghi lại những suy nghĩ và lịch sử thành văn.\nMột đặc điểm nổi bật của cuốn sách là chỉ ra ngay từ đầu loài người đã nhận thức rằng cơ may sống sót có mối liên hệ với cách chúng ta đối xử với môi trường tự nhiên. Tác giả đã nêu nhiều thần thoại, truyền thuyết làm dẫn chứng.\nSự trỗi dậy và sụp đổ của các đế chế\nFrankopan xuất sắc trong việc sử dụng các trích dẫn và ví dụ súc tích, trải dài từ Nam Mỹ đến Nam Á, Đông Nam Á, và Trung Quốc. Tuy nhiên, điều đáng chú ý hơn là cách ông cho thấy điều kiện khí hậu đã giúp đỡ hoặc cản trở nỗ lực của con người như thế nào. Ví dụ, ông trích dẫn 300 năm đầu tiên mở rộng của Đế chế La Mã là thời kỳ “mức độ hoạt động núi lửa thấp bất thường, ít hiện tượng thời tiết cực đoan và các kiểu khí hậu có thể dự đoán được”. Đây cũng là thời kỳ ổn định ở lưu vực Mississippi và ở Trung Mỹ ở Thung lũng Teotihuacan. Nhưng khi thời tiết trở nên lạnh hơn và mùa màng thất bát vào khoảng năm 500 TCN, các đế chế ổn định nhanh chóng gặp rắc rối.\nTheo ghi nhận của mình, ông không cố gắng coi sự trỗi dậy và sụp đổ của các đế chế là hoàn toàn do điều kiện khí hậu, thay vào đó giải thích việc mất mùa nhiều lần, lũ lụt hoặc hạn hán kéo dài đã tạo thêm căng thẳng cho các hệ thống vốn đã bất bình đẳng và phân cấp như thế nào.\nMột bài học nhân loại đã lãng quên\nCuốn sách đã làm rất tốt việc thể hiện một cách rõ ràng tầm quan trọng của các kiểu khí hậu, môi trường và thời tiết trong việc ảnh hưởng đến tiến trình lịch sử loài người. Khi làm như vậy, nó đã thành công đưa chúng ta trở lại vị trí của tổ tiên hàng nghìn năm trước, những người biết rằng sự sống còn bấp bênh của họ phụ thuộc vào việc quản lý mối quan hệ của họ với môi trường. Đó là một bài học mà con người dường như đã lãng quên.\nNhưng như cuốn sách của Frankopan đã chỉ ra, đôi khi chỉ cần một thảm họa thiên nhiên lớn, như thiên thạch va chạm hay đại hồng thủy - những sự kiện có thể đã bị quên lãng trong tâm trí con người, nhưng từng diễn ra suốt thời gian tồn tại của hành tinh – đều có thể biến mọi thứ thành tro bụi.\"\nThế giới của chúng ta luôn là một thế giới của biến chuyển, tiếp nối và thay đổi. Từ vụ nổ Big Bang cho đến ngày nay, hoạt động của mặt trời, núi lửa phun trào, lũ lụt và hạn hán đã định hình nên lịch sử tự nhiên và lịch sử loài người. Những cách thức tương tác giữa chúng ta và Trái đất đã mang lại những lợi ích to lớn – nhưng thường phải trả giá. Khi chúng ta đối mặt với một tương lai bấp bênh, việc học những bài học từ quá khứ chưa bao giờ quan trọng hơn.\nGiá sản phẩm trên Tiki đã bao gồm thuế theo luật hiện hành. Bên cạnh đó, tuỳ vào loại sản phẩm, hình thức và địa chỉ giao hàng mà có thể phát sinh thêm chi phí khác như phí vận chuyển, phụ phí hàng cồng kềnh, thuế nhập khẩu (đối với đơn hàng giao từ nước ngoài có giá trị trên 1 triệu đồng).....",
    "rating": {
        "totalRating": 4.9,
        "numberOfRating": 45
    },
    "reviews": [
        {
            "reviewer": {
                "name": "Vinh Thọ",
                "date": "Đã tham gia 4 năm",
                "reviewCount": "155 Đánh giá",
                "likedCount": "36 Lượt cảm ơn"
            },
            "review": {
                "rating": 5,
                "title": "Cực kì hài lòng",
                "content": "Dù mua quyển này hơi muộn, giảm phần trăm cũng tương đối ổn nên mình cũng nhanh chóng để tậu về vì sợ hết hàng bìa cứng sẽ rất tiếc. Sách chưa lật ra nội dung trang bên trong nhưng đọc review về cuốn này khiến mình rất yên tâm vì cuốn này rất xứng đáng có mặt trong tủ sách của gia đình mình. \r\nCảm ơn vì giao hàng đúng tiến độ. Gói sách rất chắc chắn nên cuốn sách bên trong nguyên vẹn, không bị hư hỏng, không bóp méo!"
            }
        },
        {
            "reviewer": {
                "name": "Hoang Vinh",
                "date": "Đã tham gia 5 năm",
                "reviewCount": "103 Đánh giá",
                "likedCount": "7 Lượt cảm ơn"
            },
            "review": {
                "rating": 5,
                "title": "Cực kì hài lòng",
                "content": "Tốt lắm rồi! Khi có quyển sách này trong tay mình. Thật quý hóa, Tiki trading lại tặng thêm 1 quyển sách Miền đất hứa ( A promised land).\r\n Cảm ơn Tiki trading rất nhiều!"
            }
        },
        {
            "reviewer": {
                "name": "Phạm Minh Quang Vũ",
                "date": "Đã tham gia 4 năm",
                "reviewCount": "42 Đánh giá",
                "likedCount": "32 Lượt cảm ơn"
            },
            "review": {
                "rating": 5,
                "title": "Cực kì hài lòng",
                "content": "Nội dung hay, cách tiếp cận vấn đề có nhiều điều đặc sắc, gợi nhiều suy nghĩ. Tuy nhiên, đây là quyển sách khoa học liên ngành chứ không phải thuần túy là lịch sử, vì vậy độc giả cần có kiến thức nền tảng cơ bản ở nhiều ngành khoa học (địa lý, vật lý, hoá sinh, kinh tế học...) mới có thể lĩnh hội được cái hay của quyển sách. Xin trân trọng chia sẻ đôi điều cảm nhận của cá nhân mình với bạn đọc. Cảm ơn nhà xuất bản và ace bán hàng đã nhiệt tình"
            }
        },
        {
            "reviewer": {
                "name": "BUI MINH TUNG",
                "date": "Đã tham gia 9 năm",
                "reviewCount": "13 Đánh giá",
                "likedCount": "1 Lượt cảm ơn"
            },
            "review": {
                "rating": 5,
                "title": "Cực kì hài lòng",
                "content": "Tiki giao nhanh, đóng gói kỹ lưỡng, sách còn nguyên seal. Mình mua ngay đợt km nên dc giảm tiền v còn dc tặng sách."
            }
        },
        {
            "reviewer": {
                "name": "Hong Van",
                "date": "Đã tham gia 12 năm",
                "reviewCount": "928 Đánh giá",
                "likedCount": "153 Lượt cảm ơn"
            },
            "review": {
                "rating": 5,
                "title": "Cực kì hài lòng",
                "content": "Giao hàng trễ hẹn, nhưng sách đẹp, nội dung hay nên vẫn full sao. Về chất lượng dịch thì mới đọc được một ít phần đầu thấy vẫn rất ổn."
            }
        },
        {
            "reviewer": {
                "name": "Nguyễn Thành Trung",
                "date": "Đã tham gia 13 năm",
                "reviewCount": "167 Đánh giá",
                "likedCount": "50 Lượt cảm ơn"
            },
            "review": {
                "rating": 5,
                "title": "Cực kì hài lòng",
                "content": "Mua được đúng dịp giá giảm khá nhiều. Sách dày và nặng. Nội dung chắc là hay."
            }
        },
        {
            "reviewer": {
                "name": "Việt Quốc Hàn Nho",
                "date": "Đã tham gia 9 năm",
                "reviewCount": "26 Đánh giá",
                "likedCount": "3 Lượt cảm ơn"
            },
            "review": {
                "rating": 5,
                "title": "Cực kì hài lòng",
                "content": "Sách bao bì đẹp, còn nguyên bao, bìa cứng, không bị công vênh góc sách, nội dung thì không cần bàn, rất hay"
            }
        },
        {
            "reviewer": {
                "name": "Kim Ngọc Phát",
                "date": "Đã tham gia 4 năm",
                "reviewCount": "363 Đánh giá",
                "likedCount": "27 Lượt cảm ơn"
            },
            "review": {
                "rating": 5,
                "title": "Cực kì hài lòng",
                "content": "Thông tin rất bổ ích. In ấn đẹp."
            }
        },
        {
            "reviewer": {
                "name": "Trần Trung Kiên",
                "date": "Đã tham gia 5 năm",
                "reviewCount": "76 Đánh giá",
                "likedCount": "2 Lượt cảm ơn"
            },
            "review": {
                "rating": 5,
                "title": "Cực kì hài lòng",
                "content": "Sách đẹp, giao hàng nhanh, mua sách Tiki vẫn là ổn nhất"
            }
        },
        {
            "reviewer": {
                "name": "Mark Tú Huỳnh",
                "date": "Đã tham gia 5 năm",
                "reviewCount": "874 Đánh giá",
                "likedCount": "31 Lượt cảm ơn"
            },
            "review": {
                "rating": 5,
                "title": "Cực kì hài lòng",
                "content": ""
            }
        },
        {
            "reviewer": {
                "name": "Trương Khắc Tùng",
                "date": "Đã tham gia 8 năm",
                "reviewCount": "310 Đánh giá",
                "likedCount": "8 Lượt cảm ơn"
            },
            "review": {
                "rating": 5,
                "title": "Cực kì hài lòng",
                "content": "Sách hay"
            }
        },
        {
            "reviewer": {
                "name": "Đặng Thanh Hải",
                "date": "Đã tham gia 4 tháng",
                "reviewCount": "5 Đánh giá",
                "likedCount": "0 Lượt cảm ơn"
            },
            "review": {
                "rating": 5,
                "title": "Cực kì hài lòng",
                "content": "Chất lượng sách và thời gian giao hàng tốt"
            }
        },
        {
            "reviewer": {
                "name": "Quan Huỳnh Như Thủy",
                "date": "Đã tham gia 10 năm",
                "reviewCount": "72 Đánh giá",
                "likedCount": "0 Lượt cảm ơn"
            },
            "review": {
                "rating": 5,
                "title": "Cực kì hài lòng",
                "content": ""
            }
        },
        {
            "reviewer": {
                "name": "Trần Hồng Quang",
                "date": "Đã tham gia 6 năm",
                "reviewCount": "21 Đánh giá",
                "likedCount": "0 Lượt cảm ơn"
            },
            "review": {
                "rating": 5,
                "title": "Cực kì hài lòng",
                "content": ""
            }
        },
        {
            "reviewer": {
                "name": "Tuấn Anh",
                "date": "Đã tham gia 6 năm",
                "reviewCount": "18 Đánh giá",
                "likedCount": "0 Lượt cảm ơn"
            },
            "review": {
                "rating": 5,
                "title": "Cực kì hài lòng",
                "content": ""
            }
        },
        {
            "reviewer": {
                "name": "Huỳnh Minh Khánh",
                "date": "Đã tham gia 8 năm",
                "reviewCount": "5 Đánh giá",
                "likedCount": "0 Lượt cảm ơn"
            },
            "review": {
                "rating": 5,
                "title": "Cực kì hài lòng",
                "content": ""
            }
        },
        {
            "reviewer": {
                "name": "Nguyễn Phương Linh",
                "date": "Đã tham gia 3 năm",
                "reviewCount": "3 Đánh giá",
                "likedCount": "0 Lượt cảm ơn"
            },
            "review": {
                "rating": 5,
                "title": "Cực kì hài lòng",
                "content": ""
            }
        },
        {
            "reviewer": {
                "name": "Phạm Quỳnh",
                "date": "Đã tham gia 4 năm",
                "reviewCount": "11 Đánh giá",
                "likedCount": "0 Lượt cảm ơn"
            },
            "review": {
                "rating": 5,
                "title": "Cực kì hài lòng",
                "content": ""
            }
        },
        {
            "reviewer": {
                "name": "Nguyen James",
                "date": "Đã tham gia 11 năm",
                "reviewCount": "38 Đánh giá",
                "likedCount": "18 Lượt cảm ơn"
            },
            "review": {
                "rating": 5,
                "title": "Cực kì hài lòng",
                "content": ""
            }
        },
        {
            "reviewer": {
                "name": "Lê Hữu Quân",
                "date": "Đã tham gia 2 năm",
                "reviewCount": "1 Đánh giá",
                "likedCount": "0 Lượt cảm ơn"
            },
            "review": {
                "rating": 5,
                "title": "Cực kì hài lòng",
                "content": ""
            }
        },
        {
            "reviewer": {
                "name": "Dung Tran",
                "date": "Đã tham gia 3 năm",
                "reviewCount": "12 Đánh giá",
                "likedCount": "0 Lượt cảm ơn"
            },
            "review": {
                "rating": 5,
                "title": "Cực kì hài lòng",
                "content": ""
            }
        },
        {
            "reviewer": {
                "name": "Pham Duc Hoai",
                "date": "Đã tham gia 4 năm",
                "reviewCount": "3 Đánh giá",
                "likedCount": "0 Lượt cảm ơn"
            },
            "review": {
                "rating": 5,
                "title": "Cực kì hài lòng",
                "content": ""
            }
        },
        {
            "reviewer": {
                "name": "Nguyễn Đức Minh",
                "date": "Đã tham gia 11 năm",
                "reviewCount": "5 Đánh giá",
                "likedCount": "0 Lượt cảm ơn"
            },
            "review": {
                "rating": 5,
                "title": "Cực kì hài lòng",
                "content": ""
            }
        },
        {
            "reviewer": {
                "name": "Thai An Phan",
                "date": "Đã tham gia 6 năm",
                "reviewCount": "47 Đánh giá",
                "likedCount": "6 Lượt cảm ơn"
            },
            "review": {
                "rating": 5,
                "title": "Cực kì hài lòng",
                "content": ""
            }
        },
        {
            "reviewer": {
                "name": "võ mạnh cường",
                "date": "Đã tham gia 10 năm",
                "reviewCount": "13 Đánh giá",
                "likedCount": "0 Lượt cảm ơn"
            },
            "review": {
                "rating": 5,
                "title": "Cực kì hài lòng",
                "content": ""
            }
        },
        {
            "reviewer": {
                "name": "Trần Thị Thảo",
                "date": "Đã tham gia 4 năm",
                "reviewCount": "18 Đánh giá",
                "likedCount": "0 Lượt cảm ơn"
            },
            "review": {
                "rating": 5,
                "title": "Cực kì hài lòng",
                "content": ""
            }
        },
        {
            "reviewer": {
                "name": "NAM Ng",
                "date": "Đã tham gia 5 năm",
                "reviewCount": "147 Đánh giá",
                "likedCount": "2 Lượt cảm ơn"
            },
            "review": {
                "rating": 5,
                "title": "Cực kì hài lòng",
                "content": ""
            }
        },
        {
            "reviewer": {
                "name": "Nguyễn Ngọc Bảo",
                "date": "Đã tham gia 8 năm",
                "reviewCount": "181 Đánh giá",
                "likedCount": "7 Lượt cảm ơn"
            },
            "review": {
                "rating": 5,
                "title": "Cực kì hài lòng",
                "content": ""
            }
        },
        {
            "reviewer": {
                "name": "Huỳnh Kỳ",
                "date": "Đã tham gia 8 năm",
                "reviewCount": "27 Đánh giá",
                "likedCount": "0 Lượt cảm ơn"
            },
            "review": {
                "rating": 5,
                "title": "Cực kì hài lòng",
                "content": ""
            }
        },
        {
            "reviewer": {
                "name": "Phu Nguyen",
                "date": "Đã tham gia 12 năm",
                "reviewCount": "66 Đánh giá",
                "likedCount": "77 Lượt cảm ơn"
            },
            "review": {
                "rating": 5,
                "title": "Cực kì hài lòng",
                "content": ""
            }
        },
        {
            "reviewer": {
                "name": "Hương Thủy",
                "date": "Đã tham gia 11 năm",
                "reviewCount": "109 Đánh giá",
                "likedCount": "9 Lượt cảm ơn"
            },
            "review": {
                "rating": 5,
                "title": "Cực kì hài lòng",
                "content": ""
            }
        },
        {
            "reviewer": {
                "name": "trần đức hiếu",
                "date": "Đã tham gia 5 năm",
                "reviewCount": "57 Đánh giá",
                "likedCount": "1 Lượt cảm ơn"
            },
            "review": {
                "rating": 5,
                "title": "Cực kì hài lòng",
                "content": ""
            }
        },
        {
            "reviewer": {
                "name": "Ngô Thanh Trường",
                "date": "Đã tham gia 12 năm",
                "reviewCount": "204 Đánh giá",
                "likedCount": "45 Lượt cảm ơn"
            },
            "review": {
                "rating": 5,
                "title": "Cực kì hài lòng",
                "content": ""
            }
        },
        {
            "reviewer": {
                "name": "Pham Thanh Long",
                "date": "Đã tham gia 8 năm",
                "reviewCount": "78 Đánh giá",
                "likedCount": "1 Lượt cảm ơn"
            },
            "review": {
                "rating": 5,
                "title": "Cực kì hài lòng",
                "content": ""
            }
        },
        {
            "reviewer": {
                "name": "NGUYEN MINH QUYEN",
                "date": "Đã tham gia 7 năm",
                "reviewCount": "135 Đánh giá",
                "likedCount": "74 Lượt cảm ơn"
            },
            "review": {
                "rating": 5,
                "title": "Cực kì hài lòng",
                "content": ""
            }
        },
        {
            "reviewer": {
                "name": "vũ minh hùng",
                "date": "Đã tham gia 3 năm",
                "reviewCount": "63 Đánh giá",
                "likedCount": "0 Lượt cảm ơn"
            },
            "review": {
                "rating": 5,
                "title": "Cực kì hài lòng",
                "content": ""
            }
        },
        {
            "reviewer": {
                "name": "Huỳnh kiến long",
                "date": "Đã tham gia 5 năm",
                "reviewCount": "14 Đánh giá",
                "likedCount": "0 Lượt cảm ơn"
            },
            "review": {
                "rating": 5,
                "title": "Cực kì hài lòng",
                "content": ""
            }
        },
        {
            "reviewer": {
                "name": "meme nene",
                "date": "Đã tham gia 7 năm",
                "reviewCount": "104 Đánh giá",
                "likedCount": "1 Lượt cảm ơn"
            },
            "review": {
                "rating": 5,
                "title": "Cực kì hài lòng",
                "content": ""
            }
        },
        {
            "reviewer": {
                "name": "Phạm Trang",
                "date": "Đã tham gia 6 năm",
                "reviewCount": "579 Đánh giá",
                "likedCount": "37 Lượt cảm ơn"
            },
            "review": {
                "rating": 5,
                "title": "Cực kì hài lòng",
                "content": ""
            }
        },
        {
            "reviewer": {
                "name": "Triệu luân",
                "date": "Đã tham gia 4 năm",
                "reviewCount": "150 Đánh giá",
                "likedCount": "5 Lượt cảm ơn"
            },
            "review": {
                "rating": 5,
                "title": "Cực kì hài lòng",
                "content": ""
            }
        },
        {
            "reviewer": {
                "name": "C Thuy",
                "date": "Đã tham gia 6 năm",
                "reviewCount": "49 Đánh giá",
                "likedCount": "1 Lượt cảm ơn"
            },
            "review": {
                "rating": 5,
                "title": "Cực kì hài lòng",
                "content": ""
            }
        },
        {
            "reviewer": {
                "name": "Nguyễn Tiến  Việt",
                "date": "Đã tham gia 11 năm",
                "reviewCount": "12 Đánh giá",
                "likedCount": "0 Lượt cảm ơn"
            },
            "review": {
                "rating": 3,
                "title": "Bình thường",
                "content": "Áo sách bị in lệch tiêu đề chính. In lỗi như này đáng lẽ phải bỏ. Cuốn sách giá bìa gần 700k nhưng tiếc vài nghìn tiền vỏ"
            }
        },
        {
            "reviewer": {
                "name": "Nguyễn Mạnh Hùng",
                "date": "Đã tham gia 6 năm",
                "reviewCount": "37 Đánh giá",
                "likedCount": "0 Lượt cảm ơn"
            },
            "review": {
                "rating": 4,
                "title": "Hài lòng",
                "content": "Tót"
            }
        },
        {
            "reviewer": {
                "name": "Đặng Quốc Việt",
                "date": "Đã tham gia 6 năm",
                "reviewCount": "335 Đánh giá",
                "likedCount": "7 Lượt cảm ơn"
            },
            "review": {
                "rating": 4,
                "title": "Hài lòng",
                "content": ""
            }
        },
        {
            "reviewer": {
                "name": "Hoàng Ngọc Lữ",
                "date": "Đã tham gia 9 năm",
                "reviewCount": "57 Đánh giá",
                "likedCount": "4 Lượt cảm ơn"
            },
            "review": {
                "rating": 4,
                "title": "Hài lòng",
                "content": ""
            }
        }
    ]
}