{
    "url": "https://tiki.vn/sapiens-luoc-su-loai-nguoi-bang-tranh-tap-2-p138038174.html?spid=141652589",
    "info": {
        "title": "SAPIENS - LƯỢC SỬ LOÀI NGƯỜI BẰNG TRANH - TẬP 2",
        "author": "Yuval Noah Harari",
        "imageUrl": "https://salt.tikicdn.com/cache/750x750/ts/product/10/a7/90/9f12cd5a520068375383c500a1f418a3.png.webp",
        "soldQuantity": 54,
        "currentPrice": 258000,
        "originalPrice": 345000
    },
    "details": {
        "publisher": "Alphabooks",
        "publishDate": "2021-11-05 16:59:00",
        "translator": "Minh An",
        "coverType": "Bìa cứng",
        "pageCount": "256",
        "publishingHouse": "NXB Dân Trí"
    },
    "description": "Sau nhiều chờ đợi, tập 2 bộ sách trứ danh này đã ra mắt. Ấn bản này xuất bản tại Việt Nam đồng thời với thế giới.Phát hành 22/11/2021[SẮP PHÁT HÀNH]SAPIENS - LƯỢC SỬ LOÀI NGƯỜI BẰNG TRANH - TẬP 2Yuval Noah HarariBìa cứng - tranh màu********TẬP 2 của loạt truyện tranh chuyển thể từ tác phẩm \"Sapiens - Lược sử loài người\" của tác giả Yuval Noah Harari được chính thức phát hành trên toàn cầu.Omega+ cũng vui mừng thông báo đến với các độc giả tại Việt Nam, phiên bản tiếng Việt của tập truyện này cũng sẽ được phát hành toàn quốc gần như ĐỒNG THỜI với các phiên bản khác trên thế giới vào tháng 11/2021. Tập 1 đã được chúng tôi xuất bản vào tháng 5/2021.Harari đã hợp tác với các nghệ sĩ truyện tranh nổi tiếng David Vandermeulen (đồng sáng tác) và Daniel Casanave (họa sĩ minh họa), để tạo ra một loạt tập truyện đồ họa nhằm thu hút những độc giả không thường xuyên của mảng khoa học và lịch sử. Tập sách bao gồm nhiều hình ảnh minh họa đầy đủ màu sắc và văn bản dễ hiểu sẽ làm nội dung của tác phẩm trở nên hấp dẫn hơn dành cho độc giả mọi lứa tuổi. Dự kiến sẽ có 4 tập dựa trên 4 phần chính của tác phẩm gốc.ĐẶC BIỆT CỦA TẬP 2: là bộ bookmark hình nhân vật bao gồm 4 nhân vật chính dẫn dắt xuyên suốt các tập truyện và 1 nhân vật đại diện cho tập 2. Đó là:. Tác giả Yuval Noah Harari. Giáo sư đáng kính Saraswati. Tiến sĩ Hư cấu mang hình dánh siêu nhân. Thám tử siêu ngầu Lopez. Nhân vật hư cấu cây lúa mì. Số trang: 256 | Bìa cứng. Khổ: 20,5 x 27,5 cm (khổ lớn). Phát hành toàn quốc: 22/11/2021\nGiá sản phẩm trên Tiki đã bao gồm thuế theo luật hiện hành. Bên cạnh đó, tuỳ vào loại sản phẩm, hình thức và địa chỉ giao hàng mà có thể phát sinh thêm chi phí khác như phí vận chuyển, phụ phí hàng cồng kềnh, thuế nhập khẩu (đối với đơn hàng giao từ nước ngoài có giá trị trên 1 triệu đồng).....",
    "rating": {
        "totalRating": 4.9,
        "numberOfRating": 12
    },
    "reviews": [
        {
            "reviewer": {
                "name": "Lê Thái",
                "date": "Đã tham gia 4 năm",
                "reviewCount": "106 Đánh giá",
                "likedCount": "2 Lượt cảm ơn"
            },
            "review": {
                "rating": 5,
                "title": "Cực kì hài lòng",
                "content": "Ok"
            }
        },
        {
            "reviewer": {
                "name": "Trịnh Hằng",
                "date": "Đã tham gia 3 năm",
                "reviewCount": "5 Đánh giá",
                "likedCount": "0 Lượt cảm ơn"
            },
            "review": {
                "rating": 5,
                "title": "Cực kì hài lòng",
                "content": "Sách đẹp, bìa cứng và giấy in màu đẹp"
            }
        },
        {
            "reviewer": {
                "name": "Nguyen Thi Phuong Tra",
                "date": "Đã tham gia 10 năm",
                "reviewCount": "18 Đánh giá",
                "likedCount": "2 Lượt cảm ơn"
            },
            "review": {
                "rating": 5,
                "title": "Cực kì hài lòng",
                "content": "Sách bìa cứng đẹp, giấy đẹp, xứng đáng"
            }
        },
        {
            "reviewer": {
                "name": "Ba Lá",
                "date": "Đã tham gia 8 năm",
                "reviewCount": "18 Đánh giá",
                "likedCount": "0 Lượt cảm ơn"
            },
            "review": {
                "rating": 5,
                "title": "Cực kì hài lòng",
                "content": ""
            }
        },
        {
            "reviewer": {
                "name": "Pham Dan",
                "date": "Đã tham gia 8 năm",
                "reviewCount": "33 Đánh giá",
                "likedCount": "21 Lượt cảm ơn"
            },
            "review": {
                "rating": 5,
                "title": "Cực kì hài lòng",
                "content": ""
            }
        }
    ]
}