{
    "url": "https://tiki.vn/khong-phai-huyen-thoai-tieu-thuyet-lich-su-dau-tien-ve-dai-tuong-vo-nguyen-giap-trong-chien-dich-dien-bien-phu-p191782133.html?spid=191782136",
    "info": {
        "title": "Không Phải Huyền Thoại - Tiểu Thuyết Lịch Sử Đầu Tiên Về Đại Tướng Võ Nguyên Giáp Trong Chiến Dịch Điện Biên Phủ",
        "author": "Hữu Mai",
        "imageUrl": "https://salt.tikicdn.com/cache/750x750/ts/product/3c/d8/84/2d2a67049004cf5798d452c6a74f1ae9.jpg.webp",
        "soldQuantity": 236,
        "currentPrice": 212000,
        "originalPrice": 255000
    },
    "details": {
        "bookVersion": "Phiên bản thường",
        "publisher": "NXB Trẻ",
        "publishDate": "2022-07-07 00:00:00",
        "dimensions": "16 x 24 cm",
        "coverType": "Bìa mềm",
        "pageCount": "588",
        "publishingHouse": "NXB Trẻ"
    },
    "description": "Chiến tranh với những thăng trầm thường tạo nên những huyền thoại. Nhưng nhà văn Hữu Mai với mối quan hệ đặc biệt với nhân vật của mình, đã có cuộc hành trình trên trang giấy để tìm ra đâu là khía cạnh phi thường của một con người giữa quan hệ với muôn người, những ảnh hưởng đến sinh mệnh và cục diện chiến cuộc, đâu là khía cạnh chân thực của những nét ngoại cỡ của tầm vóc lịch sử. Một quyển sách công phu và chân thực khiến người đọc tưởng như cảm thấy hơi thở của một lịch sử rất gần đây, những hình tượng sống động như thể chiến thắng độc đáo bậc nhất trong lịch sử vừa mới được họ tạo ra.\nGiá sản phẩm trên Tiki đã bao gồm thuế theo luật hiện hành. Bên cạnh đó, tuỳ vào loại sản phẩm, hình thức và địa chỉ giao hàng mà có thể phát sinh thêm chi phí khác như phí vận chuyển, phụ phí hàng cồng kềnh, thuế nhập khẩu (đối với đơn hàng giao từ nước ngoài có giá trị trên 1 triệu đồng).....",
    "rating": {
        "totalRating": 4.9,
        "numberOfRating": 28
    },
    "reviews": [
        {
            "reviewer": {
                "name": "Đặng Cao Kiệt",
                "date": "Đã tham gia 2 năm",
                "reviewCount": "1 Đánh giá",
                "likedCount": "1 Lượt cảm ơn"
            },
            "review": {
                "rating": 5,
                "title": "Cực kì hài lòng",
                "content": "Bìa đẹp, chữ in nổi bắt mắt, giấy tốt. Giao hàng chậm 1 ngày, chắc do mưa liên tục, thông cảm được"
            }
        },
        {
            "reviewer": {
                "name": "Nguyễn Duy Hưng",
                "date": "Đã tham gia 4 năm",
                "reviewCount": "25 Đánh giá",
                "likedCount": "5 Lượt cảm ơn"
            },
            "review": {
                "rating": 5,
                "title": "Cực kì hài lòng",
                "content": "Một tác phẩm đáp ứng được lòng mong mỏi của thế hệ trẻ để tìm hiểu, nghiên cứu về chiến tích lịch sử, khắc họa rõ nét chân dung đại tướng và những hy sinh xương máu của cha anh"
            }
        },
        {
            "reviewer": {
                "name": "Vũ Hoàng Trang",
                "date": "Đã tham gia 4 năm",
                "reviewCount": "55 Đánh giá",
                "likedCount": "6 Lượt cảm ơn"
            },
            "review": {
                "rating": 5,
                "title": "Cực kì hài lòng",
                "content": "Sách giáo siêu nhanh. Mới hôm qua đặt này đã giao. Sách còn nguyên màng bọc. \r\nHàng chất lượng cao. Mong là nội dung sẽ làm mình say mê"
            }
        },
        {
            "reviewer": {
                "name": "Trương Thanh Thuỷ",
                "date": "Đã tham gia 6 năm",
                "reviewCount": "17 Đánh giá",
                "likedCount": "0 Lượt cảm ơn"
            },
            "review": {
                "rating": 5,
                "title": "Cực kì hài lòng",
                "content": "sách cực kỳ đẹp, sờ đã tay!"
            }
        },
        {
            "reviewer": {
                "name": "Long Nguyen",
                "date": "Đã tham gia 3 năm",
                "reviewCount": "34 Đánh giá",
                "likedCount": "0 Lượt cảm ơn"
            },
            "review": {
                "rating": 5,
                "title": "Cực kì hài lòng",
                "content": "Sản phẩm tốt giao hàng nhanh"
            }
        },
        {
            "reviewer": {
                "name": "Nguyễn Thiệu",
                "date": "Đã tham gia 7 năm",
                "reviewCount": "87 Đánh giá",
                "likedCount": "4 Lượt cảm ơn"
            },
            "review": {
                "rating": 5,
                "title": "Cực kì hài lòng",
                "content": ""
            }
        },
        {
            "reviewer": {
                "name": "Nhái Bén",
                "date": "Đã tham gia 4 năm",
                "reviewCount": "1 Đánh giá",
                "likedCount": "0 Lượt cảm ơn"
            },
            "review": {
                "rating": 5,
                "title": "Cực kì hài lòng",
                "content": ""
            }
        },
        {
            "reviewer": {
                "name": "Kim Ngân",
                "date": "Đã tham gia 6 năm",
                "reviewCount": "508 Đánh giá",
                "likedCount": "22 Lượt cảm ơn"
            },
            "review": {
                "rating": 5,
                "title": "Cực kì hài lòng",
                "content": ""
            }
        },
        {
            "reviewer": {
                "name": "Nhạt Nắng",
                "date": "Đã tham gia 4 năm",
                "reviewCount": "1 Đánh giá",
                "likedCount": "0 Lượt cảm ơn"
            },
            "review": {
                "rating": 5,
                "title": "Cực kì hài lòng",
                "content": ""
            }
        },
        {
            "reviewer": {
                "name": "Chu Quang Hiển",
                "date": "Đã tham gia 11 năm",
                "reviewCount": "43 Đánh giá",
                "likedCount": "1 Lượt cảm ơn"
            },
            "review": {
                "rating": 5,
                "title": "Cực kì hài lòng",
                "content": ""
            }
        },
        {
            "reviewer": {
                "name": "Nguyễn Long Châu",
                "date": "Đã tham gia 4 năm",
                "reviewCount": "128 Đánh giá",
                "likedCount": "3 Lượt cảm ơn"
            },
            "review": {
                "rating": 5,
                "title": "Cực kì hài lòng",
                "content": ""
            }
        },
        {
            "reviewer": {
                "name": "Kai Knight",
                "date": "Đã tham gia 8 năm",
                "reviewCount": "42 Đánh giá",
                "likedCount": "1 Lượt cảm ơn"
            },
            "review": {
                "rating": 5,
                "title": "Cực kì hài lòng",
                "content": "Sách hay. Đẹp"
            }
        },
        {
            "reviewer": {
                "name": "Lê Thảo Anh",
                "date": "Đã tham gia 2 năm",
                "reviewCount": "12 Đánh giá",
                "likedCount": "0 Lượt cảm ơn"
            },
            "review": {
                "rating": 5,
                "title": "Cực kì hài lòng",
                "content": ""
            }
        },
        {
            "reviewer": {
                "name": "Võ  Thanh An",
                "date": "Đã tham gia 12 năm",
                "reviewCount": "16 Đánh giá",
                "likedCount": "0 Lượt cảm ơn"
            },
            "review": {
                "rating": 5,
                "title": "Cực kì hài lòng",
                "content": ""
            }
        },
        {
            "reviewer": {
                "name": "Yêu Không Dám Nói",
                "date": "Đã tham gia 7 năm",
                "reviewCount": "95 Đánh giá",
                "likedCount": "5 Lượt cảm ơn"
            },
            "review": {
                "rating": 5,
                "title": "Cực kì hài lòng",
                "content": ""
            }
        },
        {
            "reviewer": {
                "name": "Toan Tran",
                "date": "Đã tham gia 2 năm",
                "reviewCount": "66 Đánh giá",
                "likedCount": "0 Lượt cảm ơn"
            },
            "review": {
                "rating": 5,
                "title": "Cực kì hài lòng",
                "content": ""
            }
        },
        {
            "reviewer": {
                "name": "Hang N",
                "date": "Đã tham gia 3 năm",
                "reviewCount": "4 Đánh giá",
                "likedCount": "0 Lượt cảm ơn"
            },
            "review": {
                "rating": 5,
                "title": "Cực kì hài lòng",
                "content": ""
            }
        },
        {
            "reviewer": {
                "name": "dong ha quang",
                "date": "Đã tham gia 6 năm",
                "reviewCount": "42 Đánh giá",
                "likedCount": "10 Lượt cảm ơn"
            },
            "review": {
                "rating": 5,
                "title": "Cực kì hài lòng",
                "content": "Giao hàng nhanh. Sách rất hay"
            }
        },
        {
            "reviewer": {
                "name": "Nguyen hien",
                "date": "Đã tham gia 3 năm",
                "reviewCount": "13 Đánh giá",
                "likedCount": "0 Lượt cảm ơn"
            },
            "review": {
                "rating": 5,
                "title": "Cực kì hài lòng",
                "content": ""
            }
        },
        {
            "reviewer": {
                "name": "Nguyen Hoai Anh",
                "date": "Đã tham gia 6 năm",
                "reviewCount": "13 Đánh giá",
                "likedCount": "1 Lượt cảm ơn"
            },
            "review": {
                "rating": 5,
                "title": "Cực kì hài lòng",
                "content": ""
            }
        },
        {
            "reviewer": {
                "name": "trần minh trí",
                "date": "Đã tham gia 12 năm",
                "reviewCount": "259 Đánh giá",
                "likedCount": "22 Lượt cảm ơn"
            },
            "review": {
                "rating": 5,
                "title": "Cực kì hài lòng",
                "content": ""
            }
        },
        {
            "reviewer": {
                "name": "Nguyễn Minh Vũ",
                "date": "Đã tham gia 6 năm",
                "reviewCount": "1 Đánh giá",
                "likedCount": "0 Lượt cảm ơn"
            },
            "review": {
                "rating": 5,
                "title": "Cực kì hài lòng",
                "content": ""
            }
        },
        {
            "reviewer": {
                "name": "Trần huy dụng",
                "date": "Đã tham gia 3 năm",
                "reviewCount": "148 Đánh giá",
                "likedCount": "6 Lượt cảm ơn"
            },
            "review": {
                "rating": 5,
                "title": "Cực kì hài lòng",
                "content": "Sách đẹp, tiki giao hàng tốt"
            }
        },
        {
            "reviewer": {
                "name": "Phạm Thành Trung",
                "date": "Đã tham gia 12 năm",
                "reviewCount": "21 Đánh giá",
                "likedCount": "2 Lượt cảm ơn"
            },
            "review": {
                "rating": 5,
                "title": "Cực kì hài lòng",
                "content": ""
            }
        },
        {
            "reviewer": {
                "name": "Đỗ minh cường",
                "date": "Đã tham gia 5 năm",
                "reviewCount": "206 Đánh giá",
                "likedCount": "1 Lượt cảm ơn"
            },
            "review": {
                "rating": 5,
                "title": "Cực kì hài lòng",
                "content": ""
            }
        },
        {
            "reviewer": {
                "name": "Phương Leeloo",
                "date": "Đã tham gia 6 năm",
                "reviewCount": "46 Đánh giá",
                "likedCount": "2 Lượt cảm ơn"
            },
            "review": {
                "rating": 5,
                "title": "Cực kì hài lòng",
                "content": ""
            }
        },
        {
            "reviewer": {
                "name": "Hoang Thi Xuan Hoa",
                "date": "Đã tham gia 4 năm",
                "reviewCount": "61 Đánh giá",
                "likedCount": "1 Lượt cảm ơn"
            },
            "review": {
                "rating": 4,
                "title": "Hài lòng",
                "content": ""
            }
        },
        {
            "reviewer": {
                "name": "Đặng Quốc Việt",
                "date": "Đã tham gia 6 năm",
                "reviewCount": "335 Đánh giá",
                "likedCount": "7 Lượt cảm ơn"
            },
            "review": {
                "rating": 4,
                "title": "Hài lòng",
                "content": ""
            }
        }
    ]
}