{
    "url": "https://tiki.vn/sung-vi-trung-va-thep-tai-ban-p201845361.html?spid=201845365",
    "info": {
        "title": "Súng, Vi Trùng Và Thép (Tái bản)",
        "author": "Jared Diamond",
        "imageUrl": "https://salt.tikicdn.com/cache/750x750/ts/product/9c/95/7f/a71f7924d478f23707d00e137bd59af8.jpg.webp",
        "soldQuantity": 1000,
        "currentPrice": 253000,
        "originalPrice": 339000
    },
    "details": {
        "bookVersion": "Phiên bản thường",
        "publisher": "OMEGA PLUS+",
        "publishDate": "2022-10-01 00:00:00",
        "dimensions": "16 x 24 cm",
        "translator": "Trần Tiễn Cao Đăng",
        "coverType": "Bìa mềm",
        "pageCount": "660",
        "publishingHouse": "Nhà Xuất Bản Thế Giới"
    },
    "description": "“Súng, vi trùng và thép: Định mệnh của các xã hội loài người” là cuốn sách khoa học phổ thông thứ hai và nổi tiếng nhất của Jared Diamond, được xuất bản lần đầu trên thế giới vào năm 1997.\nCuốn sách đã trở thành cuốn sách bán chạy nhất trên thế giới thời điểm đó, được dịch ra 33 thứ tiếng và nhận được nhiều giải thưởng, trong đó có một giải Pulitzer, một giải thưởng Sách Khoa học Aventis và giải thưởng Khoa học Phi Beta Kap-pa năm 1997. Một bộ phim tài liệu truyền hình nhiều tập dựa trên cuốn sách đã được Hiệp hội Địa lý Quốc gia sản xuất vào năm 2005.\nĐến nay, \"Súng, vi trùng và thép\" đã bán được hàng triệu bản và vẫn được xem là một công trình nền tảng về địa lý liên ngành, toàn diện và đột phá.\nYuval Harari đã lấy cảm hứng từ chính cuốn sách này của Jared Diamond để sáng tác ra một cuốn sách nổi tiếng không kém: “Sapiens: Lược sử về loài người”. Colin Renfrew – Thành viên Quốc hội Vương quốc Liên hiệp Anh và Bắc Ireland nhận xét: “Diamond đã viết nên một tác phẩm với tầm tri thức đặc biệt xuất sắc. Đây là một trong những công trình quan trọng nhất và đáng đọc nhất về loài người”.\nNhân dịp tác phẩm nhận được Giải A Sách Quốc gia 2021, chúng tôi tái bản bìa mới, chỉnh sửa một số lỗi và đặc biệt là có bổ sung thêm index. Các đường vân trên bìa biểu trưng cho dòng chảy thời gian, dòng chảy văn minh của nhân loại, đồng thời kết nối quá khứ với hiện tại.\nNội dung cuốn sách giải thích vì sao các nền văn minh Á – Âu (bao gồm cả Bắc Phi) lại tồn tại được, cũng như đã chinh phục các nền văn minh khác, cùng lúc ông bác bỏ các lý thuyết về sự thống trị của các nền văn minh Á –Âu dựa trên trí tuệ, đạo đức hay ưu thế di truyền. Jared Diamond lập luận rằng, sự khác biệt về quyền lực và công nghệ giữa các xã hội loài người có nguồn gốc từ sự khác biệt về môi trường, trong đó sự khác biệt này được khuếch đại không ngừng. Qua đó, ông giải thích tại sao Tây Âu, chứ không phải các nền văn minh khác trong thế giới Á – Âu như Trung Quốc, lại trở thành các thế lực thống trị.\nVề tác giả Jared Diamond\nGiáo sư Địa lý học tại Đại học Los Angeles, Mỹ.\nÔng đã nhận được nhiều giải thưởng danh giá, trong đó phải kể đến Huy chương Khoa học Quốc gia, Giải thưởng Cosmos của Nhật Bản, Giải thưởng Lewis Thomas do Đại học Rockefeller trao tặng, và đặc biệt là giải Pulitzer cho thể loại sách phi hư cấu năm 1998 với tác phẩm Guns, Germs and Steel (Súng, Vi trùng và Thép).\nTác phẩm tiêu biểu: The Third Chimpanzee (Loài tinh tinh thứ 3) (1991), Why Is Sex Fun? (Tại sao tình dục lại thú vị?) (1997), Guns, Germs and Steel (Súng, Vi trùng và Thép) (1997), Collapse (Sụp đổ) (2005), The World Until Yesterday (Thế giới cho đến ngày hôm qua) (2012), Upheaval (Biến động) (2019)\nGiá sản phẩm trên Tiki đã bao gồm thuế theo luật hiện hành. Bên cạnh đó, tuỳ vào loại sản phẩm, hình thức và địa chỉ giao hàng mà có thể phát sinh thêm chi phí khác như phí vận chuyển, phụ phí hàng cồng kềnh, thuế nhập khẩu (đối với đơn hàng giao từ nước ngoài có giá trị trên 1 triệu đồng).....",
    "rating": {
        "totalRating": 4.9,
        "numberOfRating": 76
    },
    "reviews": [
        {
            "reviewer": {
                "name": "Japanit Matcha",
                "date": "Đã tham gia 7 năm",
                "reviewCount": "1301 Đánh giá",
                "likedCount": "266 Lượt cảm ơn"
            },
            "review": {
                "rating": 5,
                "title": "Cực kì hài lòng",
                "content": "Cực kỳ hài lòng\r\nSản phẩm có chất lượng đúng như mô tả, đóng gói chắc chắn, rất đáng tiền, giao hàng nhanh. \r\nP/s: Không có thời gian chụp hình nên mình lấy đỡ hình trên mạng up"
            }
        },
        {
            "reviewer": {
                "name": "Dung Pham Anh",
                "date": "Đã tham gia 8 năm",
                "reviewCount": "79 Đánh giá",
                "likedCount": "83 Lượt cảm ơn"
            },
            "review": {
                "rating": 5,
                "title": "Cực kì hài lòng",
                "content": "Sách thì rất Ok nhưng cách đóng gói của Tiki dạo này cẩu thả quá. Mua 1 lần 6 cuốn mà đóng cái hộp nát, không có bọc hay gói gì bên trong, về đến nơi còn mỗi cái băng keo giữ lại."
            }
        },
        {
            "reviewer": {
                "name": "Lê Nhựt Quang",
                "date": "Đã tham gia 6 năm",
                "reviewCount": "2 Đánh giá",
                "likedCount": "1 Lượt cảm ơn"
            },
            "review": {
                "rating": 5,
                "title": "Cực kì hài lòng",
                "content": "Sách giao đẹp ❤, còn seal , lần sau sẽ ủng hộ tiếp 👍"
            }
        },
        {
            "reviewer": {
                "name": "Nguyen Thi Hong Nhung",
                "date": "Đã tham gia 9 năm",
                "reviewCount": "237 Đánh giá",
                "likedCount": "2 Lượt cảm ơn"
            },
            "review": {
                "rating": 5,
                "title": "Cực kì hài lòng",
                "content": "Giá tốt. Shop đóng gói cẩn thận và giao nhanh. Sẽ tiếp tục ủng hộ ah shop."
            }
        },
        {
            "reviewer": {
                "name": "Nguyễn Văn Luân",
                "date": "Đã tham gia 7 năm",
                "reviewCount": "32 Đánh giá",
                "likedCount": "0 Lượt cảm ơn"
            },
            "review": {
                "rating": 5,
                "title": "Cực kì hài lòng",
                "content": "Đóng gói cẩn thận, giao nhanh, sách hay"
            }
        },
        {
            "reviewer": {
                "name": "Lê Ngọc Linh",
                "date": "Đã tham gia 9 năm",
                "reviewCount": "18 Đánh giá",
                "likedCount": "8 Lượt cảm ơn"
            },
            "review": {
                "rating": 5,
                "title": "Cực kì hài lòng",
                "content": "Giá sale khá ok. Nhưng mua xong mới biết có bản bìa cứng. Cần *** bản này. Bạn nào cần thì liên hệ ạ."
            }
        },
        {
            "reviewer": {
                "name": "Phù Nhựt Huỳnh",
                "date": "Đã tham gia 1 năm",
                "reviewCount": "1 Đánh giá",
                "likedCount": "0 Lượt cảm ơn"
            },
            "review": {
                "rating": 5,
                "title": "Cực kì hài lòng",
                "content": "Sách hay nhất mà tôi từng đọc trên đời"
            }
        },
        {
            "reviewer": {
                "name": "Thanh Truong",
                "date": "Đã tham gia 8 năm",
                "reviewCount": "301 Đánh giá",
                "likedCount": "30 Lượt cảm ơn"
            },
            "review": {
                "rating": 5,
                "title": "Cực kì hài lòng",
                "content": "Sách có vẻ rất hay nhưng nếu in bìa cứng sẽ giá trị hơn"
            }
        },
        {
            "reviewer": {
                "name": "Quang Đàm",
                "date": "Đã tham gia 8 năm",
                "reviewCount": "7 Đánh giá",
                "likedCount": "0 Lượt cảm ơn"
            },
            "review": {
                "rating": 5,
                "title": "Cực kì hài lòng",
                "content": "Thông tin bổ ích."
            }
        },
        {
            "reviewer": {
                "name": "Do Tung",
                "date": "Đã tham gia 9 năm",
                "reviewCount": "41 Đánh giá",
                "likedCount": "7 Lượt cảm ơn"
            },
            "review": {
                "rating": 5,
                "title": "Cực kì hài lòng",
                "content": "Sách rất đẹp, nội dung hay, có nhiều thông tin hữu ích."
            }
        },
        {
            "reviewer": {
                "name": "Võ Thành Luân",
                "date": "Đã tham gia 6 năm",
                "reviewCount": "1 Đánh giá",
                "likedCount": "0 Lượt cảm ơn"
            },
            "review": {
                "rating": 5,
                "title": "Cực kì hài lòng",
                "content": "Sách được giao đúng thời gian, người giao hàng siêu tốt bụng và chịu khó ^^"
            }
        },
        {
            "reviewer": {
                "name": "Kai Knight",
                "date": "Đã tham gia 8 năm",
                "reviewCount": "42 Đánh giá",
                "likedCount": "1 Lượt cảm ơn"
            },
            "review": {
                "rating": 5,
                "title": "Cực kì hài lòng",
                "content": "Sách đẹp!"
            }
        },
        {
            "reviewer": {
                "name": "Nguyễn Đình Duy",
                "date": "Đã tham gia 7 năm",
                "reviewCount": "4 Đánh giá",
                "likedCount": "0 Lượt cảm ơn"
            },
            "review": {
                "rating": 5,
                "title": "Cực kì hài lòng",
                "content": ""
            }
        },
        {
            "reviewer": {
                "name": "Pham Ngoc Bao",
                "date": "Đã tham gia 8 năm",
                "reviewCount": "80 Đánh giá",
                "likedCount": "1 Lượt cảm ơn"
            },
            "review": {
                "rating": 5,
                "title": "Cực kì hài lòng",
                "content": ""
            }
        },
        {
            "reviewer": {
                "name": "Ánh Tuyết",
                "date": "Đã tham gia 3 năm",
                "reviewCount": "72 Đánh giá",
                "likedCount": "1 Lượt cảm ơn"
            },
            "review": {
                "rating": 5,
                "title": "Cực kì hài lòng",
                "content": ""
            }
        },
        {
            "reviewer": {
                "name": "Đào Tấn Phát",
                "date": "Đã tham gia 8 năm",
                "reviewCount": "18 Đánh giá",
                "likedCount": "0 Lượt cảm ơn"
            },
            "review": {
                "rating": 5,
                "title": "Cực kì hài lòng",
                "content": ""
            }
        },
        {
            "reviewer": {
                "name": "nhat",
                "date": "Đã tham gia 7 năm",
                "reviewCount": "11 Đánh giá",
                "likedCount": "1 Lượt cảm ơn"
            },
            "review": {
                "rating": 5,
                "title": "Cực kì hài lòng",
                "content": ""
            }
        },
        {
            "reviewer": {
                "name": "Nguyễn Uyên",
                "date": "Đã tham gia 3 năm",
                "reviewCount": "24 Đánh giá",
                "likedCount": "0 Lượt cảm ơn"
            },
            "review": {
                "rating": 5,
                "title": "Cực kì hài lòng",
                "content": ""
            }
        },
        {
            "reviewer": {
                "name": "Nguyễn Minh Trường",
                "date": "Đã tham gia 5 năm",
                "reviewCount": "50 Đánh giá",
                "likedCount": "1 Lượt cảm ơn"
            },
            "review": {
                "rating": 5,
                "title": "Cực kì hài lòng",
                "content": ""
            }
        },
        {
            "reviewer": {
                "name": "Lô Nhật Quang",
                "date": "Đã tham gia 3 tháng",
                "reviewCount": "2 Đánh giá",
                "likedCount": "0 Lượt cảm ơn"
            },
            "review": {
                "rating": 5,
                "title": "Cực kì hài lòng",
                "content": ""
            }
        },
        {
            "reviewer": {
                "name": "Hoa TaBi",
                "date": "Đã tham gia 7 năm",
                "reviewCount": "24 Đánh giá",
                "likedCount": "0 Lượt cảm ơn"
            },
            "review": {
                "rating": 5,
                "title": "Cực kì hài lòng",
                "content": ""
            }
        },
        {
            "reviewer": {
                "name": "Tran Hong Quang",
                "date": "Đã tham gia 5 năm",
                "reviewCount": "18 Đánh giá",
                "likedCount": "1 Lượt cảm ơn"
            },
            "review": {
                "rating": 5,
                "title": "Cực kì hài lòng",
                "content": ""
            }
        },
        {
            "reviewer": {
                "name": "Đinh Thị Thu Hà",
                "date": "Đã tham gia 10 năm",
                "reviewCount": "31 Đánh giá",
                "likedCount": "0 Lượt cảm ơn"
            },
            "review": {
                "rating": 5,
                "title": "Cực kì hài lòng",
                "content": ""
            }
        },
        {
            "reviewer": {
                "name": "Cuong Nguyen",
                "date": "Đã tham gia 5 năm",
                "reviewCount": "2 Đánh giá",
                "likedCount": "0 Lượt cảm ơn"
            },
            "review": {
                "rating": 5,
                "title": "Cực kì hài lòng",
                "content": ""
            }
        },
        {
            "reviewer": {
                "name": "Lê Hùng",
                "date": "Đã tham gia 1 năm",
                "reviewCount": "4 Đánh giá",
                "likedCount": "0 Lượt cảm ơn"
            },
            "review": {
                "rating": 5,
                "title": "Cực kì hài lòng",
                "content": ""
            }
        },
        {
            "reviewer": {
                "name": "Đỗ Văn Tiệp",
                "date": "Đã tham gia 6 năm",
                "reviewCount": "5 Đánh giá",
                "likedCount": "0 Lượt cảm ơn"
            },
            "review": {
                "rating": 5,
                "title": "Cực kì hài lòng",
                "content": ""
            }
        },
        {
            "reviewer": {
                "name": "Hợp Phạm Quang",
                "date": "Đã tham gia 4 tháng",
                "reviewCount": "3 Đánh giá",
                "likedCount": "0 Lượt cảm ơn"
            },
            "review": {
                "rating": 5,
                "title": "Cực kì hài lòng",
                "content": ""
            }
        },
        {
            "reviewer": {
                "name": "Lê thị bích huyền",
                "date": "Đã tham gia 6 năm",
                "reviewCount": "12 Đánh giá",
                "likedCount": "0 Lượt cảm ơn"
            },
            "review": {
                "rating": 5,
                "title": "Cực kì hài lòng",
                "content": "Sách hay nên đọc nhé, nhiều kiến thức thú vị"
            }
        },
        {
            "reviewer": {
                "name": "Trần Hữu Lệ",
                "date": "Đã tham gia 4 năm",
                "reviewCount": "5 Đánh giá",
                "likedCount": "8 Lượt cảm ơn"
            },
            "review": {
                "rating": 5,
                "title": "Cực kì hài lòng",
                "content": ""
            }
        },
        {
            "reviewer": {
                "name": "Ngân Thành Đặng",
                "date": "Đã tham gia 4 năm",
                "reviewCount": "33 Đánh giá",
                "likedCount": "0 Lượt cảm ơn"
            },
            "review": {
                "rating": 5,
                "title": "Cực kì hài lòng",
                "content": ""
            }
        },
        {
            "reviewer": {
                "name": "Nhựt Minh",
                "date": "Đã tham gia 4 năm",
                "reviewCount": "7 Đánh giá",
                "likedCount": "0 Lượt cảm ơn"
            },
            "review": {
                "rating": 5,
                "title": "Cực kì hài lòng",
                "content": ""
            }
        },
        {
            "reviewer": {
                "name": "PHẠM THÀNH NGUYÊN",
                "date": "Đã tham gia 10 năm",
                "reviewCount": "24 Đánh giá",
                "likedCount": "0 Lượt cảm ơn"
            },
            "review": {
                "rating": 5,
                "title": "Cực kì hài lòng",
                "content": ""
            }
        },
        {
            "reviewer": {
                "name": "Nguyễn Thị Giang",
                "date": "Đã tham gia 6 năm",
                "reviewCount": "227 Đánh giá",
                "likedCount": "4 Lượt cảm ơn"
            },
            "review": {
                "rating": 5,
                "title": "Cực kì hài lòng",
                "content": "Hữu ích"
            }
        },
        {
            "reviewer": {
                "name": "Võ Minh Ngà",
                "date": "Đã tham gia 7 năm",
                "reviewCount": "126 Đánh giá",
                "likedCount": "2 Lượt cảm ơn"
            },
            "review": {
                "rating": 5,
                "title": "Cực kì hài lòng",
                "content": ""
            }
        },
        {
            "reviewer": {
                "name": "Văn Thành",
                "date": "Đã tham gia 12 năm",
                "reviewCount": "48 Đánh giá",
                "likedCount": "3 Lượt cảm ơn"
            },
            "review": {
                "rating": 5,
                "title": "Cực kì hài lòng",
                "content": ""
            }
        },
        {
            "reviewer": {
                "name": "Ánh Nga",
                "date": "Đã tham gia 6 năm",
                "reviewCount": "49 Đánh giá",
                "likedCount": "6 Lượt cảm ơn"
            },
            "review": {
                "rating": 5,
                "title": "Cực kì hài lòng",
                "content": "Hài lòng"
            }
        },
        {
            "reviewer": {
                "name": "Nguyễn Khánh Linh",
                "date": "Đã tham gia 4 năm",
                "reviewCount": "11 Đánh giá",
                "likedCount": "0 Lượt cảm ơn"
            },
            "review": {
                "rating": 5,
                "title": "Cực kì hài lòng",
                "content": ""
            }
        },
        {
            "reviewer": {
                "name": "Nguyễn Viết Linh",
                "date": "Đã tham gia 7 năm",
                "reviewCount": "20 Đánh giá",
                "likedCount": "0 Lượt cảm ơn"
            },
            "review": {
                "rating": 5,
                "title": "Cực kì hài lòng",
                "content": ""
            }
        },
        {
            "reviewer": {
                "name": "My Lê",
                "date": "Đã tham gia 6 năm",
                "reviewCount": "105 Đánh giá",
                "likedCount": "11 Lượt cảm ơn"
            },
            "review": {
                "rating": 5,
                "title": "Cực kì hài lòng",
                "content": ""
            }
        },
        {
            "reviewer": {
                "name": "Nguyễn Duy Phúc",
                "date": "Đã tham gia 6 năm",
                "reviewCount": "46 Đánh giá",
                "likedCount": "16 Lượt cảm ơn"
            },
            "review": {
                "rating": 5,
                "title": "Cực kì hài lòng",
                "content": ""
            }
        },
        {
            "reviewer": {
                "name": "Nguyễn Đức Thịnh",
                "date": "Đã tham gia 6 năm",
                "reviewCount": "51 Đánh giá",
                "likedCount": "0 Lượt cảm ơn"
            },
            "review": {
                "rating": 5,
                "title": "Cực kì hài lòng",
                "content": ""
            }
        },
        {
            "reviewer": {
                "name": "Nguyễn Thị Hoài Thương",
                "date": "Đã tham gia 6 năm",
                "reviewCount": "44 Đánh giá",
                "likedCount": "8 Lượt cảm ơn"
            },
            "review": {
                "rating": 5,
                "title": "Cực kì hài lòng",
                "content": ""
            }
        },
        {
            "reviewer": {
                "name": "Trọng Vũ",
                "date": "Đã tham gia 6 năm",
                "reviewCount": "146 Đánh giá",
                "likedCount": "3 Lượt cảm ơn"
            },
            "review": {
                "rating": 5,
                "title": "Cực kì hài lòng",
                "content": ""
            }
        },
        {
            "reviewer": {
                "name": "Hải Quân",
                "date": "Đã tham gia 4 năm",
                "reviewCount": "1 Đánh giá",
                "likedCount": "0 Lượt cảm ơn"
            },
            "review": {
                "rating": 5,
                "title": "Cực kì hài lòng",
                "content": ""
            }
        },
        {
            "reviewer": {
                "name": "Trần Hùng",
                "date": "Đã tham gia 3 năm",
                "reviewCount": "4 Đánh giá",
                "likedCount": "0 Lượt cảm ơn"
            },
            "review": {
                "rating": 5,
                "title": "Cực kì hài lòng",
                "content": ""
            }
        },
        {
            "reviewer": {
                "name": "LE Thi Ngoc Ha",
                "date": "Đã tham gia 10 năm",
                "reviewCount": "45 Đánh giá",
                "likedCount": "0 Lượt cảm ơn"
            },
            "review": {
                "rating": 5,
                "title": "Cực kì hài lòng",
                "content": ""
            }
        },
        {
            "reviewer": {
                "name": "Phạm Bình",
                "date": "Đã tham gia 2 năm",
                "reviewCount": "8 Đánh giá",
                "likedCount": "0 Lượt cảm ơn"
            },
            "review": {
                "rating": 5,
                "title": "Cực kì hài lòng",
                "content": ""
            }
        },
        {
            "reviewer": {
                "name": "Nguyễn Bình Nguyên",
                "date": "Đã tham gia 10 năm",
                "reviewCount": "69 Đánh giá",
                "likedCount": "1 Lượt cảm ơn"
            },
            "review": {
                "rating": 5,
                "title": "Cực kì hài lòng",
                "content": ""
            }
        },
        {
            "reviewer": {
                "name": "Vinh nguyễn",
                "date": "Đã tham gia 4 năm",
                "reviewCount": "52 Đánh giá",
                "likedCount": "1 Lượt cảm ơn"
            },
            "review": {
                "rating": 5,
                "title": "Cực kì hài lòng",
                "content": ""
            }
        },
        {
            "reviewer": {
                "name": "Phú Tài Nguyễn",
                "date": "Đã tham gia 1 năm",
                "reviewCount": "1 Đánh giá",
                "likedCount": "0 Lượt cảm ơn"
            },
            "review": {
                "rating": 5,
                "title": "Cực kì hài lòng",
                "content": ""
            }
        },
        {
            "reviewer": {
                "name": "Trần Minh Thắng",
                "date": "Đã tham gia 6 năm",
                "reviewCount": "7 Đánh giá",
                "likedCount": "2 Lượt cảm ơn"
            },
            "review": {
                "rating": 5,
                "title": "Cực kì hài lòng",
                "content": ""
            }
        },
        {
            "reviewer": {
                "name": "Trí",
                "date": "Đã tham gia 7 năm",
                "reviewCount": "7 Đánh giá",
                "likedCount": "0 Lượt cảm ơn"
            },
            "review": {
                "rating": 5,
                "title": "Cực kì hài lòng",
                "content": "Còn nguyên seal, rất hài lòng"
            }
        },
        {
            "reviewer": {
                "name": "Mỹ Hạnh",
                "date": "Đã tham gia 8 năm",
                "reviewCount": "47 Đánh giá",
                "likedCount": "0 Lượt cảm ơn"
            },
            "review": {
                "rating": 5,
                "title": "Cực kì hài lòng",
                "content": ""
            }
        },
        {
            "reviewer": {
                "name": "thien quan",
                "date": "Đã tham gia 5 năm",
                "reviewCount": "92 Đánh giá",
                "likedCount": "0 Lượt cảm ơn"
            },
            "review": {
                "rating": 5,
                "title": "Cực kì hài lòng",
                "content": ""
            }
        },
        {
            "reviewer": {
                "name": "Ngoc Anh Nguyen",
                "date": "Đã tham gia 9 năm",
                "reviewCount": "26 Đánh giá",
                "likedCount": "2 Lượt cảm ơn"
            },
            "review": {
                "rating": 5,
                "title": "Cực kì hài lòng",
                "content": ""
            }
        },
        {
            "reviewer": {
                "name": "Lê Văn Hưng",
                "date": "Đã tham gia 5 năm",
                "reviewCount": "153 Đánh giá",
                "likedCount": "1 Lượt cảm ơn"
            },
            "review": {
                "rating": 5,
                "title": "Cực kì hài lòng",
                "content": ""
            }
        },
        {
            "reviewer": {
                "name": "Minh Thiện",
                "date": "Đã tham gia 4 năm",
                "reviewCount": "19 Đánh giá",
                "likedCount": "1 Lượt cảm ơn"
            },
            "review": {
                "rating": 5,
                "title": "Cực kì hài lòng",
                "content": ""
            }
        },
        {
            "reviewer": {
                "name": "Anh Vu Nguyen",
                "date": "Đã tham gia 4 năm",
                "reviewCount": "78 Đánh giá",
                "likedCount": "1 Lượt cảm ơn"
            },
            "review": {
                "rating": 5,
                "title": "Cực kì hài lòng",
                "content": "Giao hàng đúng hẹn"
            }
        },
        {
            "reviewer": {
                "name": "nguyễn duy anh",
                "date": "Đã tham gia 6 năm",
                "reviewCount": "17 Đánh giá",
                "likedCount": "0 Lượt cảm ơn"
            },
            "review": {
                "rating": 5,
                "title": "Cực kì hài lòng",
                "content": ""
            }
        },
        {
            "reviewer": {
                "name": "Phương Nguyễn",
                "date": "Đã tham gia 10 năm",
                "reviewCount": "8 Đánh giá",
                "likedCount": "3 Lượt cảm ơn"
            },
            "review": {
                "rating": 5,
                "title": "Cực kì hài lòng",
                "content": "Xuất sắc"
            }
        },
        {
            "reviewer": {
                "name": "Lan Hng Ng",
                "date": "Đã tham gia 5 năm",
                "reviewCount": "5 Đánh giá",
                "likedCount": "0 Lượt cảm ơn"
            },
            "review": {
                "rating": 5,
                "title": "Cực kì hài lòng",
                "content": ""
            }
        },
        {
            "reviewer": {
                "name": "Chun Trương",
                "date": "Đã tham gia 6 năm",
                "reviewCount": "1 Đánh giá",
                "likedCount": "0 Lượt cảm ơn"
            },
            "review": {
                "rating": 5,
                "title": "Cực kì hài lòng",
                "content": ""
            }
        },
        {
            "reviewer": {
                "name": "Đỗ Nhâm",
                "date": "Đã tham gia 2 năm",
                "reviewCount": "207 Đánh giá",
                "likedCount": "10 Lượt cảm ơn"
            },
            "review": {
                "rating": 5,
                "title": "Cực kì hài lòng",
                "content": ""
            }
        },
        {
            "reviewer": {
                "name": "Shin",
                "date": "Đã tham gia 7 năm",
                "reviewCount": "7 Đánh giá",
                "likedCount": "0 Lượt cảm ơn"
            },
            "review": {
                "rating": 5,
                "title": "Cực kì hài lòng",
                "content": ""
            }
        },
        {
            "reviewer": {
                "name": "Không tên",
                "date": "Đã tham gia 7 năm",
                "reviewCount": "30 Đánh giá",
                "likedCount": "0 Lượt cảm ơn"
            },
            "review": {
                "rating": 5,
                "title": "Cực kì hài lòng",
                "content": ""
            }
        },
        {
            "reviewer": {
                "name": "Minh Trung",
                "date": "Đã tham gia 2 năm",
                "reviewCount": "29 Đánh giá",
                "likedCount": "0 Lượt cảm ơn"
            },
            "review": {
                "rating": 5,
                "title": "Cực kì hài lòng",
                "content": ""
            }
        },
        {
            "reviewer": {
                "name": "Anh Thư",
                "date": "Đã tham gia 2 năm",
                "reviewCount": "41 Đánh giá",
                "likedCount": "0 Lượt cảm ơn"
            },
            "review": {
                "rating": 5,
                "title": "Cực kì hài lòng",
                "content": ""
            }
        },
        {
            "reviewer": {
                "name": "Duc Vu Minh",
                "date": "Đã tham gia 4 năm",
                "reviewCount": "25 Đánh giá",
                "likedCount": "1 Lượt cảm ơn"
            },
            "review": {
                "rating": 5,
                "title": "Cực kì hài lòng",
                "content": ""
            }
        },
        {
            "reviewer": {
                "name": "Huỳnh Anh Tuấn",
                "date": "Đã tham gia 5 năm",
                "reviewCount": "1 Đánh giá",
                "likedCount": "0 Lượt cảm ơn"
            },
            "review": {
                "rating": 5,
                "title": "Cực kì hài lòng",
                "content": ""
            }
        },
        {
            "reviewer": {
                "name": "Lê Hữu Thuận",
                "date": "Đã tham gia 10 năm",
                "reviewCount": "11 Đánh giá",
                "likedCount": "0 Lượt cảm ơn"
            },
            "review": {
                "rating": 5,
                "title": "Cực kì hài lòng",
                "content": ""
            }
        },
        {
            "reviewer": {
                "name": "B H",
                "date": "Đã tham gia 7 năm",
                "reviewCount": "116 Đánh giá",
                "likedCount": "15 Lượt cảm ơn"
            },
            "review": {
                "rating": 2,
                "title": "Không hài lòng",
                "content": "Sản phẩm giao từ HCM mà đóng gói sơ sài, sản phẩm bị trầy xướt, rách"
            }
        },
        {
            "reviewer": {
                "name": "Vuong Xuan Quyen",
                "date": "Đã tham gia 6 năm",
                "reviewCount": "23 Đánh giá",
                "likedCount": "0 Lượt cảm ơn"
            },
            "review": {
                "rating": 4,
                "title": "Hài lòng",
                "content": ""
            }
        },
        {
            "reviewer": {
                "name": "Lê Nghĩa Đức Hòa",
                "date": "Đã tham gia 9 năm",
                "reviewCount": "1 Đánh giá",
                "likedCount": "0 Lượt cảm ơn"
            },
            "review": {
                "rating": 4,
                "title": "Hài lòng",
                "content": ""
            }
        },
        {
            "reviewer": {
                "name": "Anh Nam",
                "date": "Đã tham gia 9 năm",
                "reviewCount": "71 Đánh giá",
                "likedCount": "4 Lượt cảm ơn"
            },
            "review": {
                "rating": 4,
                "title": "Hài lòng",
                "content": "Sách sạch đẹp, thơm."
            }
        },
        {
            "reviewer": {
                "name": "Hien Nguyen",
                "date": "Đã tham gia 6 năm",
                "reviewCount": "146 Đánh giá",
                "likedCount": "1 Lượt cảm ơn"
            },
            "review": {
                "rating": 4,
                "title": "Hài lòng",
                "content": ""
            }
        },
        {
            "reviewer": {
                "name": "Bảo Lê",
                "date": "Đã tham gia 3 năm",
                "reviewCount": "5 Đánh giá",
                "likedCount": "0 Lượt cảm ơn"
            },
            "review": {
                "rating": 4,
                "title": "Hài lòng",
                "content": ""
            }
        }
    ]
}