{
    "url": "https://tiki.vn/nao-ruot-va-vi-khuan-p276564978.html?spid=276619125",
    "info": {
        "title": "Não, Ruột Và Vi Khuẩn",
        "author": null,
        "imageUrl": "https://salt.tikicdn.com/cache/750x750/ts/product/ff/b8/7b/39e70dd725ea29876de5fb92f5665097.png.webp",
        "soldQuantity": 12,
        "currentPrice": 142569,
        "originalPrice": 219000
    },
    "details": {
        "publisher": "1980 Books",
        "publishDate": "2024-11-01 08:15:13",
        "coverType": "Bìa mềm",
        "pageCount": "460",
        "publishingHouse": "Nhà Xuất Bản Dân Trí"
    },
    "description": "TÁC GIẢ: Emeran Mayer, MD\nDịch giả: BS, Trần Văn Kha\nTHÔNG TIN XUẤT BẢN:\nGiá bìa: 219.000\nKích thước: 13x20,5\nSố trang: 460\nMã EAN: 8936066699747\nNXB liên kết: NXB Dân Trí\nSách do Công ty TNHH Văn hóa và Truyền thông 1980 BOOKS ấn hành quý IV/2024.\nNÃO, RUỘT & VI KHUẨN\nBạn có biết rằng: Trục não-ruột-hệ vi sinh đường ruột liên kết chặt chẽ sức khỏe não bộ của chúng ta đến những gì ta ăn, cách chế biến thực phẩm, những loại thuốc chúng ta dùng và cách chúng ta tương tác với các vi khuẩn trong môi trường ta sinh sống.\n\nNhiều tín hiệu đường ruột đến não không chỉ tạo ra cảm giác ở ruột (no, khó chịu, buồn nôn…) mà còn kích hoạt phản ứng não bộ để não gửi trở lại ruột, tạo ra các phản ứng ruột riêng biệt. Những gì chúng ta cảm nhận được trong ruột không chỉ ảnh hưởng đến những quyết định về việc ăn uống mà còn định hình cho những cảm xúc nền tảng cho cuộc đời bạn, và cả tính khí, khả năng đưa ra những quyết định có lợi cho bản thân.\n\nViệc hiểu rõ sự tương tác và mối quan hệ giữa ruột, hệ vi sinh vật và não sẽ là nền tảng quan trọng để cải thiện sức khỏe, chữa lành cảm xúc. Cuốn sách “Não, ruột & vi khuẩn” sẽ đưa ra một cái nhìn mới mang tính cách mạng về cách thức bộ não, ruột và hàng nghìn tỷ vi sinh vật sống trong ruột giao tiếp với nhau, tập trung về vai trò của những kết nối này trong việc duy trì sức khỏe tâm trí và đường ruột.\n\nNgoài ra, cuốn sách còn thảo luận về những hậu quả tiêu cực lên sức khỏe của các cơ quan này khi sự kết nối của chúng bị xáo trộn. Đồng thời, đề xuất các giải pháp để có được sức khỏe tối ưu bằng cách tái lập và tối ưu hóa kết nối não-ruột.\n\nCuốn sách sẽ giúp bạn hiểu được:\n• Tại sao chế độ ăn chủ yếu dựa vào thực vật lại là chìa khóa cho sức khỏe đường ruột và não bộ.\n• Tầm quan trọng của tuổi thơ đối với sự phát triển của ruột - não và những gì cha mẹ có thể làm để giúp con phát triển tốt.\n• Căng thẳng và lo lắng quá mức có thể ảnh hưởng như thế nào đến các bệnh về đường tiêu hóa và rối loạn nhận thức.\n• Cách “lắng nghe đường ruột” và chú ý đến những tín hiệu mà cơ thể đang gửi cho bạn.\nVề tác giả:\nEmeran Mayer, MD là giám đốc điều hành của Trung tâm Căng thẳng và Khả năng phục hồi Oppenheime và là đồng giám đốc của Trung tâm Nghiên cứu Bệnh Tiêu hóa tại Đại học California ở Los Angeles. Ông được coi là người lãnh đạo tiên phong trên toàn thế giới trong lĩnh vực tương tác hệ vi sinh-não-ruột và tình trạng đau nội tạng mạn tính. Các công trình nghiên cứu của ông đã được công bố trên tạp chí Atlantic, Scientifc American, New York Times, Guardian…\nGiá sản phẩm trên Tiki đã bao gồm thuế theo luật hiện hành. Bên cạnh đó, tuỳ vào loại sản phẩm, hình thức và địa chỉ giao hàng mà có thể phát sinh thêm chi phí khác như phí vận chuyển, phụ phí hàng cồng kềnh, thuế nhập khẩu (đối với đơn hàng giao từ nước ngoài có giá trị trên 1 triệu đồng).....",
    "rating": {
        "totalRating": 5.0,
        "numberOfRating": 1
    },
    "reviews": [
        {
            "reviewer": {
                "name": "Phan Văn Cường",
                "date": "Đã tham gia 5 năm",
                "reviewCount": "65 Đánh giá",
                "likedCount": "3 Lượt cảm ơn"
            },
            "review": {
                "rating": 5,
                "title": "Cực kì hài lòng",
                "content": ""
            }
        }
    ]
}