{
    "url": "https://tiki.vn/trang-tu-nam-hoa-kinh-thu-giang-nguyen-duy-can-tai-ban-p111582638.html?spid=111582639",
    "info": {
        "title": "Trang Tử Nam Hoa Kinh (Thu Giang Nguyễn Duy Cần) (Tái Bản)",
        "author": "Thu Giang Nguyễn Duy Cần",
        "imageUrl": "https://salt.tikicdn.com/cache/750x750/ts/product/ef/5b/54/e52a03f518bd8d1ecfe3d629c688f5f5.jpg.webp",
        "soldQuantity": 814,
        "currentPrice": 99000,
        "originalPrice": 150000
    },
    "details": {
        "bookVersion": "Phiên bản thường",
        "publisher": "NXB Trẻ",
        "publishDate": "2021-07-15 00:00:00",
        "dimensions": "13 x 19 cm",
        "coverType": "Bìa mềm",
        "pageCount": "520",
        "publishingHouse": "NXB Trẻ"
    },
    "description": "Giá sản phẩm trên Tiki đã bao gồm thuế theo luật hiện hành. Bên cạnh đó, tuỳ vào loại sản phẩm, hình thức và địa chỉ giao hàng mà có thể phát sinh thêm chi phí khác như phí vận chuyển, phụ phí hàng cồng kềnh, thuế nhập khẩu (đối với đơn hàng giao từ nước ngoài có giá trị trên 1 triệu đồng).....",
    "rating": {
        "totalRating": 4.8,
        "numberOfRating": 106
    },
    "reviews": [
        {
            "reviewer": {
                "name": "Nguyễn Trinh",
                "date": "Đã tham gia 6 năm",
                "reviewCount": "35 Đánh giá",
                "likedCount": "2 Lượt cảm ơn"
            },
            "review": {
                "rating": 5,
                "title": "Cực kì hài lòng",
                "content": "nội dung rất hay, dịch dễ hiểu, chất liệu giấy tốt, sờ rất thích, giao hàng nhanh"
            }
        },
        {
            "reviewer": {
                "name": "Chinh Kiet Ly",
                "date": "Đã tham gia 4 năm",
                "reviewCount": "16 Đánh giá",
                "likedCount": "0 Lượt cảm ơn"
            },
            "review": {
                "rating": 5,
                "title": "Cực kì hài lòng",
                "content": "HÌinhf thức đẹp, in ấn ắc nét, liên kết giữa các trang và gáy sách chắc chắn. Nội dung sâu sắc, đặc biệt có nguyên văn chữ hán, phiên âm và dịch nghĩa."
            }
        },
        {
            "reviewer": {
                "name": "Thu Pham",
                "date": "Đã tham gia 5 năm",
                "reviewCount": "12 Đánh giá",
                "likedCount": "0 Lượt cảm ơn"
            },
            "review": {
                "rating": 5,
                "title": "Cực kì hài lòng",
                "content": "Sống một đời người là phải tận hưởng niềm vui của làm người hà cớ gì bận lòng sự vậy sự việc dầu khổ buồn vui làm sao đọng vào được cõi lòng , một điều gì đó trong long tôi đã có khúc mắc rất lâu . tôi tồn tại vì điều gì , tôi sống vì điều gì , nay khi đọc xong quyền này , thực sao lời  ông giống ý tôi cần tìm quá , cảm ơn tác giả Nguyễn Duy Cần , cảm ơn Trang Tử . Lão Tử"
            }
        },
        {
            "reviewer": {
                "name": "Hoai Bao",
                "date": "Đã tham gia 4 năm",
                "reviewCount": "38 Đánh giá",
                "likedCount": "1 Lượt cảm ơn"
            },
            "review": {
                "rating": 5,
                "title": "Cực kì hài lòng",
                "content": "Đóng gói tốt, không móp nhăn. Chữ in tốt, rõ ràng không nhèo không lỗi chính tả, không lệch hàng. Sách thật"
            }
        },
        {
            "reviewer": {
                "name": "Tan Phat Nguyen",
                "date": "Đã tham gia 3 năm",
                "reviewCount": "1 Đánh giá",
                "likedCount": "0 Lượt cảm ơn"
            },
            "review": {
                "rating": 5,
                "title": "Cực kì hài lòng",
                "content": "Trước khi đọc quyển “Cái Cười của Thánh Nhân” thì hãy đọc Trang Tử Nam Hoa Kinh trước để thấu được cái tâm tư u mặc trào lộng mà nhiều người hay khinh là “lánh đời”, nhưng lại mấy ai có thể cảm được đằng sau sự “lánh đời” đó là một tâm trí cực kỳ thấu đời, gần đời hơn bao giờ hết."
            }
        },
        {
            "reviewer": {
                "name": "Trung Hiếu Ngô",
                "date": "Đã tham gia 9 năm",
                "reviewCount": "29 Đánh giá",
                "likedCount": "5 Lượt cảm ơn"
            },
            "review": {
                "rating": 5,
                "title": "Cực kì hài lòng",
                "content": "Nhờ có cuốn sách mà tôi có cái nhìn tổng thể và có sự so sánh giữa các tư tưởng triết học. Từ đó thấy tư tưởng nào phù hợp với mình và có định hướng về cách sống. \r\n10 điểm cho nội dung và hình thức ^^"
            }
        },
        {
            "reviewer": {
                "name": "Gia Linh",
                "date": "Đã tham gia 3 năm",
                "reviewCount": "76 Đánh giá",
                "likedCount": "15 Lượt cảm ơn"
            },
            "review": {
                "rating": 5,
                "title": "Cực kì hài lòng",
                "content": "Sách đẹp, mới tinh, nguyên seal luôn . Mùi thơm sách mới. Chắc là hay thôi, vì chưa đọc nên mình cũng chưa biết có hay ko, sẽ review cho các bạn sau nhé"
            }
        },
        {
            "reviewer": {
                "name": "Diem le",
                "date": "Đã tham gia 2 năm",
                "reviewCount": "2 Đánh giá",
                "likedCount": "0 Lượt cảm ơn"
            },
            "review": {
                "rating": 5,
                "title": "Cực kì hài lòng",
                "content": "Giao khá nhanh vì mình đặt giao hoả tốc :v\r\nSách đẹp, sang xịn mịn."
            }
        },
        {
            "reviewer": {
                "name": "Huỳnh Hữu Chí",
                "date": "Đã tham gia 5 năm",
                "reviewCount": "67 Đánh giá",
                "likedCount": "1 Lượt cảm ơn"
            },
            "review": {
                "rating": 5,
                "title": "Cực kì hài lòng",
                "content": "Sách giao nhanh. Đóng gói cẩn thận. Nội dung được tác giả dịch và bình giải khá dễ hiểu, phù hợp để trải nghiệm sâu các vấn đề được cổ nhân truyền đạt."
            }
        },
        {
            "reviewer": {
                "name": "Giang Vo",
                "date": "Đã tham gia 8 năm",
                "reviewCount": "21 Đánh giá",
                "likedCount": "11 Lượt cảm ơn"
            },
            "review": {
                "rating": 5,
                "title": "Cực kì hài lòng",
                "content": "Những cuốn sách để đọc trên hành trình tỉnh thức."
            }
        },
        {
            "reviewer": {
                "name": "Scd td",
                "date": "Đã tham gia 1 năm",
                "reviewCount": "52 Đánh giá",
                "likedCount": "0 Lượt cảm ơn"
            },
            "review": {
                "rating": 5,
                "title": "Cực kì hài lòng",
                "content": "Tốt"
            }
        },
        {
            "reviewer": {
                "name": "Nguyễn Hằng",
                "date": "Đã tham gia 13 năm",
                "reviewCount": "56 Đánh giá",
                "likedCount": "45 Lượt cảm ơn"
            },
            "review": {
                "rating": 5,
                "title": "Cực kì hài lòng",
                "content": "Giao nhanh, gói kỹ, nội dung sách của cụ thì khỏi chê rồi. Có điều review kỹ hơn thì xin chưa đọc nên chưa nói được."
            }
        },
        {
            "reviewer": {
                "name": "Lê Ly",
                "date": "Đã tham gia 6 năm",
                "reviewCount": "2 Đánh giá",
                "likedCount": "1 Lượt cảm ơn"
            },
            "review": {
                "rating": 5,
                "title": "Cực kì hài lòng",
                "content": "Sách đẹp, đúng miêu tả, giao đúng dự kiến"
            }
        },
        {
            "reviewer": {
                "name": "Phạm Thế An",
                "date": "Đã tham gia 5 năm",
                "reviewCount": "7 Đánh giá",
                "likedCount": "0 Lượt cảm ơn"
            },
            "review": {
                "rating": 5,
                "title": "Cực kì hài lòng",
                "content": "sách trình bày trên loại giấy tốt, dai, chữ in rõ ràng, bao bì nilon cẩn thận. tuy nhiên bìa lỗi lệch khung, mà không quan trọng lắm, chỉ cần nội dung rõ ràng là đựoc"
            }
        },
        {
            "reviewer": {
                "name": "Hùng Kòii",
                "date": "Đã tham gia 9 năm",
                "reviewCount": "110 Đánh giá",
                "likedCount": "2 Lượt cảm ơn"
            },
            "review": {
                "rating": 5,
                "title": "Cực kì hài lòng",
                "content": ""
            }
        },
        {
            "reviewer": {
                "name": "Thanh Nhã",
                "date": "Đã tham gia 4 năm",
                "reviewCount": "40 Đánh giá",
                "likedCount": "7 Lượt cảm ơn"
            },
            "review": {
                "rating": 5,
                "title": "Cực kì hài lòng",
                "content": ".........sách đẹp...."
            }
        },
        {
            "reviewer": {
                "name": "Phạm Thị Phương",
                "date": "Đã tham gia 4 năm",
                "reviewCount": "18 Đánh giá",
                "likedCount": "0 Lượt cảm ơn"
            },
            "review": {
                "rating": 5,
                "title": "Cực kì hài lòng",
                "content": ""
            }
        },
        {
            "reviewer": {
                "name": "Trần Ngọc Hoàn",
                "date": "Đã tham gia 4 năm",
                "reviewCount": "918 Đánh giá",
                "likedCount": "22 Lượt cảm ơn"
            },
            "review": {
                "rating": 5,
                "title": "Cực kì hài lòng",
                "content": ""
            }
        },
        {
            "reviewer": {
                "name": "Nguyễn Khởi",
                "date": "Đã tham gia 5 năm",
                "reviewCount": "53 Đánh giá",
                "likedCount": "7 Lượt cảm ơn"
            },
            "review": {
                "rating": 5,
                "title": "Cực kì hài lòng",
                "content": "Hay"
            }
        },
        {
            "reviewer": {
                "name": "Quốc Luật",
                "date": "Đã tham gia 7 năm",
                "reviewCount": "4 Đánh giá",
                "likedCount": "1 Lượt cảm ơn"
            },
            "review": {
                "rating": 5,
                "title": "Cực kì hài lòng",
                "content": "Tuyệt vời"
            }
        },
        {
            "reviewer": {
                "name": "Ngan Duong Bao",
                "date": "Đã tham gia 5 năm",
                "reviewCount": "17 Đánh giá",
                "likedCount": "2 Lượt cảm ơn"
            },
            "review": {
                "rating": 5,
                "title": "Cực kì hài lòng",
                "content": "Sách nhận có màng co Tiki thì giao đỉnh rùii, mua đọc mở mang đầu óc"
            }
        },
        {
            "reviewer": {
                "name": "Hoàng Văn Huy",
                "date": "Đã tham gia 4 năm",
                "reviewCount": "30 Đánh giá",
                "likedCount": "0 Lượt cảm ơn"
            },
            "review": {
                "rating": 5,
                "title": "Cực kì hài lòng",
                "content": ""
            }
        },
        {
            "reviewer": {
                "name": "Le Tiến Anh",
                "date": "Đã tham gia 6 năm",
                "reviewCount": "16 Đánh giá",
                "likedCount": "0 Lượt cảm ơn"
            },
            "review": {
                "rating": 5,
                "title": "Cực kì hài lòng",
                "content": "Sách của cụ Cần thì ko phải nói nhiều, dễ hiểu, gàn gũi và xuất sắc"
            }
        },
        {
            "reviewer": {
                "name": "Mr Toàn",
                "date": "Đã tham gia 6 năm",
                "reviewCount": "46 Đánh giá",
                "likedCount": "7 Lượt cảm ơn"
            },
            "review": {
                "rating": 5,
                "title": "Cực kì hài lòng",
                "content": "Luôn đón chờ những tác phẩm của bác Nguyễn Duy Cần"
            }
        },
        {
            "reviewer": {
                "name": "Luân Nguyễn",
                "date": "Đã tham gia 6 năm",
                "reviewCount": "12 Đánh giá",
                "likedCount": "0 Lượt cảm ơn"
            },
            "review": {
                "rating": 5,
                "title": "Cực kì hài lòng",
                "content": ""
            }
        },
        {
            "reviewer": {
                "name": "Nguyễn Đạt",
                "date": "Đã tham gia 6 năm",
                "reviewCount": "41 Đánh giá",
                "likedCount": "1 Lượt cảm ơn"
            },
            "review": {
                "rating": 5,
                "title": "Cực kì hài lòng",
                "content": ""
            }
        },
        {
            "reviewer": {
                "name": "Lê Hữu Long Thành",
                "date": "Đã tham gia 8 năm",
                "reviewCount": "91 Đánh giá",
                "likedCount": "0 Lượt cảm ơn"
            },
            "review": {
                "rating": 5,
                "title": "Cực kì hài lòng",
                "content": ""
            }
        },
        {
            "reviewer": {
                "name": "Nguyễn Tú Trinh",
                "date": "Đã tham gia 2 năm",
                "reviewCount": "12 Đánh giá",
                "likedCount": "0 Lượt cảm ơn"
            },
            "review": {
                "rating": 5,
                "title": "Cực kì hài lòng",
                "content": ""
            }
        },
        {
            "reviewer": {
                "name": "Nga Nguyen",
                "date": "Đã tham gia 1 năm",
                "reviewCount": "12 Đánh giá",
                "likedCount": "0 Lượt cảm ơn"
            },
            "review": {
                "rating": 5,
                "title": "Cực kì hài lòng",
                "content": ""
            }
        },
        {
            "reviewer": {
                "name": "Hang duc kinh",
                "date": "Đã tham gia 5 năm",
                "reviewCount": "94 Đánh giá",
                "likedCount": "8 Lượt cảm ơn"
            },
            "review": {
                "rating": 5,
                "title": "Cực kì hài lòng",
                "content": ""
            }
        },
        {
            "reviewer": {
                "name": "Ngoc ND",
                "date": "Đã tham gia 11 năm",
                "reviewCount": "52 Đánh giá",
                "likedCount": "24 Lượt cảm ơn"
            },
            "review": {
                "rating": 5,
                "title": "Cực kì hài lòng",
                "content": "Sách của cụ Thu Giang về nội dung thì không có gì phải bàn cãi. Về chất lượng sách cũng rất tốt"
            }
        },
        {
            "reviewer": {
                "name": "Trần Phước Sang",
                "date": "Đã tham gia 4 năm",
                "reviewCount": "19 Đánh giá",
                "likedCount": "0 Lượt cảm ơn"
            },
            "review": {
                "rating": 5,
                "title": "Cực kì hài lòng",
                "content": ""
            }
        },
        {
            "reviewer": {
                "name": "Tuấn Huỳnh",
                "date": "Đã tham gia 6 năm",
                "reviewCount": "16 Đánh giá",
                "likedCount": "0 Lượt cảm ơn"
            },
            "review": {
                "rating": 5,
                "title": "Cực kì hài lòng",
                "content": ""
            }
        },
        {
            "reviewer": {
                "name": "Hoài Văn",
                "date": "Đã tham gia 5 năm",
                "reviewCount": "184 Đánh giá",
                "likedCount": "1 Lượt cảm ơn"
            },
            "review": {
                "rating": 5,
                "title": "Cực kì hài lòng",
                "content": ""
            }
        },
        {
            "reviewer": {
                "name": "Trương Duy Thửa",
                "date": "Đã tham gia 2 năm",
                "reviewCount": "3 Đánh giá",
                "likedCount": "0 Lượt cảm ơn"
            },
            "review": {
                "rating": 5,
                "title": "Cực kì hài lòng",
                "content": ""
            }
        },
        {
            "reviewer": {
                "name": "Thịt Kho Tàu",
                "date": "Đã tham gia 6 năm",
                "reviewCount": "10 Đánh giá",
                "likedCount": "0 Lượt cảm ơn"
            },
            "review": {
                "rating": 5,
                "title": "Cực kì hài lòng",
                "content": "Xem Đại Ngư Hải đường có trích Nam Hoa kinh nên tò mò mua về chứ chưa đọc hết :)"
            }
        },
        {
            "reviewer": {
                "name": "Lacviet Vuong",
                "date": "Đã tham gia 6 năm",
                "reviewCount": "16 Đánh giá",
                "likedCount": "0 Lượt cảm ơn"
            },
            "review": {
                "rating": 5,
                "title": "Cực kì hài lòng",
                "content": ""
            }
        },
        {
            "reviewer": {
                "name": "Duy Nguyen",
                "date": "Đã tham gia 7 năm",
                "reviewCount": "25 Đánh giá",
                "likedCount": "3 Lượt cảm ơn"
            },
            "review": {
                "rating": 5,
                "title": "Cực kì hài lòng",
                "content": ""
            }
        },
        {
            "reviewer": {
                "name": "lã thái việt",
                "date": "Đã tham gia 5 năm",
                "reviewCount": "9 Đánh giá",
                "likedCount": "0 Lượt cảm ơn"
            },
            "review": {
                "rating": 5,
                "title": "Cực kì hài lòng",
                "content": "sách ý nghĩa và cần nhiều thời gian chiêm nghiệm hơn"
            }
        },
        {
            "reviewer": {
                "name": "Nguyễn Tấn Vĩnh",
                "date": "Đã tham gia 4 năm",
                "reviewCount": "3 Đánh giá",
                "likedCount": "0 Lượt cảm ơn"
            },
            "review": {
                "rating": 5,
                "title": "Cực kì hài lòng",
                "content": ""
            }
        },
        {
            "reviewer": {
                "name": "Dũng Trương",
                "date": "Đã tham gia 8 năm",
                "reviewCount": "15 Đánh giá",
                "likedCount": "0 Lượt cảm ơn"
            },
            "review": {
                "rating": 5,
                "title": "Cực kì hài lòng",
                "content": ""
            }
        },
        {
            "reviewer": {
                "name": "anh Giang",
                "date": "Đã tham gia 9 năm",
                "reviewCount": "362 Đánh giá",
                "likedCount": "8 Lượt cảm ơn"
            },
            "review": {
                "rating": 5,
                "title": "Cực kì hài lòng",
                "content": "Sách có nội dung tốt. Đóng gói cẩn thận."
            }
        },
        {
            "reviewer": {
                "name": "Lê Quốc Huy",
                "date": "Đã tham gia 5 năm",
                "reviewCount": "15 Đánh giá",
                "likedCount": "0 Lượt cảm ơn"
            },
            "review": {
                "rating": 5,
                "title": "Cực kì hài lòng",
                "content": ""
            }
        },
        {
            "reviewer": {
                "name": "Vin linh",
                "date": "Đã tham gia 6 năm",
                "reviewCount": "157 Đánh giá",
                "likedCount": "11 Lượt cảm ơn"
            },
            "review": {
                "rating": 5,
                "title": "Cực kì hài lòng",
                "content": ""
            }
        },
        {
            "reviewer": {
                "name": "Nguyễn Thành Danh",
                "date": "Đã tham gia 5 năm",
                "reviewCount": "66 Đánh giá",
                "likedCount": "0 Lượt cảm ơn"
            },
            "review": {
                "rating": 5,
                "title": "Cực kì hài lòng",
                "content": ""
            }
        },
        {
            "reviewer": {
                "name": "Hoàng Đình Long",
                "date": "Đã tham gia 6 năm",
                "reviewCount": "20 Đánh giá",
                "likedCount": "0 Lượt cảm ơn"
            },
            "review": {
                "rating": 5,
                "title": "Cực kì hài lòng",
                "content": ""
            }
        },
        {
            "reviewer": {
                "name": "Ho Ten",
                "date": "Đã tham gia 7 năm",
                "reviewCount": "13 Đánh giá",
                "likedCount": "0 Lượt cảm ơn"
            },
            "review": {
                "rating": 5,
                "title": "Cực kì hài lòng",
                "content": ""
            }
        },
        {
            "reviewer": {
                "name": "Trần Thị Thủy",
                "date": "Đã tham gia 6 năm",
                "reviewCount": "8 Đánh giá",
                "likedCount": "0 Lượt cảm ơn"
            },
            "review": {
                "rating": 5,
                "title": "Cực kì hài lòng",
                "content": "shop giao hàng nhanh đóng gói cần thận"
            }
        },
        {
            "reviewer": {
                "name": "Đỗ Hà",
                "date": "Đã tham gia 4 năm",
                "reviewCount": "21 Đánh giá",
                "likedCount": "0 Lượt cảm ơn"
            },
            "review": {
                "rating": 5,
                "title": "Cực kì hài lòng",
                "content": ""
            }
        },
        {
            "reviewer": {
                "name": "Lê Minh Tân",
                "date": "Đã tham gia 6 năm",
                "reviewCount": "208 Đánh giá",
                "likedCount": "0 Lượt cảm ơn"
            },
            "review": {
                "rating": 5,
                "title": "Cực kì hài lòng",
                "content": ""
            }
        },
        {
            "reviewer": {
                "name": "Nguyễn Thị Bích Phương",
                "date": "Đã tham gia 6 năm",
                "reviewCount": "35 Đánh giá",
                "likedCount": "0 Lượt cảm ơn"
            },
            "review": {
                "rating": 5,
                "title": "Cực kì hài lòng",
                "content": ""
            }
        },
        {
            "reviewer": {
                "name": "Dung Hồ",
                "date": "Đã tham gia 10 năm",
                "reviewCount": "45 Đánh giá",
                "likedCount": "0 Lượt cảm ơn"
            },
            "review": {
                "rating": 5,
                "title": "Cực kì hài lòng",
                "content": ""
            }
        },
        {
            "reviewer": {
                "name": "Nguyễn Nhựt Trường",
                "date": "Đã tham gia 11 năm",
                "reviewCount": "72 Đánh giá",
                "likedCount": "1 Lượt cảm ơn"
            },
            "review": {
                "rating": 5,
                "title": "Cực kì hài lòng",
                "content": ""
            }
        },
        {
            "reviewer": {
                "name": "Nguyễn Khánh",
                "date": "Đã tham gia 4 năm",
                "reviewCount": "213 Đánh giá",
                "likedCount": "1 Lượt cảm ơn"
            },
            "review": {
                "rating": 5,
                "title": "Cực kì hài lòng",
                "content": ""
            }
        },
        {
            "reviewer": {
                "name": "Ngô Chung",
                "date": "Đã tham gia 2 năm",
                "reviewCount": "31 Đánh giá",
                "likedCount": "0 Lượt cảm ơn"
            },
            "review": {
                "rating": 5,
                "title": "Cực kì hài lòng",
                "content": ""
            }
        },
        {
            "reviewer": {
                "name": "Đỗ Tuấn Xâm",
                "date": "Đã tham gia 7 năm",
                "reviewCount": "109 Đánh giá",
                "likedCount": "9 Lượt cảm ơn"
            },
            "review": {
                "rating": 5,
                "title": "Cực kì hài lòng",
                "content": ""
            }
        },
        {
            "reviewer": {
                "name": "Mr Thao",
                "date": "Đã tham gia 7 năm",
                "reviewCount": "199 Đánh giá",
                "likedCount": "11 Lượt cảm ơn"
            },
            "review": {
                "rating": 5,
                "title": "Cực kì hài lòng",
                "content": ""
            }
        },
        {
            "reviewer": {
                "name": "Nguyễn Phan Nhật Hoàng",
                "date": "Đã tham gia 6 năm",
                "reviewCount": "23 Đánh giá",
                "likedCount": "0 Lượt cảm ơn"
            },
            "review": {
                "rating": 5,
                "title": "Cực kì hài lòng",
                "content": ""
            }
        },
        {
            "reviewer": {
                "name": "Hj A",
                "date": "Đã tham gia 6 năm",
                "reviewCount": "13 Đánh giá",
                "likedCount": "1 Lượt cảm ơn"
            },
            "review": {
                "rating": 5,
                "title": "Cực kì hài lòng",
                "content": ""
            }
        },
        {
            "reviewer": {
                "name": "Vũ Thị Sảng",
                "date": "Đã tham gia 2 năm",
                "reviewCount": "1 Đánh giá",
                "likedCount": "0 Lượt cảm ơn"
            },
            "review": {
                "rating": 5,
                "title": "Cực kì hài lòng",
                "content": "Đẹp"
            }
        },
        {
            "reviewer": {
                "name": "Vũ Văn Thơ",
                "date": "Đã tham gia 4 năm",
                "reviewCount": "76 Đánh giá",
                "likedCount": "0 Lượt cảm ơn"
            },
            "review": {
                "rating": 5,
                "title": "Cực kì hài lòng",
                "content": ""
            }
        },
        {
            "reviewer": {
                "name": "Nhật Thanh",
                "date": "Đã tham gia 6 năm",
                "reviewCount": "39 Đánh giá",
                "likedCount": "2 Lượt cảm ơn"
            },
            "review": {
                "rating": 5,
                "title": "Cực kì hài lòng",
                "content": "hay"
            }
        },
        {
            "reviewer": {
                "name": "Thanh Tuan",
                "date": "Đã tham gia 3 năm",
                "reviewCount": "16 Đánh giá",
                "likedCount": "1 Lượt cảm ơn"
            },
            "review": {
                "rating": 5,
                "title": "Cực kì hài lòng",
                "content": ""
            }
        },
        {
            "reviewer": {
                "name": "Thành Phạm Ngọc",
                "date": "Đã tham gia 7 năm",
                "reviewCount": "100 Đánh giá",
                "likedCount": "0 Lượt cảm ơn"
            },
            "review": {
                "rating": 5,
                "title": "Cực kì hài lòng",
                "content": ""
            }
        },
        {
            "reviewer": {
                "name": "Thanh Huynh Dan",
                "date": "Đã tham gia 7 năm",
                "reviewCount": "16 Đánh giá",
                "likedCount": "0 Lượt cảm ơn"
            },
            "review": {
                "rating": 5,
                "title": "Cực kì hài lòng",
                "content": ""
            }
        },
        {
            "reviewer": {
                "name": "Nguyễn Trường An",
                "date": "Đã tham gia 11 năm",
                "reviewCount": "8 Đánh giá",
                "likedCount": "0 Lượt cảm ơn"
            },
            "review": {
                "rating": 5,
                "title": "Cực kì hài lòng",
                "content": ""
            }
        },
        {
            "reviewer": {
                "name": "Tiên Trương Viết",
                "date": "Đã tham gia 6 năm",
                "reviewCount": "36 Đánh giá",
                "likedCount": "0 Lượt cảm ơn"
            },
            "review": {
                "rating": 5,
                "title": "Cực kì hài lòng",
                "content": "Chưa đọc nhưng sách đẹp"
            }
        },
        {
            "reviewer": {
                "name": "Quách Minh Phát",
                "date": "Đã tham gia 10 năm",
                "reviewCount": "26 Đánh giá",
                "likedCount": "5 Lượt cảm ơn"
            },
            "review": {
                "rating": 5,
                "title": "Cực kì hài lòng",
                "content": ""
            }
        },
        {
            "reviewer": {
                "name": "Đào Quang Huy",
                "date": "Đã tham gia 4 năm",
                "reviewCount": "69 Đánh giá",
                "likedCount": "0 Lượt cảm ơn"
            },
            "review": {
                "rating": 5,
                "title": "Cực kì hài lòng",
                "content": ""
            }
        },
        {
            "reviewer": {
                "name": "Hiếu bùi",
                "date": "Đã tham gia 4 năm",
                "reviewCount": "12 Đánh giá",
                "likedCount": "0 Lượt cảm ơn"
            },
            "review": {
                "rating": 5,
                "title": "Cực kì hài lòng",
                "content": "good"
            }
        },
        {
            "reviewer": {
                "name": "Linh Vũ",
                "date": "Đã tham gia 9 năm",
                "reviewCount": "23 Đánh giá",
                "likedCount": "0 Lượt cảm ơn"
            },
            "review": {
                "rating": 5,
                "title": "Cực kì hài lòng",
                "content": ""
            }
        },
        {
            "reviewer": {
                "name": "Bach Quyen",
                "date": "Đã tham gia 6 năm",
                "reviewCount": "6 Đánh giá",
                "likedCount": "0 Lượt cảm ơn"
            },
            "review": {
                "rating": 5,
                "title": "Cực kì hài lòng",
                "content": ""
            }
        },
        {
            "reviewer": {
                "name": "Vô Thường Minh",
                "date": "Đã tham gia 8 năm",
                "reviewCount": "26 Đánh giá",
                "likedCount": "2 Lượt cảm ơn"
            },
            "review": {
                "rating": 5,
                "title": "Cực kì hài lòng",
                "content": ""
            }
        },
        {
            "reviewer": {
                "name": "Pham Chung Hai Anh",
                "date": "Đã tham gia 9 năm",
                "reviewCount": "27 Đánh giá",
                "likedCount": "0 Lượt cảm ơn"
            },
            "review": {
                "rating": 5,
                "title": "Cực kì hài lòng",
                "content": ""
            }
        },
        {
            "reviewer": {
                "name": "Nguyễn Nguyên Hương",
                "date": "Đã tham gia 10 năm",
                "reviewCount": "8 Đánh giá",
                "likedCount": "0 Lượt cảm ơn"
            },
            "review": {
                "rating": 5,
                "title": "Cực kì hài lòng",
                "content": ""
            }
        },
        {
            "reviewer": {
                "name": "Diễm Uyên",
                "date": "Đã tham gia 10 năm",
                "reviewCount": "42 Đánh giá",
                "likedCount": "0 Lượt cảm ơn"
            },
            "review": {
                "rating": 5,
                "title": "Cực kì hài lòng",
                "content": ""
            }
        },
        {
            "reviewer": {
                "name": "Tâm Nguyễn",
                "date": "Đã tham gia 6 năm",
                "reviewCount": "11 Đánh giá",
                "likedCount": "0 Lượt cảm ơn"
            },
            "review": {
                "rating": 5,
                "title": "Cực kì hài lòng",
                "content": ""
            }
        },
        {
            "reviewer": {
                "name": "Thuong Ng",
                "date": "Đã tham gia 3 năm",
                "reviewCount": "16 Đánh giá",
                "likedCount": "1 Lượt cảm ơn"
            },
            "review": {
                "rating": 1,
                "title": "Rất không hài lòng",
                "content": "Đóng gói sơ sài, do trời mưa shiper vội nên chưa kịp đồng kiểm,khui ra thì sách bị lỗi, mình còn chưa bóc seal"
            }
        },
        {
            "reviewer": {
                "name": "Nguyễn Mạnh Hùng",
                "date": "Đã tham gia 6 năm",
                "reviewCount": "7 Đánh giá",
                "likedCount": "0 Lượt cảm ơn"
            },
            "review": {
                "rating": 5,
                "title": "Cực kì hài lòng",
                "content": "Chất lượng tốt"
            }
        },
        {
            "reviewer": {
                "name": "Baby",
                "date": "Đã tham gia 5 năm",
                "reviewCount": "5 Đánh giá",
                "likedCount": "0 Lượt cảm ơn"
            },
            "review": {
                "rating": 5,
                "title": "Cực kì hài lòng",
                "content": ""
            }
        },
        {
            "reviewer": {
                "name": "Yến Bình",
                "date": "Đã tham gia 10 năm",
                "reviewCount": "10 Đánh giá",
                "likedCount": "0 Lượt cảm ơn"
            },
            "review": {
                "rating": 5,
                "title": "Cực kì hài lòng",
                "content": ""
            }
        },
        {
            "reviewer": {
                "name": "trịnh ngân",
                "date": "Đã tham gia 4 năm",
                "reviewCount": "11 Đánh giá",
                "likedCount": "0 Lượt cảm ơn"
            },
            "review": {
                "rating": 5,
                "title": "Cực kì hài lòng",
                "content": ""
            }
        },
        {
            "reviewer": {
                "name": "Lương Sinh",
                "date": "Đã tham gia 3 năm",
                "reviewCount": "2 Đánh giá",
                "likedCount": "0 Lượt cảm ơn"
            },
            "review": {
                "rating": 5,
                "title": "Cực kì hài lòng",
                "content": ""
            }
        },
        {
            "reviewer": {
                "name": "Đặng Hữu",
                "date": "Đã tham gia 6 năm",
                "reviewCount": "71 Đánh giá",
                "likedCount": "0 Lượt cảm ơn"
            },
            "review": {
                "rating": 5,
                "title": "Cực kì hài lòng",
                "content": ""
            }
        },
        {
            "reviewer": {
                "name": "H Thanh",
                "date": "Đã tham gia 6 năm",
                "reviewCount": "792 Đánh giá",
                "likedCount": "50 Lượt cảm ơn"
            },
            "review": {
                "rating": 5,
                "title": "Cực kì hài lòng",
                "content": ""
            }
        },
        {
            "reviewer": {
                "name": "Nam Đạt",
                "date": "Đã tham gia 4 năm",
                "reviewCount": "35 Đánh giá",
                "likedCount": "0 Lượt cảm ơn"
            },
            "review": {
                "rating": 5,
                "title": "Cực kì hài lòng",
                "content": ""
            }
        },
        {
            "reviewer": {
                "name": "Giang Nhat Truong",
                "date": "Đã tham gia 5 năm",
                "reviewCount": "16 Đánh giá",
                "likedCount": "0 Lượt cảm ơn"
            },
            "review": {
                "rating": 5,
                "title": "Cực kì hài lòng",
                "content": ""
            }
        },
        {
            "reviewer": {
                "name": "Lê Vĩnh Đồng",
                "date": "Đã tham gia 5 năm",
                "reviewCount": "84 Đánh giá",
                "likedCount": "0 Lượt cảm ơn"
            },
            "review": {
                "rating": 5,
                "title": "Cực kì hài lòng",
                "content": ""
            }
        },
        {
            "reviewer": {
                "name": "bui phuong mai",
                "date": "Đã tham gia 9 năm",
                "reviewCount": "184 Đánh giá",
                "likedCount": "17 Lượt cảm ơn"
            },
            "review": {
                "rating": 5,
                "title": "Cực kì hài lòng",
                "content": "Hay"
            }
        },
        {
            "reviewer": {
                "name": "Lương Quý Hiền",
                "date": "Đã tham gia 9 năm",
                "reviewCount": "100 Đánh giá",
                "likedCount": "53 Lượt cảm ơn"
            },
            "review": {
                "rating": 5,
                "title": "Cực kì hài lòng",
                "content": ""
            }
        },
        {
            "reviewer": {
                "name": "Dâu Dâu",
                "date": "Đã tham gia 7 năm",
                "reviewCount": "63 Đánh giá",
                "likedCount": "2 Lượt cảm ơn"
            },
            "review": {
                "rating": 5,
                "title": "Cực kì hài lòng",
                "content": ""
            }
        },
        {
            "reviewer": {
                "name": "Hoàng Phi Long",
                "date": "Đã tham gia 5 năm",
                "reviewCount": "10 Đánh giá",
                "likedCount": "0 Lượt cảm ơn"
            },
            "review": {
                "rating": 5,
                "title": "Cực kì hài lòng",
                "content": ""
            }
        },
        {
            "reviewer": {
                "name": "Trần Cường",
                "date": "Đã tham gia 3 năm",
                "reviewCount": "27 Đánh giá",
                "likedCount": "0 Lượt cảm ơn"
            },
            "review": {
                "rating": 5,
                "title": "Cực kì hài lòng",
                "content": ""
            }
        },
        {
            "reviewer": {
                "name": "Nguyễn Hoàng Nhân",
                "date": "Đã tham gia 8 năm",
                "reviewCount": "15 Đánh giá",
                "likedCount": "0 Lượt cảm ơn"
            },
            "review": {
                "rating": 5,
                "title": "Cực kì hài lòng",
                "content": ""
            }
        },
        {
            "reviewer": {
                "name": "Thái Trương",
                "date": "Đã tham gia 3 năm",
                "reviewCount": "10 Đánh giá",
                "likedCount": "0 Lượt cảm ơn"
            },
            "review": {
                "rating": 5,
                "title": "Cực kì hài lòng",
                "content": ""
            }
        },
        {
            "reviewer": {
                "name": "Nguyên minh thanh",
                "date": "Đã tham gia 4 năm",
                "reviewCount": "16 Đánh giá",
                "likedCount": "0 Lượt cảm ơn"
            },
            "review": {
                "rating": 5,
                "title": "Cực kì hài lòng",
                "content": ""
            }
        },
        {
            "reviewer": {
                "name": "Nguyễn Danh Nam",
                "date": "Đã tham gia 6 năm",
                "reviewCount": "4 Đánh giá",
                "likedCount": "0 Lượt cảm ơn"
            },
            "review": {
                "rating": 5,
                "title": "Cực kì hài lòng",
                "content": ""
            }
        },
        {
            "reviewer": {
                "name": "Nguyễn Hoàng Minh",
                "date": "Đã tham gia 9 năm",
                "reviewCount": "22 Đánh giá",
                "likedCount": "11 Lượt cảm ơn"
            },
            "review": {
                "rating": 1,
                "title": "Rất không hài lòng",
                "content": "Giao sách lỗi khô keo sắp bung gáy."
            }
        },
        {
            "reviewer": {
                "name": "Lê Thanh Tùng",
                "date": "Đã tham gia 6 năm",
                "reviewCount": "21 Đánh giá",
                "likedCount": "0 Lượt cảm ơn"
            },
            "review": {
                "rating": 1,
                "title": "Rất không hài lòng",
                "content": "Giao hàng chậm trễ, hẹn lên hẹn xuống."
            }
        },
        {
            "reviewer": {
                "name": "Nguyễn Loan",
                "date": "Đã tham gia 10 năm",
                "reviewCount": "99 Đánh giá",
                "likedCount": "5 Lượt cảm ơn"
            },
            "review": {
                "rating": 4,
                "title": "Hài lòng",
                "content": "Sách dành cho những bạn muốn tìm hiểu về Triết học Trung Hoa"
            }
        },
        {
            "reviewer": {
                "name": "Nguyễn kim sơn",
                "date": "Đã tham gia 1 năm",
                "reviewCount": "43 Đánh giá",
                "likedCount": "0 Lượt cảm ơn"
            },
            "review": {
                "rating": 4,
                "title": "Hài lòng",
                "content": ""
            }
        },
        {
            "reviewer": {
                "name": "Than Van Thoi",
                "date": "Đã tham gia 6 năm",
                "reviewCount": "33 Đánh giá",
                "likedCount": "1 Lượt cảm ơn"
            },
            "review": {
                "rating": 3,
                "title": "Bình thường",
                "content": "ngoại hình không được đẹp, khuôn hình hơi lệch"
            }
        },
        {
            "reviewer": {
                "name": "Nguyễn Đạt",
                "date": "Đã tham gia 6 năm",
                "reviewCount": "37 Đánh giá",
                "likedCount": "0 Lượt cảm ơn"
            },
            "review": {
                "rating": 4,
                "title": "Hài lòng",
                "content": "Nội dung thì ít mà so sánh không liên quan thì nhiều"
            }
        },
        {
            "reviewer": {
                "name": "Cao ngọc",
                "date": "Đã tham gia 6 năm",
                "reviewCount": "41 Đánh giá",
                "likedCount": "0 Lượt cảm ơn"
            },
            "review": {
                "rating": 4,
                "title": "Hài lòng",
                "content": ""
            }
        },
        {
            "reviewer": {
                "name": "Trinh trung",
                "date": "Đã tham gia 3 năm",
                "reviewCount": "8 Đánh giá",
                "likedCount": "0 Lượt cảm ơn"
            },
            "review": {
                "rating": 4,
                "title": "Hài lòng",
                "content": ""
            }
        },
        {
            "reviewer": {
                "name": "Khải Trương Minh",
                "date": "Đã tham gia 5 năm",
                "reviewCount": "11 Đánh giá",
                "likedCount": "1 Lượt cảm ơn"
            },
            "review": {
                "rating": 3,
                "title": "Bình thường",
                "content": "Hàng giao chậm 2 tuần nhé !"
            }
        }
    ]
}