{
    "url": "https://tiki.vn/hieu-ve-ca-phe-p274612419.html?spid=274612421",
    "info": {
        "title": "Hiểu Về Cà Phê",
        "author": "Lani Kingston",
        "imageUrl": "https://salt.tikicdn.com/cache/750x750/ts/product/0a/2f/30/3442c42131f17ce4cbf4ee665acc11a8.jpg.webp",
        "soldQuantity": 40,
        "currentPrice": 87670,
        "originalPrice": 139000
    },
    "details": {
        "publisher": "Alphabooks",
        "publishDate": "2024-03-25 00:00:00",
        "dimensions": "13x20.5",
        "translator": "Kiều Ân",
        "coverType": "Bìa mềm tay gấp",
        "pageCount": "240",
        "publishingHouse": "Nhà Xuất Bản Thế Giới"
    },
    "description": "Hiểu hết về cà phê cung cấp hiểu biết sâu sắc từ góc độ khoa học và nghệ thuật về hạt cà phê và thành phẩm. Tác giả mổ xẻ hạt cà phê, phân tích thành phần hóa học của nó, chỉ ra cách rang, xay và ủ hạt tốt nhất để đạt đến đỉnh cao về hương vị.\nPha một ly cà phê ngon quả thực phụ thuộc vào kiến thức khoa học: tại sao chúng ta cần dùng nước ở nhiệt độ nhất định, phương pháp nào phù hợp nhất với kiểu xay nào, cách rang ảnh hưởng gì đến hương vị, điều gì xảy ra khi bạn thêm sữa hay kem vào cà phê…? Cuốn sách đưa ra các nguyên tắc khoa học và kể tên những công cụ cần thiết nhằm hướng dẫn cho những người yêu thích loại thực phẩm này phương thức tự pha tại nhà một ly cà phê ngon lành.\nTrích đoạn đầu phần Intro trong sách:\"Hiểu hết về cà phê không phải là một cuốn sách dạy công thức, một tuyển tập về các loại hạt hay một phụ kiện phong cách sống; ấn phẩm là lời giải thích về các nguyên tắc khoa học đằng sau nghệ thuật pha cà phê, với hướng dẫn từng bước rõ ràng giải thích hoạt động của đầy đủ các phương pháp pha cà phê chính cũng như các loại hạt, cách rang và xay nào là tốt nhất với chúng.\nGiá sản phẩm trên Tiki đã bao gồm thuế theo luật hiện hành. Bên cạnh đó, tuỳ vào loại sản phẩm, hình thức và địa chỉ giao hàng mà có thể phát sinh thêm chi phí khác như phí vận chuyển, phụ phí hàng cồng kềnh, thuế nhập khẩu (đối với đơn hàng giao từ nước ngoài có giá trị trên 1 triệu đồng).....",
    "rating": {
        "totalRating": 5.0,
        "numberOfRating": 3
    },
    "reviews": [
        {
            "reviewer": {
                "name": "Nguyen Hoang Thanh Cung",
                "date": "Đã tham gia 1 năm",
                "reviewCount": "6 Đánh giá",
                "likedCount": "0 Lượt cảm ơn"
            },
            "review": {
                "rating": 5,
                "title": "Cực kì hài lòng",
                "content": "Nội dung ổn. Có nhiều thông tin hữu ích . Nhưng điểm trừ là giấy mỏng quá với ko có bookmark"
            }
        },
        {
            "reviewer": {
                "name": "THANH LEE",
                "date": "Đã tham gia 4 năm",
                "reviewCount": "1 Đánh giá",
                "likedCount": "0 Lượt cảm ơn"
            },
            "review": {
                "rating": 5,
                "title": "Cực kì hài lòng",
                "content": "Nội dung hấp dẫn."
            }
        },
        {
            "reviewer": {
                "name": "Williams Tran",
                "date": "Đã tham gia 11 năm",
                "reviewCount": "19 Đánh giá",
                "likedCount": "20 Lượt cảm ơn"
            },
            "review": {
                "rating": 5,
                "title": "Cực kì hài lòng",
                "content": "Sách mỏng hơn so tưởng tượng. Nội dung mang tính sơ lược về cafe"
            }
        }
    ]
}