{
    "url": "https://tiki.vn/di-vao-nghien-cuu-khoa-hoc-tai-ban-lan-7-p275237440.html?spid=275237443",
    "info": {
        "title": "Đi vào nghiên cứu khoa học - Tái bản lần 7",
        "author": "Nguyễn Văn Tuấn",
        "imageUrl": "https://salt.tikicdn.com/cache/750x750/ts/product/f5/0b/7b/b30f45a3c3fd66462b2fd4314ad4c331.png.webp",
        "soldQuantity": 31,
        "currentPrice": 86100,
        "originalPrice": 110000
    },
    "details": {
        "publisher": "NXB Tổng hợp TP.HCM",
        "publishDate": "2024-06-01 00:00:00",
        "dimensions": "13x19 cm",
        "coverType": "Bìa cứng",
        "pageCount": "192",
        "publishingHouse": "Nhà Xuất Bản Tổng hợp TP.HCM"
    },
    "description": "Ở kỷ nguyên tin học này, một em học sinh phổ thông ở nước ta cũng có thể nói được rằng khoa học là nền tảng của sự phát triển xã hội và nghiên cứu khoa học, do vậy, là hoạt động vô cùng quan trọng. Nhưng, thế nào là “nghiên cứu khoa học”, và đâu là “thước đo” trong nghiên cứu khoa học, hoặc thế nào là “văn hóa khoa học”… thì ngay cả nhiều người có học vị cao ở bậc đại học cũng không trả lời ổn thỏa.\nKhông chỉ đối với những vấn đề mang tính khái quát như vậy mà cả với những câu hỏi cụ thể như: làm sao để viết một bài báo khoa học, trích dẫn tài liệu phải theo cách thức nào, vì sao phải công bố rộng rãi một công trình nghiên cứu, hoặc thế nào là đạo văn, “đạo số liệu”… cũng khó tìm được câu trả lời rành mạch, đúng đắn.\nTrong khi đó, thực tế lại đang diễn ra tình trạng rất đáng buồn, đáng lo trong lĩnh vực nghiên cứu khoa học, từ chuyện “làm khoa học” bằng cách… đạo văn, điều tra cẩu thả, không đúng phương pháp, thậm chí có nhưng cơ quan quản lý đưa ra nhiều quy định hành chính gọi là dựa trên “cơ sở khoa học” mà thật ra chẳng khoa học tí nào!\nCó lẽ nguyên nhân chính dẫn đến tình trạng này là văn hóa khoa học nước ta chưa được như các nước tiên tiến, trong đó có phần do lâu nay chúng ta thiếu các chương trình giảng dạy, sách báo, tài liệu hướng dẫn, giải thích về bản chất cũng như cách thức tiến hành nghiên cứu khoa học. Như vậy, để có thể nâng cao chất lượng hoạt động nghiên cứu khoa học, gia tăng sự hiện diện của khoa học Việt Nam trên trường quốc tế, rõ ràng cần phải nâng cao nhận thức về ý nghĩa của hoạt động nghiên cứu khoa học, mở rộng tầm hiểu biết chung về phương pháp nghiên cứu khoa học.\nVới mong mỏi được đóng góp một phần nhỏ trong công việc ấy, từ nhiều năm qua, Giáo sư Nguyễn Văn Tuấn, hiện công tác tại Viện nghiên cứu Y khoa Garvan - Úc, đã viết nhiều bài đăng trên các tờ báo trong nước như: Thời báo Kinh tế Sài Gòn, Tuổi Trẻ, Tia Sáng, Thanh Niên, VietNam Net… liên quan đến nghiên cứu khoa học, trên cơ sở cung cấp các kiến thức cũng như những kinh nghiệm làm nghiên cứu khoa học trong nhiều năm của tác giả.\nCuốn sách này ra đời trên cơ sở tập hợp những bài viết về hai nội dung chính: nghiên cứu khoa học và việc công bố kết quả nghiên cứu khoa học. Trong phần đầu, tác giả cố gắng làm rõ các khái niệm cốt yếu như “hoạt động nghiên cứu khoa học”, “cơ sở khoa học”, cách xác định đề tài nghiên cứu, vấn đề đạo đức khoa học, văn hóa khoa học… Về phương diện công bố kết quả nghiên cứu khoa học, tác giả chủ yếu tập trung vào hình thức bài báo khoa học đăng trên tập san quốc tế. Do khuôn khổ có giới hạn của bài viết đăng trên báo đại chúng cho nên tác giả thường đề cập đến các vấn đề một cách tổng quát, căn bản, và mặt khác, vốn là nhà nghiên cứu trong lĩnh vực y sinh học cho nên khi khai triển vấn đề cũng như khi đưa ra dẫn chứng, tác giả thường dựa nhiều vào các nghiên cứu ngành y sinh học. Tuy vậy, những yêu cầu cơ bản, những nội dung thiết yếu trong nghiên cứu khoa học nói chung và cách thức công bố kết quả nghiên cứu khoa học đều được tác giả trình bày một cách rõ ràng, có hệ thống theo các chuẩn mực quốc tế bằng một văn phong sáng sủa, dễ hiểu, lập luận chặt chẽ, dẫn liệu phong phú, đáng tin cậy. Xét về phương diện phổ biến kiến thức thì đó chính là những ưu điểm của tác giả và rất phù hợp với mục đích xuất bản của Tủ sách Kiến thức này.\nTrong thực tế, hoạt động nghiên cứu khoa học vốn đa dạng, phức tạp, và có sự khác biệt nhất định giữa nghiên cứu trong khoa học tự nhiên và khoa học xã hội. Việc công bố kết quả nghiên cứu khoa học cũng được thể hiện dưới nhiều hình thức khác nhau như: luận văn, sách biên khảo, công trình điền dã, điều tra xã hội học… Nói chung, còn nhiều nội dung cần được đề cập cặn kẽ, đầy đủ hơn nữa, và để có thể chuyển đạt đầy đủ những nội dung đó hẳn sẽ cần đến nhiều cuốn sách, tài liệu hướng dẫn khác trong tương lai. Thiết nghĩ, đó là công việc chung của giới khoa học nước ta.\nRiêng với cuốn sách này, hy vọng nó sẽ giúp ích cho những người mới bước vào nghiên cứu khoa học, đặc biệt là với các bạn sinh viên, qua việc cung cấp những thông tin, những kiến thức phổ thông cần phải có để làm hành trang trên con đường nghiên cứu khoa học - con đường vốn không ít cam go, thử thách mà cũng rất đáng tự hào.\n\nGiá sản phẩm trên Tiki đã bao gồm thuế theo luật hiện hành. Bên cạnh đó, tuỳ vào loại sản phẩm, hình thức và địa chỉ giao hàng mà có thể phát sinh thêm chi phí khác như phí vận chuyển, phụ phí hàng cồng kềnh, thuế nhập khẩu (đối với đơn hàng giao từ nước ngoài có giá trị trên 1 triệu đồng).....",
    "rating": {
        "totalRating": 5.0,
        "numberOfRating": 3
    },
    "reviews": [
        {
            "reviewer": {
                "name": "Lê Thanh Tùng",
                "date": "Đã tham gia 6 năm",
                "reviewCount": "21 Đánh giá",
                "likedCount": "0 Lượt cảm ơn"
            },
            "review": {
                "rating": 5,
                "title": "Cực kì hài lòng",
                "content": "Giao hàng nhanh nhiệt tình"
            }
        },
        {
            "reviewer": {
                "name": "Trần Quang Hạ",
                "date": "Đã tham gia 10 năm",
                "reviewCount": "36 Đánh giá",
                "likedCount": "74 Lượt cảm ơn"
            },
            "review": {
                "rating": 5,
                "title": "Cực kì hài lòng",
                "content": ""
            }
        },
        {
            "reviewer": {
                "name": "Nguyễn Minh Hiệp",
                "date": "Đã tham gia 6 năm",
                "reviewCount": "2 Đánh giá",
                "likedCount": "0 Lượt cảm ơn"
            },
            "review": {
                "rating": 5,
                "title": "Cực kì hài lòng",
                "content": ""
            }
        }
    ]
}