{
    "url": "https://tiki.vn/luat-tam-thuc-vu-tru-nhat-nguyen-luan-p274649745.html?spid=274650071",
    "info": {
        "title": "Luật Tâm Thức – Vũ Trụ Nhất Nguyên Luận",
        "author": "Ngô Sa Thạch",
        "imageUrl": "https://salt.tikicdn.com/cache/750x750/ts/product/94/d0/77/000aa2ae7e99a036b29ba4cbc216d96e.jpg.webp",
        "soldQuantity": 1000,
        "currentPrice": 222000,
        "originalPrice": 288000
    },
    "details": {
        "Bookcare": "Có",
        "publisher": "Skybooks",
        "dimensions": "15,7x24 cm",
        "coverType": "Bìa mềm",
        "pageCount": "480",
        "publishingHouse": "Nhà Xuất Bản Lao Động"
    },
    "description": "Con người, dù là theo phái duy vật hay duy tâm, ăn chay hay ăn mặn, có tìm hiểu tâm linh hay không, thì điều cuối cùng chúng ta hướng đến vẫn giống nhau - hạnh phúc, viên mãn, không đói khổ. Vậy nên có thể nói cuộc sống là một cuộc truy cầu hạnh phúc. Nhưng không phải ai cũng có một hành trình thuận lợi, có thể đến đích an toàn, thậm chí rất nhiều người đã gục ngã thê thảm, vì đa phần không vượt qua được những trở ngại tâm thức, cũng là bài học lớn nhất trong cuộc đời.\nTiếp nối những kiến thức từ cuốn sách đầu tiên, tác giả Ngô Sa Thạch mang đến “Luật Tâm Thức - Vũ trụ nhất nguyên luận”, bản nâng cấp với nhiều kiến giải sâu sắc hơn về quy luật vũ trụ và số mệnh con người:\nNguồn gốc của vũ trụ, những quy luật tự nhiên chi phối sự hình thành của mọi vật, từ đó cho thấy sự tương đồng kỳ diệu giữa vạn vật trong vũ trụ. .\nGiải thích những hiện tượng tâm linh như quy hồi tiền kiếp, tiên đoán sự kiện, du hành thời gian, dưới góc nhìn năng lượng.\nLý giải về con người ở khía cạnh tổ hợp thân - tâm - trí, nghiệp quả, sứ mệnh trong các kiếp, sự tiến hóa của tâm thức.Thay đổi cuộc sống bằng cách thay đổi tâm thức, hiểu đúng về các quy luật vũ trụ để thu hút năng lượng cải thiện cuộc sống của mình và cả vũ trụ.\nCàng trong thời đại mà “tỉnh thức”, “chữa lành” được tung hô, bạn càng cần hiểu rõ về ma trận tâm thức để không sa vào những cái bẫy thực hành tâm linh, tư duy bảo thủ và chia rẽ quan điểm.\nDù mọi thứ xung quanh có vẻ biến đổi thế nào, thì vũ trụ này vẫn chỉ tuân theo những quy luật bất biến. Chỉ khi mở rộng tầm nhìn, khai mở giới hạn của nhận thức, con người mới có thể phát triển bản thân trong sự hòa hợp với dòng chảy thời đại\nGiá sản phẩm trên Tiki đã bao gồm thuế theo luật hiện hành. Bên cạnh đó, tuỳ vào loại sản phẩm, hình thức và địa chỉ giao hàng mà có thể phát sinh thêm chi phí khác như phí vận chuyển, phụ phí hàng cồng kềnh, thuế nhập khẩu (đối với đơn hàng giao từ nước ngoài có giá trị trên 1 triệu đồng).....",
    "rating": {
        "totalRating": 4.7,
        "numberOfRating": 100
    },
    "reviews": [
        {
            "reviewer": {
                "name": "TRẦN KIM KHÁNH",
                "date": "Đã tham gia 5 năm",
                "reviewCount": "11 Đánh giá",
                "likedCount": "0 Lượt cảm ơn"
            },
            "review": {
                "rating": 5,
                "title": "Cực kì hài lòng",
                "content": "Giao nhanh ạ. Sách đẹp, cứng cáp, hình in và chữ đều rõ nét và đẹp. Có điều chỉ bị cong góc nhẹ nên hơi buồn xíu ạ. Nói chung là với giá này là quá rẻ luôn."
            }
        },
        {
            "reviewer": {
                "name": "Nguyễn Phương Loan",
                "date": "Đã tham gia 8 năm",
                "reviewCount": "72 Đánh giá",
                "likedCount": "10 Lượt cảm ơn"
            },
            "review": {
                "rating": 5,
                "title": "Cực kì hài lòng",
                "content": "Tiki giao hàng siêu nhanh luôn, trong vòng 2h đã cập bến rồi. Sách được đóng gói chắc chắn, dán tem hàng dễ vỡ cho các chú shipper và người dùng cẩn thận nhẹ nhàng nà. Chất lượng sách Tiki chính hãng, giấy thơm phức và mới nguyên tạo nhiều hứng thú khi đọc sách. Cám ơn Tiki đem đến trí thức cho mọi nhà 👍"
            }
        },
        {
            "reviewer": {
                "name": "Ploy Ng",
                "date": "Đã tham gia 3 năm",
                "reviewCount": "4 Đánh giá",
                "likedCount": "7 Lượt cảm ơn"
            },
            "review": {
                "rating": 5,
                "title": "Cực kì hài lòng",
                "content": "Nếu ai đã có cuốn luật tâm thức “ Giải mã ma trận vũ trận “ rồi thì m nghĩ không cần mua thêm cuốn này , m nghĩ đây là cuốn luật tâm thức thứ 2 nên m đặt thử thì nội dung ko khác gì cuốn đầu tiên như m đã nói ở trên , thành ra bị có 2 cuốn gần giống nhau , m muốn thanh lý lại cuốn vũ trụ nhất nguyên này , bạn nào cần add *** mình nhé ( *** ) , m vừa nhận trong ngày hôm nay ạ."
            }
        },
        {
            "reviewer": {
                "name": "Nguyễn Châu Bích Trâm",
                "date": "Đã tham gia 6 năm",
                "reviewCount": "125 Đánh giá",
                "likedCount": "3 Lượt cảm ơn"
            },
            "review": {
                "rating": 5,
                "title": "Cực kì hài lòng",
                "content": "Quyển sách dành cho các bạn đi tìm nguồn năng lượng bên trong chữa lành cơ thể và tâm hồn. Mình rất thích quyển sách ngay lúc này. Nếu đọc trước đó, có lẻ mình sẽ không cảm nhận được sâu sắc như bây giờ.\r\nCác bạn đã hiểu về năng lượng đọc sẽ thấm và thấu hơn."
            }
        },
        {
            "reviewer": {
                "name": "sa nhu hoa",
                "date": "Đã tham gia 6 năm",
                "reviewCount": "76 Đánh giá",
                "likedCount": "3 Lượt cảm ơn"
            },
            "review": {
                "rating": 5,
                "title": "Cực kì hài lòng",
                "content": "Sách chính hãng, in đẹp, hình màu đẹp. Nhưng mn nhớ đừng mua thêm quyển kia \"giải mã ma trận vũ trụ \" nhé. Quyển đấy là sách nhái, làm hại đến quyền tác giả. Mn đừng mua quyển này nhé. Bạn hãy mua quyển chính hãng trên tiki, đắt nhưng in màu trên giấy tốt."
            }
        },
        {
            "reviewer": {
                "name": "Hồ Thị Anh Mỹ",
                "date": "Đã tham gia 6 năm",
                "reviewCount": "28 Đánh giá",
                "likedCount": "130 Lượt cảm ơn"
            },
            "review": {
                "rating": 5,
                "title": "Cực kì hài lòng",
                "content": "Có bọc chống sốc, hơi móp phần gáy mà ko đáng kể, nội dung khỏi phải bàn"
            }
        },
        {
            "reviewer": {
                "name": "Thúy Thúy",
                "date": "Đã tham gia 6 năm",
                "reviewCount": "259 Đánh giá",
                "likedCount": "60 Lượt cảm ơn"
            },
            "review": {
                "rating": 5,
                "title": "Cực kì hài lòng",
                "content": "Sách cực kỳ hay. Nội dung quá bổ ích. Cuốn sách đợt này của tác giả chỉ tiết hơn cuốn trước. Có nhiều quan điểm rất thú vị để chúng ta tham khảo và áp dụng vào đời sống tâm linh."
            }
        },
        {
            "reviewer": {
                "name": "Thảo Bùi",
                "date": "Đã tham gia 9 năm",
                "reviewCount": "17 Đánh giá",
                "likedCount": "1 Lượt cảm ơn"
            },
            "review": {
                "rating": 5,
                "title": "Cực kì hài lòng",
                "content": "đóng gói cẩn thận có lớp chống sốc bảo vệ sách, mình chọn giao tiết kiệm nhưng vẫn nhận dc hàng sớm hơn dự định, sách của ngô sa thạch thì hay khỏi phải bàn 😁"
            }
        },
        {
            "reviewer": {
                "name": "Trần Thị Thanh Bình",
                "date": "Đã tham gia 4 năm",
                "reviewCount": "9 Đánh giá",
                "likedCount": "1 Lượt cảm ơn"
            },
            "review": {
                "rating": 5,
                "title": "Cực kì hài lòng",
                "content": "chất lượng sách tốt, giá tốt, giao hàng siêu nhanh. Sẽ ủng hộ nhiều, cảm ơn shop."
            }
        },
        {
            "reviewer": {
                "name": "Nguyễn Hà",
                "date": "Đã tham gia 4 năm",
                "reviewCount": "27 Đánh giá",
                "likedCount": "0 Lượt cảm ơn"
            },
            "review": {
                "rating": 5,
                "title": "Cực kì hài lòng",
                "content": "Giao hàng nhanh, sách hơi bụi một chút, nhưng bù lại dịch vụ tiki rất ok"
            }
        },
        {
            "reviewer": {
                "name": "Nha NguyenTran",
                "date": "Đã tham gia 6 năm",
                "reviewCount": "29 Đánh giá",
                "likedCount": "2 Lượt cảm ơn"
            },
            "review": {
                "rating": 5,
                "title": "Cực kì hài lòng",
                "content": "Nội dung hay, viết chi tiết\r\nRõ ràng"
            }
        },
        {
            "reviewer": {
                "name": "Harry Huynh",
                "date": "Đã tham gia 8 năm",
                "reviewCount": "50 Đánh giá",
                "likedCount": "3 Lượt cảm ơn"
            },
            "review": {
                "rating": 5,
                "title": "Cực kì hài lòng",
                "content": "Tiki đóng gói kĩ lưỡng và giao nhanh như dự kiến"
            }
        },
        {
            "reviewer": {
                "name": "Huỳnh Ngọc Mỹ Hồng",
                "date": "Đã tham gia 6 năm",
                "reviewCount": "13 Đánh giá",
                "likedCount": "0 Lượt cảm ơn"
            },
            "review": {
                "rating": 5,
                "title": "Cực kì hài lòng",
                "content": "Sách rất hay , các chương đầu sẽ khó hiểu nhưng càng về sau thì rất hay. Nên đọc ít nhất 2 lần"
            }
        },
        {
            "reviewer": {
                "name": "nguyễn nghiệp",
                "date": "Đã tham gia 6 năm",
                "reviewCount": "26 Đánh giá",
                "likedCount": "0 Lượt cảm ơn"
            },
            "review": {
                "rating": 5,
                "title": "Cực kì hài lòng",
                "content": "giao hàng nhanh. đóng gói cẩn thận."
            }
        },
        {
            "reviewer": {
                "name": "Duy thiên",
                "date": "Đã tham gia 2 năm",
                "reviewCount": "13 Đánh giá",
                "likedCount": "0 Lượt cảm ơn"
            },
            "review": {
                "rating": 5,
                "title": "Cực kì hài lòng",
                "content": "Sách giải đáp được nhiều thắc mắc của em, có kết hợp với khoa học ,logic chặt chẽ,ko bị mê tín"
            }
        },
        {
            "reviewer": {
                "name": "Tran Dieu Truc",
                "date": "Đã tham gia 9 năm",
                "reviewCount": "15 Đánh giá",
                "likedCount": "0 Lượt cảm ơn"
            },
            "review": {
                "rating": 5,
                "title": "Cực kì hài lòng",
                "content": "Hộp móp méo, may sách vẫn ok"
            }
        },
        {
            "reviewer": {
                "name": "Nguyễn Thị Kiều Oanh",
                "date": "Đã tham gia 5 năm",
                "reviewCount": "9 Đánh giá",
                "likedCount": "0 Lượt cảm ơn"
            },
            "review": {
                "rating": 5,
                "title": "Cực kì hài lòng",
                "content": "Nên đọc các bạn ạ, để thay đổi thế giới quan của mình cho phù hợp"
            }
        },
        {
            "reviewer": {
                "name": "Nguyen Thi Thuy Trang",
                "date": "Đã tham gia 3 năm",
                "reviewCount": "1 Đánh giá",
                "likedCount": "0 Lượt cảm ơn"
            },
            "review": {
                "rating": 5,
                "title": "Cực kì hài lòng",
                "content": "Nội dung hay thú vị mới lạ. Cảm ơn tác giả."
            }
        },
        {
            "reviewer": {
                "name": "Ngo Huyen",
                "date": "Đã tham gia 4 năm",
                "reviewCount": "21 Đánh giá",
                "likedCount": "15 Lượt cảm ơn"
            },
            "review": {
                "rating": 5,
                "title": "Cực kì hài lòng",
                "content": "Sách hay"
            }
        },
        {
            "reviewer": {
                "name": "C A S",
                "date": "Đã tham gia 5 năm",
                "reviewCount": "2 Đánh giá",
                "likedCount": "0 Lượt cảm ơn"
            },
            "review": {
                "rating": 5,
                "title": "Cực kì hài lòng",
                "content": ""
            }
        },
        {
            "reviewer": {
                "name": "Nguyễn Sơn",
                "date": "Đã tham gia 10 năm",
                "reviewCount": "77 Đánh giá",
                "likedCount": "11 Lượt cảm ơn"
            },
            "review": {
                "rating": 5,
                "title": "Cực kì hài lòng",
                "content": ""
            }
        },
        {
            "reviewer": {
                "name": "Phan Tyra",
                "date": "Đã tham gia 7 năm",
                "reviewCount": "18 Đánh giá",
                "likedCount": "1 Lượt cảm ơn"
            },
            "review": {
                "rating": 5,
                "title": "Cực kì hài lòng",
                "content": "Tốt, nội dung hay. Giấy tốt, tổng quan đẹp"
            }
        },
        {
            "reviewer": {
                "name": "Đỗ Văn Phong",
                "date": "Đã tham gia 5 năm",
                "reviewCount": "4 Đánh giá",
                "likedCount": "0 Lượt cảm ơn"
            },
            "review": {
                "rating": 5,
                "title": "Cực kì hài lòng",
                "content": "Giao hàng nhanh, chất lượng sách tốt, love Tiki"
            }
        },
        {
            "reviewer": {
                "name": "Vo Nguy Thuy Ai",
                "date": "Đã tham gia 4 năm",
                "reviewCount": "2 Đánh giá",
                "likedCount": "0 Lượt cảm ơn"
            },
            "review": {
                "rating": 5,
                "title": "Cực kì hài lòng",
                "content": "sách hay giúp hiểu được những nguyên lý"
            }
        },
        {
            "reviewer": {
                "name": "Nguyễn Minh Tuấn",
                "date": "Đã tham gia 5 tháng",
                "reviewCount": "12 Đánh giá",
                "likedCount": "1 Lượt cảm ơn"
            },
            "review": {
                "rating": 5,
                "title": "Cực kì hài lòng",
                "content": "Chất lượng rất  tốt"
            }
        },
        {
            "reviewer": {
                "name": "Pham An",
                "date": "Đã tham gia 6 năm",
                "reviewCount": "9 Đánh giá",
                "likedCount": "14 Lượt cảm ơn"
            },
            "review": {
                "rating": 5,
                "title": "Cực kì hài lòng",
                "content": "Chất liệu tốt , giáo hàng nhanh uy tín"
            }
        },
        {
            "reviewer": {
                "name": "Bảo An",
                "date": "Đã tham gia 3 năm",
                "reviewCount": "17 Đánh giá",
                "likedCount": "1 Lượt cảm ơn"
            },
            "review": {
                "rating": 5,
                "title": "Cực kì hài lòng",
                "content": "Sách đẹp lắm"
            }
        },
        {
            "reviewer": {
                "name": "Thanh Hiền",
                "date": "Đã tham gia 2 tháng",
                "reviewCount": "3 Đánh giá",
                "likedCount": "0 Lượt cảm ơn"
            },
            "review": {
                "rating": 5,
                "title": "Cực kì hài lòng",
                "content": ""
            }
        },
        {
            "reviewer": {
                "name": "Phuong",
                "date": "Đã tham gia 6 năm",
                "reviewCount": "22 Đánh giá",
                "likedCount": "0 Lượt cảm ơn"
            },
            "review": {
                "rating": 5,
                "title": "Cực kì hài lòng",
                "content": ""
            }
        },
        {
            "reviewer": {
                "name": "Phạm Thị Ngọc Mai",
                "date": "Đã tham gia 6 năm",
                "reviewCount": "39 Đánh giá",
                "likedCount": "0 Lượt cảm ơn"
            },
            "review": {
                "rating": 5,
                "title": "Cực kì hài lòng",
                "content": ""
            }
        },
        {
            "reviewer": {
                "name": "Thiên An",
                "date": "Đã tham gia 2 năm",
                "reviewCount": "13 Đánh giá",
                "likedCount": "5 Lượt cảm ơn"
            },
            "review": {
                "rating": 5,
                "title": "Cực kì hài lòng",
                "content": ""
            }
        },
        {
            "reviewer": {
                "name": "Bộ Kinh Vân",
                "date": "Đã tham gia 4 năm",
                "reviewCount": "595 Đánh giá",
                "likedCount": "6 Lượt cảm ơn"
            },
            "review": {
                "rating": 5,
                "title": "Cực kì hài lòng",
                "content": ""
            }
        },
        {
            "reviewer": {
                "name": "Nguyễn Kim Long",
                "date": "Đã tham gia 6 năm",
                "reviewCount": "6 Đánh giá",
                "likedCount": "1 Lượt cảm ơn"
            },
            "review": {
                "rating": 5,
                "title": "Cực kì hài lòng",
                "content": ""
            }
        },
        {
            "reviewer": {
                "name": "Ngô Thanh Trung",
                "date": "Đã tham gia 7 năm",
                "reviewCount": "4 Đánh giá",
                "likedCount": "0 Lượt cảm ơn"
            },
            "review": {
                "rating": 5,
                "title": "Cực kì hài lòng",
                "content": ""
            }
        },
        {
            "reviewer": {
                "name": "Kim Quyên",
                "date": "Đã tham gia 9 năm",
                "reviewCount": "13 Đánh giá",
                "likedCount": "0 Lượt cảm ơn"
            },
            "review": {
                "rating": 5,
                "title": "Cực kì hài lòng",
                "content": ""
            }
        },
        {
            "reviewer": {
                "name": "nguyễn Long",
                "date": "Đã tham gia 5 năm",
                "reviewCount": "8 Đánh giá",
                "likedCount": "0 Lượt cảm ơn"
            },
            "review": {
                "rating": 5,
                "title": "Cực kì hài lòng",
                "content": ""
            }
        },
        {
            "reviewer": {
                "name": "Anh nguyen",
                "date": "Đã tham gia 2 năm",
                "reviewCount": "12 Đánh giá",
                "likedCount": "0 Lượt cảm ơn"
            },
            "review": {
                "rating": 5,
                "title": "Cực kì hài lòng",
                "content": ""
            }
        },
        {
            "reviewer": {
                "name": "ngọc diễm",
                "date": "Đã tham gia 6 năm",
                "reviewCount": "15 Đánh giá",
                "likedCount": "0 Lượt cảm ơn"
            },
            "review": {
                "rating": 5,
                "title": "Cực kì hài lòng",
                "content": ""
            }
        },
        {
            "reviewer": {
                "name": "Uyên Đồng",
                "date": "Đã tham gia 6 năm",
                "reviewCount": "4 Đánh giá",
                "likedCount": "0 Lượt cảm ơn"
            },
            "review": {
                "rating": 5,
                "title": "Cực kì hài lòng",
                "content": ""
            }
        },
        {
            "reviewer": {
                "name": "Nguyễn Viết Hải",
                "date": "Đã tham gia 8 năm",
                "reviewCount": "14 Đánh giá",
                "likedCount": "2 Lượt cảm ơn"
            },
            "review": {
                "rating": 5,
                "title": "Cực kì hài lòng",
                "content": "Good"
            }
        },
        {
            "reviewer": {
                "name": "Nguyễn Thị Lan",
                "date": "Đã tham gia 6 năm",
                "reviewCount": "15 Đánh giá",
                "likedCount": "1 Lượt cảm ơn"
            },
            "review": {
                "rating": 5,
                "title": "Cực kì hài lòng",
                "content": ""
            }
        },
        {
            "reviewer": {
                "name": "trần trường",
                "date": "Đã tham gia 9 năm",
                "reviewCount": "42 Đánh giá",
                "likedCount": "0 Lượt cảm ơn"
            },
            "review": {
                "rating": 5,
                "title": "Cực kì hài lòng",
                "content": ""
            }
        },
        {
            "reviewer": {
                "name": "Nguyễn Văn Trung",
                "date": "Đã tham gia 5 tháng",
                "reviewCount": "1 Đánh giá",
                "likedCount": "0 Lượt cảm ơn"
            },
            "review": {
                "rating": 5,
                "title": "Cực kì hài lòng",
                "content": ""
            }
        },
        {
            "reviewer": {
                "name": "Kim Thành",
                "date": "Đã tham gia 4 năm",
                "reviewCount": "1 Đánh giá",
                "likedCount": "0 Lượt cảm ơn"
            },
            "review": {
                "rating": 5,
                "title": "Cực kì hài lòng",
                "content": ""
            }
        },
        {
            "reviewer": {
                "name": "Ali Trang",
                "date": "Đã tham gia 4 năm",
                "reviewCount": "2 Đánh giá",
                "likedCount": "0 Lượt cảm ơn"
            },
            "review": {
                "rating": 5,
                "title": "Cực kì hài lòng",
                "content": ""
            }
        },
        {
            "reviewer": {
                "name": "Vũ Trần",
                "date": "Đã tham gia 9 năm",
                "reviewCount": "10 Đánh giá",
                "likedCount": "0 Lượt cảm ơn"
            },
            "review": {
                "rating": 5,
                "title": "Cực kì hài lòng",
                "content": ""
            }
        },
        {
            "reviewer": {
                "name": "Thúc Đăng",
                "date": "Đã tham gia 5 năm",
                "reviewCount": "4 Đánh giá",
                "likedCount": "0 Lượt cảm ơn"
            },
            "review": {
                "rating": 5,
                "title": "Cực kì hài lòng",
                "content": ""
            }
        },
        {
            "reviewer": {
                "name": "Nguyễn LeO",
                "date": "Đã tham gia 12 năm",
                "reviewCount": "38 Đánh giá",
                "likedCount": "20 Lượt cảm ơn"
            },
            "review": {
                "rating": 5,
                "title": "Cực kì hài lòng",
                "content": ""
            }
        },
        {
            "reviewer": {
                "name": "Sủi Tài Ôn",
                "date": "Đã tham gia 7 năm",
                "reviewCount": "34 Đánh giá",
                "likedCount": "9 Lượt cảm ơn"
            },
            "review": {
                "rating": 5,
                "title": "Cực kì hài lòng",
                "content": ""
            }
        },
        {
            "reviewer": {
                "name": "Tài khoản Zalo",
                "date": "Đã tham gia 4 năm",
                "reviewCount": "16 Đánh giá",
                "likedCount": "0 Lượt cảm ơn"
            },
            "review": {
                "rating": 5,
                "title": "Cực kì hài lòng",
                "content": ""
            }
        },
        {
            "reviewer": {
                "name": "D Khôi",
                "date": "Đã tham gia 4 năm",
                "reviewCount": "16 Đánh giá",
                "likedCount": "0 Lượt cảm ơn"
            },
            "review": {
                "rating": 5,
                "title": "Cực kì hài lòng",
                "content": ""
            }
        },
        {
            "reviewer": {
                "name": "Andrew Pham",
                "date": "Đã tham gia 5 năm",
                "reviewCount": "15 Đánh giá",
                "likedCount": "0 Lượt cảm ơn"
            },
            "review": {
                "rating": 5,
                "title": "Cực kì hài lòng",
                "content": ""
            }
        },
        {
            "reviewer": {
                "name": "Hannah Ph",
                "date": "Đã tham gia 4 năm",
                "reviewCount": "7 Đánh giá",
                "likedCount": "0 Lượt cảm ơn"
            },
            "review": {
                "rating": 5,
                "title": "Cực kì hài lòng",
                "content": ""
            }
        },
        {
            "reviewer": {
                "name": "Nguyễn Tiến Thành",
                "date": "Đã tham gia 6 năm",
                "reviewCount": "11 Đánh giá",
                "likedCount": "0 Lượt cảm ơn"
            },
            "review": {
                "rating": 5,
                "title": "Cực kì hài lòng",
                "content": ""
            }
        },
        {
            "reviewer": {
                "name": "Quyền Minh",
                "date": "Đã tham gia 5 năm",
                "reviewCount": "106 Đánh giá",
                "likedCount": "2 Lượt cảm ơn"
            },
            "review": {
                "rating": 5,
                "title": "Cực kì hài lòng",
                "content": ""
            }
        },
        {
            "reviewer": {
                "name": "Ngân Nguyễn",
                "date": "Đã tham gia 8 năm",
                "reviewCount": "31 Đánh giá",
                "likedCount": "0 Lượt cảm ơn"
            },
            "review": {
                "rating": 5,
                "title": "Cực kì hài lòng",
                "content": ""
            }
        },
        {
            "reviewer": {
                "name": "Lê Hoàng Quế Chi",
                "date": "Đã tham gia 9 năm",
                "reviewCount": "4 Đánh giá",
                "likedCount": "0 Lượt cảm ơn"
            },
            "review": {
                "rating": 5,
                "title": "Cực kì hài lòng",
                "content": ""
            }
        },
        {
            "reviewer": {
                "name": "La Lễ Phúc",
                "date": "Đã tham gia 8 năm",
                "reviewCount": "729 Đánh giá",
                "likedCount": "45 Lượt cảm ơn"
            },
            "review": {
                "rating": 5,
                "title": "Cực kì hài lòng",
                "content": ""
            }
        },
        {
            "reviewer": {
                "name": "Trần Phương",
                "date": "Đã tham gia 5 năm",
                "reviewCount": "34 Đánh giá",
                "likedCount": "0 Lượt cảm ơn"
            },
            "review": {
                "rating": 5,
                "title": "Cực kì hài lòng",
                "content": ""
            }
        },
        {
            "reviewer": {
                "name": "Huong Nguyen",
                "date": "Đã tham gia 8 năm",
                "reviewCount": "13 Đánh giá",
                "likedCount": "13 Lượt cảm ơn"
            },
            "review": {
                "rating": 5,
                "title": "Cực kì hài lòng",
                "content": ""
            }
        },
        {
            "reviewer": {
                "name": "Nguyen Tuan Sang",
                "date": "Đã tham gia 3 năm",
                "reviewCount": "83 Đánh giá",
                "likedCount": "0 Lượt cảm ơn"
            },
            "review": {
                "rating": 5,
                "title": "Cực kì hài lòng",
                "content": ""
            }
        },
        {
            "reviewer": {
                "name": "Nga Nguyễn",
                "date": "Đã tham gia 6 năm",
                "reviewCount": "116 Đánh giá",
                "likedCount": "0 Lượt cảm ơn"
            },
            "review": {
                "rating": 5,
                "title": "Cực kì hài lòng",
                "content": ""
            }
        },
        {
            "reviewer": {
                "name": "Bùi Hồng Nhung",
                "date": "Đã tham gia 2 năm",
                "reviewCount": "4 Đánh giá",
                "likedCount": "0 Lượt cảm ơn"
            },
            "review": {
                "rating": 5,
                "title": "Cực kì hài lòng",
                "content": ""
            }
        },
        {
            "reviewer": {
                "name": "Nguyễn Thị Thảo",
                "date": "Đã tham gia 9 năm",
                "reviewCount": "11 Đánh giá",
                "likedCount": "4 Lượt cảm ơn"
            },
            "review": {
                "rating": 5,
                "title": "Cực kì hài lòng",
                "content": ""
            }
        },
        {
            "reviewer": {
                "name": "Enesti Echevaliver",
                "date": "Đã tham gia 4 năm",
                "reviewCount": "124 Đánh giá",
                "likedCount": "0 Lượt cảm ơn"
            },
            "review": {
                "rating": 5,
                "title": "Cực kì hài lòng",
                "content": ""
            }
        },
        {
            "reviewer": {
                "name": "Phuong Ly Vu",
                "date": "Đã tham gia 6 năm",
                "reviewCount": "3 Đánh giá",
                "likedCount": "1 Lượt cảm ơn"
            },
            "review": {
                "rating": 5,
                "title": "Cực kì hài lòng",
                "content": ""
            }
        },
        {
            "reviewer": {
                "name": "Nguyễn Thuận Minh",
                "date": "Đã tham gia 1 năm",
                "reviewCount": "3 Đánh giá",
                "likedCount": "0 Lượt cảm ơn"
            },
            "review": {
                "rating": 5,
                "title": "Cực kì hài lòng",
                "content": ""
            }
        },
        {
            "reviewer": {
                "name": "Ngô Hoàng Hiệp",
                "date": "Đã tham gia 4 năm",
                "reviewCount": "21 Đánh giá",
                "likedCount": "12 Lượt cảm ơn"
            },
            "review": {
                "rating": 5,
                "title": "Cực kì hài lòng",
                "content": ""
            }
        },
        {
            "reviewer": {
                "name": "Đinh Quang Huy",
                "date": "Đã tham gia 8 năm",
                "reviewCount": "2 Đánh giá",
                "likedCount": "0 Lượt cảm ơn"
            },
            "review": {
                "rating": 5,
                "title": "Cực kì hài lòng",
                "content": ""
            }
        },
        {
            "reviewer": {
                "name": "Linh",
                "date": "Đã tham gia 9 năm",
                "reviewCount": "4 Đánh giá",
                "likedCount": "0 Lượt cảm ơn"
            },
            "review": {
                "rating": 5,
                "title": "Cực kì hài lòng",
                "content": ""
            }
        },
        {
            "reviewer": {
                "name": "Nguyễn Viết Xuân",
                "date": "Đã tham gia 8 năm",
                "reviewCount": "116 Đánh giá",
                "likedCount": "1 Lượt cảm ơn"
            },
            "review": {
                "rating": 5,
                "title": "Cực kì hài lòng",
                "content": ""
            }
        },
        {
            "reviewer": {
                "name": "Lê Vũ",
                "date": "Đã tham gia 8 năm",
                "reviewCount": "14 Đánh giá",
                "likedCount": "2 Lượt cảm ơn"
            },
            "review": {
                "rating": 5,
                "title": "Cực kì hài lòng",
                "content": ""
            }
        },
        {
            "reviewer": {
                "name": "Đặng phương lịn",
                "date": "Đã tham gia 3 năm",
                "reviewCount": "2 Đánh giá",
                "likedCount": "0 Lượt cảm ơn"
            },
            "review": {
                "rating": 5,
                "title": "Cực kì hài lòng",
                "content": ""
            }
        },
        {
            "reviewer": {
                "name": "Ka Vũ",
                "date": "Đã tham gia 4 năm",
                "reviewCount": "8 Đánh giá",
                "likedCount": "0 Lượt cảm ơn"
            },
            "review": {
                "rating": 5,
                "title": "Cực kì hài lòng",
                "content": ""
            }
        },
        {
            "reviewer": {
                "name": "Nguyễn Si My",
                "date": "Đã tham gia 5 năm",
                "reviewCount": "3 Đánh giá",
                "likedCount": "0 Lượt cảm ơn"
            },
            "review": {
                "rating": 5,
                "title": "Cực kì hài lòng",
                "content": ""
            }
        },
        {
            "reviewer": {
                "name": "Hoang anh son",
                "date": "Đã tham gia 9 năm",
                "reviewCount": "355 Đánh giá",
                "likedCount": "9 Lượt cảm ơn"
            },
            "review": {
                "rating": 5,
                "title": "Cực kì hài lòng",
                "content": ""
            }
        },
        {
            "reviewer": {
                "name": "Thu Trang",
                "date": "Đã tham gia 6 năm",
                "reviewCount": "1 Đánh giá",
                "likedCount": "0 Lượt cảm ơn"
            },
            "review": {
                "rating": 5,
                "title": "Cực kì hài lòng",
                "content": ""
            }
        },
        {
            "reviewer": {
                "name": "Huỳnh Hoàng Sơn",
                "date": "Đã tham gia 9 năm",
                "reviewCount": "16 Đánh giá",
                "likedCount": "2 Lượt cảm ơn"
            },
            "review": {
                "rating": 5,
                "title": "Cực kì hài lòng",
                "content": ""
            }
        },
        {
            "reviewer": {
                "name": "Bùi Văn Bách",
                "date": "Đã tham gia 7 năm",
                "reviewCount": "22 Đánh giá",
                "likedCount": "73 Lượt cảm ơn"
            },
            "review": {
                "rating": 5,
                "title": "Cực kì hài lòng",
                "content": ""
            }
        },
        {
            "reviewer": {
                "name": "Nguyễn Khoa",
                "date": "Đã tham gia 12 năm",
                "reviewCount": "36 Đánh giá",
                "likedCount": "0 Lượt cảm ơn"
            },
            "review": {
                "rating": 5,
                "title": "Cực kì hài lòng",
                "content": ""
            }
        },
        {
            "reviewer": {
                "name": "Trần Thị Hồng Nhung",
                "date": "Đã tham gia 6 năm",
                "reviewCount": "13 Đánh giá",
                "likedCount": "0 Lượt cảm ơn"
            },
            "review": {
                "rating": 5,
                "title": "Cực kì hài lòng",
                "content": ""
            }
        },
        {
            "reviewer": {
                "name": "Van Pham",
                "date": "Đã tham gia 5 năm",
                "reviewCount": "9 Đánh giá",
                "likedCount": "0 Lượt cảm ơn"
            },
            "review": {
                "rating": 5,
                "title": "Cực kì hài lòng",
                "content": ""
            }
        },
        {
            "reviewer": {
                "name": "Nguyễn Duy Hưng",
                "date": "Đã tham gia 6 năm",
                "reviewCount": "729 Đánh giá",
                "likedCount": "13 Lượt cảm ơn"
            },
            "review": {
                "rating": 5,
                "title": "Cực kì hài lòng",
                "content": ""
            }
        },
        {
            "reviewer": {
                "name": "Lê Quỳnh Anh",
                "date": "Đã tham gia 6 năm",
                "reviewCount": "10 Đánh giá",
                "likedCount": "0 Lượt cảm ơn"
            },
            "review": {
                "rating": 5,
                "title": "Cực kì hài lòng",
                "content": ""
            }
        },
        {
            "reviewer": {
                "name": "Trần Thị Lan Thảo",
                "date": "Đã tham gia 6 năm",
                "reviewCount": "7 Đánh giá",
                "likedCount": "1 Lượt cảm ơn"
            },
            "review": {
                "rating": 5,
                "title": "Cực kì hài lòng",
                "content": ""
            }
        },
        {
            "reviewer": {
                "name": "Tăng Chí Vinh",
                "date": "Đã tham gia 6 năm",
                "reviewCount": "70 Đánh giá",
                "likedCount": "1 Lượt cảm ơn"
            },
            "review": {
                "rating": 5,
                "title": "Cực kì hài lòng",
                "content": ""
            }
        },
        {
            "reviewer": {
                "name": "Nguyễn Trần Bảo Trân",
                "date": "Đã tham gia 6 năm",
                "reviewCount": "11 Đánh giá",
                "likedCount": "0 Lượt cảm ơn"
            },
            "review": {
                "rating": 5,
                "title": "Cực kì hài lòng",
                "content": ""
            }
        },
        {
            "reviewer": {
                "name": "Van Ling",
                "date": "Đã tham gia 1 năm",
                "reviewCount": "1 Đánh giá",
                "likedCount": "0 Lượt cảm ơn"
            },
            "review": {
                "rating": 5,
                "title": "Cực kì hài lòng",
                "content": ""
            }
        },
        {
            "reviewer": {
                "name": "Việt Anh Triệu",
                "date": "Đã tham gia 10 năm",
                "reviewCount": "102 Đánh giá",
                "likedCount": "15 Lượt cảm ơn"
            },
            "review": {
                "rating": 1,
                "title": "Rất không hài lòng",
                "content": "Đặt hoả tốc sáng giao mà gọi giao ngta đang bận cuộc gọi khác thì đợi gọi được rồi mới đi giao đơn khác chứ. Thấy máy bận thì thôi giao lại chiều, giao sớm chút. Xong mãi 4, 5h ko thấy giao mới nhắn tin hỏi thì bảo giao trc 7h tối. *** đặt hoả tốc để giao sớm thì ko giao đc thì hẹn 2 hoặc 3h giao, hẹn lên 7h tối ngoài h hành chính thì bố ai mà nhận đc. Shipper thi thai độ. Làm ăn chán."
            }
        },
        {
            "reviewer": {
                "name": "Hoàng Đình Long",
                "date": "Đã tham gia 7 năm",
                "reviewCount": "171 Đánh giá",
                "likedCount": "7 Lượt cảm ơn"
            },
            "review": {
                "rating": 4,
                "title": "Hài lòng",
                "content": "Nội dung về vật lí thì hay nhưng nội dung về các luân xa không hay. Các luân xa, bản thân nó là các điểm tắc nghẽn chứ không phải cổng năng lượng. Nói luân xa là các cổng năng lượng chỉ là quan điểm của mainstream media. Luân xa cũng không có màu sắc gì, nó là điểm chết chóc. Nói luân xa vốn đã khai thông là không đúng. Làm gì có điểm tắc nghẽn vốn được khai thông, như vậy còn gì là điểm tắc nghẽn nữa."
            }
        },
        {
            "reviewer": {
                "name": "Minh Chánh",
                "date": "Đã tham gia 1 năm",
                "reviewCount": "34 Đánh giá",
                "likedCount": "0 Lượt cảm ơn"
            },
            "review": {
                "rating": 1,
                "title": "Rất không hài lòng",
                "content": "Quyển sách hơn 200 ngàn các bạn gói không kĩ, về đến mình cấn bìa rồi trầy!"
            }
        },
        {
            "reviewer": {
                "name": "Yến Trang",
                "date": "Đã tham gia 2 năm",
                "reviewCount": "18 Đánh giá",
                "likedCount": "0 Lượt cảm ơn"
            },
            "review": {
                "rating": 4,
                "title": "Hài lòng",
                "content": "đọc qua được vài trang nma cũng phải vận dụng đầu óc để có thể hiểu ^^ sách k bị lms hếc nm mỗi tội ship gần hay nnao nên có mỗi bọc trắng chứ hem có chống sốc"
            }
        },
        {
            "reviewer": {
                "name": "Chí Nhân",
                "date": "Đã tham gia 4 năm",
                "reviewCount": "7 Đánh giá",
                "likedCount": "0 Lượt cảm ơn"
            },
            "review": {
                "rating": 1,
                "title": "Rất không hài lòng",
                "content": "Bìa cong,hình thức sách cũ mốc. Ko hài lòng, quá tệ"
            }
        },
        {
            "reviewer": {
                "name": "Trần Thị Lệ Diễm",
                "date": "Đã tham gia 6 năm",
                "reviewCount": "9 Đánh giá",
                "likedCount": "0 Lượt cảm ơn"
            },
            "review": {
                "rating": 3,
                "title": "Bình thường",
                "content": "Đóng gói sơ xài, sách gãy gáy, cũ, bụi"
            }
        },
        {
            "reviewer": {
                "name": "Helen Trần",
                "date": "Đã tham gia 6 năm",
                "reviewCount": "11 Đánh giá",
                "likedCount": "0 Lượt cảm ơn"
            },
            "review": {
                "rating": 1,
                "title": "Rất không hài lòng",
                "content": "Sách bị lỗi từ trang 80 nhảy đến trang 97 đề nghị đơn vị bán hàng kiểm tra và liên hệ lại nhé ạ"
            }
        },
        {
            "reviewer": {
                "name": "Dương Thảo Ngân",
                "date": "Đã tham gia 6 năm",
                "reviewCount": "15 Đánh giá",
                "likedCount": "0 Lượt cảm ơn"
            },
            "review": {
                "rating": 2,
                "title": "Không hài lòng",
                "content": "Bìa sách rầy xước nhiều chỗ, bốn góc sách bị móp cả, đặt để tặng mà giao tới như vậy quá thất vọng"
            }
        },
        {
            "reviewer": {
                "name": "Hà Thúy Kiều",
                "date": "Đã tham gia 3 năm",
                "reviewCount": "1 Đánh giá",
                "likedCount": "0 Lượt cảm ơn"
            },
            "review": {
                "rating": 1,
                "title": "Rất không hài lòng",
                "content": "Tôi đã không nhận dc hàng, tôi đã liên hệ với người giao hàng rất nhiều lần nhưng không được giải quyết"
            }
        },
        {
            "reviewer": {
                "name": "Nguyen Ngoc Manh",
                "date": "Đã tham gia 11 năm",
                "reviewCount": "10 Đánh giá",
                "likedCount": "0 Lượt cảm ơn"
            },
            "review": {
                "rating": 4,
                "title": "Hài lòng",
                "content": "Sách hay và nặng yêu cầu Tiki nên bỏ hộp giấy thay vì bỏ bì ni lông khiến sách bị biến dạng."
            }
        },
        {
            "reviewer": {
                "name": "Giang Lường",
                "date": "Đã tham gia 1 năm",
                "reviewCount": "2 Đánh giá",
                "likedCount": "0 Lượt cảm ơn"
            },
            "review": {
                "rating": 4,
                "title": "Hài lòng",
                "content": ""
            }
        },
        {
            "reviewer": {
                "name": "Phùng Đức Thắng",
                "date": "Đã tham gia 6 năm",
                "reviewCount": "4 Đánh giá",
                "likedCount": "0 Lượt cảm ơn"
            },
            "review": {
                "rating": 4,
                "title": "Hài lòng",
                "content": ""
            }
        }
    ]
}