{
    "url": "https://tiki.vn/ong-tram-tuoi-tai-xuat-va-giai-cuu-the-gioi-jonas-jonasson-p276377311.html?spid=276377312",
    "info": {
        "title": "Ông trăm tuổi tái xuất và giải cứu thế giới (Jonas Jonasson)",
        "author": "Jonas Jonasson",
        "imageUrl": "https://salt.tikicdn.com/cache/750x750/ts/product/5a/e5/39/22670c2175fa0510bfe158ad5241c354.png.webp",
        "soldQuantity": 143,
        "currentPrice": 153000,
        "originalPrice": 190000
    },
    "details": {
        "publisher": "NXB Trẻ",
        "publishDate": "2024-10-14 00:00:00",
        "dimensions": "13 x 20",
        "coverType": "Bìa mềm",
        "pageCount": "504",
        "publishingHouse": "NXB Trẻ"
    },
    "description": "Sau những biến cố ở phần I, giờ cụ Alan và bác Julius đã yên vị trong một khu nghỉ dưỡng trên đảo Bali. Tuy nhiên, cuộc sống nhàn tản này rõ ràng không hợp với họ. Vào bữa tiệc sinh nhật lần thứ 101 của cụ Alan, tai nạn bất ngờ đã khiến chiếc khinh khí cầu chở họ bị cuốn ra giữa đại dương. Những tưởng vận số đã tận, hai ông già lại được một chiếc tàu chở hàng Triều Tiên vớt lên. Thế nhưng, đây lại là một con tàu buôn lậu, đang âm thầm chở 4kg uranium đã làm giàu về Bình Nhưỡng để phục vụ kế hoạch chế tạo bom nguyên tử. Để sống sót, cụ Alan một lần nữa lại phải đóng vai chuyên gia đang nắm trong tay một kỹ thuật hạt nhân tiên tiến chưa quốc gia nào biết tới.\nTại Bình Nhưỡng, một mặt, cụ Alan vừa phải diễn tròn vai chuyên gia về vũ khí hạt nhân, mặt khác lại phải đau đầu nghĩ cách chuồn êm khỏi Triều Tiên. Kế hoạch đào tẩu của cụ may mắn nhận được sự hỗ trợ nhiệt tình của bà bộ trưởng bộ ngoại giao Thụy Điển. Nhưng kiếp nạn của cụ Alan và bác Julius vẫn chưa dừng lại ở đó, khi cuộc tẩu thoát khỏi Triều Tiên hóa ra mới chỉ là khởi đầu cho chuyến phiêu lưu khác thường, đầy hiểm nguy nhưng cũng không thiếu những tình huống khó tin tới nực cười vắt qua nhiều châu lục.\nGiá sản phẩm trên Tiki đã bao gồm thuế theo luật hiện hành. Bên cạnh đó, tuỳ vào loại sản phẩm, hình thức và địa chỉ giao hàng mà có thể phát sinh thêm chi phí khác như phí vận chuyển, phụ phí hàng cồng kềnh, thuế nhập khẩu (đối với đơn hàng giao từ nước ngoài có giá trị trên 1 triệu đồng).....",
    "rating": {
        "totalRating": 4.6,
        "numberOfRating": 9
    },
    "reviews": [
        {
            "reviewer": {
                "name": "Nguyen Thi Hong Nhung",
                "date": "Đã tham gia 9 năm",
                "reviewCount": "237 Đánh giá",
                "likedCount": "2 Lượt cảm ơn"
            },
            "review": {
                "rating": 5,
                "title": "Cực kì hài lòng",
                "content": "Shop đóng gói cẩn thận và giao nhanh. Sẽ tiếp tục ủng hộ shop ah."
            }
        },
        {
            "reviewer": {
                "name": "Sakura Như Quỳnh",
                "date": "Đã tham gia 8 năm",
                "reviewCount": "68 Đánh giá",
                "likedCount": "14 Lượt cảm ơn"
            },
            "review": {
                "rating": 5,
                "title": "Cực kì hài lòng",
                "content": ""
            }
        },
        {
            "reviewer": {
                "name": "Quan Huỳnh Như Thủy",
                "date": "Đã tham gia 10 năm",
                "reviewCount": "72 Đánh giá",
                "likedCount": "0 Lượt cảm ơn"
            },
            "review": {
                "rating": 5,
                "title": "Cực kì hài lòng",
                "content": ""
            }
        },
        {
            "reviewer": {
                "name": "Vincent Nguyen",
                "date": "Đã tham gia 8 năm",
                "reviewCount": "33 Đánh giá",
                "likedCount": "0 Lượt cảm ơn"
            },
            "review": {
                "rating": 5,
                "title": "Cực kì hài lòng",
                "content": ""
            }
        },
        {
            "reviewer": {
                "name": "Hồ Thanh",
                "date": "Đã tham gia 7 năm",
                "reviewCount": "16 Đánh giá",
                "likedCount": "9 Lượt cảm ơn"
            },
            "review": {
                "rating": 5,
                "title": "Cực kì hài lòng",
                "content": ""
            }
        }
    ]
}