{
    "url": "https://tiki.vn/beartown-thi-tran-nho-giac-mo-lon-p249876840.html?spid=249876841",
    "info": {
        "title": "Beartown - Thị trấn nhỏ, giấc mơ lớn",
        "author": "Fredrik Backman",
        "imageUrl": "https://salt.tikicdn.com/cache/750x750/ts/product/a3/ef/a1/048355239396f0f7f123e7993a0e0066.jpg.webp",
        "soldQuantity": 738,
        "currentPrice": 168000,
        "originalPrice": 210000
    },
    "details": {
        "bookVersion": "Phiên bản thường",
        "publisher": "NXB Trẻ",
        "publishDate": "2023-04-12 00:00:00",
        "dimensions": "13 x 20 cm",
        "translator": "Hoàng Anh",
        "coverType": "Bìa mềm",
        "pageCount": "604",
        "publishingHouse": "NXB Trẻ"
    },
    "description": "Giá sản phẩm trên Tiki đã bao gồm thuế theo luật hiện hành. Bên cạnh đó, tuỳ vào loại sản phẩm, hình thức và địa chỉ giao hàng mà có thể phát sinh thêm chi phí khác như phí vận chuyển, phụ phí hàng cồng kềnh, thuế nhập khẩu (đối với đơn hàng giao từ nước ngoài có giá trị trên 1 triệu đồng).....",
    "rating": {
        "totalRating": 4.9,
        "numberOfRating": 60
    },
    "reviews": [
        {
            "reviewer": {
                "name": "Sunny Nguyễn",
                "date": "Đã tham gia 3 năm",
                "reviewCount": "2 Đánh giá",
                "likedCount": "0 Lượt cảm ơn"
            },
            "review": {
                "rating": 5,
                "title": "Cực kì hài lòng",
                "content": "Giao sơm hơn dự kiến\r\nĐóng gói chỉnh chu\r\nSách đẹp, mới\r\nHôm trước đặt sách xong sang hôm sau lên xem thấy TIKI đang freeship😓"
            }
        },
        {
            "reviewer": {
                "name": "thu ha",
                "date": "Đã tham gia 4 năm",
                "reviewCount": "56 Đánh giá",
                "likedCount": "0 Lượt cảm ơn"
            },
            "review": {
                "rating": 5,
                "title": "Cực kì hài lòng",
                "content": "sách xinh lắm, có seal bên ngoài. Quyển này mình thích lâu rồi bayg lại còn mua được với giá rẻ nên ♥️♥️"
            }
        },
        {
            "reviewer": {
                "name": "Dương Ngọc Mai Thảo",
                "date": "Đã tham gia 11 năm",
                "reviewCount": "2 Đánh giá",
                "likedCount": "1 Lượt cảm ơn"
            },
            "review": {
                "rating": 5,
                "title": "Cực kì hài lòng",
                "content": "Sách hay, nội dung sâu sắc và cua plot twist được xử lí rất tốt. Mình rất thích tác giả này và cũng recommend mọi người đọc những cuốn khác của ông."
            }
        },
        {
            "reviewer": {
                "name": "Annie Pham",
                "date": "Đã tham gia 4 năm",
                "reviewCount": "11 Đánh giá",
                "likedCount": "0 Lượt cảm ơn"
            },
            "review": {
                "rating": 5,
                "title": "Cực kì hài lòng",
                "content": "Nội đứng chưa đọc bìa sách ok , mượt , đọc rồi sẽ quay lại quánh giá"
            }
        },
        {
            "reviewer": {
                "name": "Sách Sắc",
                "date": "Đã tham gia 9 năm",
                "reviewCount": "18 Đánh giá",
                "likedCount": "17 Lượt cảm ơn"
            },
            "review": {
                "rating": 5,
                "title": "Cực kì hài lòng",
                "content": "Mình là fan cứng của Fredrik Backman. BearTown là quyển sách yêu thích của mình sau Người đàn ông mang tên Ove. Nhìn chiếc bìa bình yên dậy chứ bão tố, sóng lòng bên trong á mn 🥲🥲🥲"
            }
        },
        {
            "reviewer": {
                "name": "Nguyễn Văn Hào",
                "date": "Đã tham gia 6 năm",
                "reviewCount": "92 Đánh giá",
                "likedCount": "4 Lượt cảm ơn"
            },
            "review": {
                "rating": 5,
                "title": "Cực kì hài lòng",
                "content": "Sách đóng gói cẩn thận,  nguyên seal chất lương"
            }
        },
        {
            "reviewer": {
                "name": "Thiên di",
                "date": "Đã tham gia 4 năm",
                "reviewCount": "105 Đánh giá",
                "likedCount": "5 Lượt cảm ơn"
            },
            "review": {
                "rating": 5,
                "title": "Cực kì hài lòng",
                "content": "Giao hàng nhanh, sách có seal bọc bên ngoài"
            }
        },
        {
            "reviewer": {
                "name": "Nguyen Thi Hong Nhung",
                "date": "Đã tham gia 9 năm",
                "reviewCount": "237 Đánh giá",
                "likedCount": "2 Lượt cảm ơn"
            },
            "review": {
                "rating": 5,
                "title": "Cực kì hài lòng",
                "content": "Tiki giao nhanh và đóng gói cẩn thận. Sẽ tiếp tục ủng hộ shop ah"
            }
        },
        {
            "reviewer": {
                "name": "Bột tôm",
                "date": "Đã tham gia 1 năm",
                "reviewCount": "3 Đánh giá",
                "likedCount": "0 Lượt cảm ơn"
            },
            "review": {
                "rating": 5,
                "title": "Cực kì hài lòng",
                "content": "Hàng chất luợng lắm luôn Á siu mê \r\nĐáng mua lắm"
            }
        },
        {
            "reviewer": {
                "name": "như quỳnh",
                "date": "Đã tham gia 3 năm",
                "reviewCount": "29 Đánh giá",
                "likedCount": "0 Lượt cảm ơn"
            },
            "review": {
                "rating": 5,
                "title": "Cực kì hài lòng",
                "content": "nó cuốnnn, nó hayyy ạ"
            }
        },
        {
            "reviewer": {
                "name": "Vũ Như Hậu",
                "date": "Đã tham gia 5 năm",
                "reviewCount": "11 Đánh giá",
                "likedCount": "2 Lượt cảm ơn"
            },
            "review": {
                "rating": 5,
                "title": "Cực kì hài lòng",
                "content": "Giao hàng rất nhanh, sách ko có bọc chống sốc nhưng vẫn nguyên vẹn ko có sứt mẻ gì. Bìa sách siêu đẹp"
            }
        },
        {
            "reviewer": {
                "name": "Trần bảo ngọc",
                "date": "Đã tham gia 2 năm",
                "reviewCount": "15 Đánh giá",
                "likedCount": "0 Lượt cảm ơn"
            },
            "review": {
                "rating": 5,
                "title": "Cực kì hài lòng",
                "content": ""
            }
        },
        {
            "reviewer": {
                "name": "Nguyễn Thị Thùy Dung",
                "date": "Đã tham gia 3 năm",
                "reviewCount": "4 Đánh giá",
                "likedCount": "0 Lượt cảm ơn"
            },
            "review": {
                "rating": 5,
                "title": "Cực kì hài lòng",
                "content": "Sách in ấn rất đẹp ạ. Mình rất ưng."
            }
        },
        {
            "reviewer": {
                "name": "Quỳnh Trần",
                "date": "Đã tham gia 2 năm",
                "reviewCount": "2 Đánh giá",
                "likedCount": "0 Lượt cảm ơn"
            },
            "review": {
                "rating": 5,
                "title": "Cực kì hài lòng",
                "content": ""
            }
        },
        {
            "reviewer": {
                "name": "Tường Bùi",
                "date": "Đã tham gia 6 năm",
                "reviewCount": "12 Đánh giá",
                "likedCount": "0 Lượt cảm ơn"
            },
            "review": {
                "rating": 5,
                "title": "Cực kì hài lòng",
                "content": ""
            }
        },
        {
            "reviewer": {
                "name": "Nguyễn Thế Cân",
                "date": "Đã tham gia 5 năm",
                "reviewCount": "10 Đánh giá",
                "likedCount": "0 Lượt cảm ơn"
            },
            "review": {
                "rating": 5,
                "title": "Cực kì hài lòng",
                "content": ""
            }
        },
        {
            "reviewer": {
                "name": "Apple User",
                "date": "Đã tham gia 1 năm",
                "reviewCount": "12 Đánh giá",
                "likedCount": "0 Lượt cảm ơn"
            },
            "review": {
                "rating": 5,
                "title": "Cực kì hài lòng",
                "content": ""
            }
        },
        {
            "reviewer": {
                "name": "Mai Thi",
                "date": "Đã tham gia 1 năm",
                "reviewCount": "4 Đánh giá",
                "likedCount": "0 Lượt cảm ơn"
            },
            "review": {
                "rating": 5,
                "title": "Cực kì hài lòng",
                "content": ""
            }
        },
        {
            "reviewer": {
                "name": "Phương Uyên",
                "date": "Đã tham gia 4 năm",
                "reviewCount": "3 Đánh giá",
                "likedCount": "0 Lượt cảm ơn"
            },
            "review": {
                "rating": 5,
                "title": "Cực kì hài lòng",
                "content": ""
            }
        },
        {
            "reviewer": {
                "name": "hung nguyen",
                "date": "Đã tham gia 5 năm",
                "reviewCount": "5 Đánh giá",
                "likedCount": "0 Lượt cảm ơn"
            },
            "review": {
                "rating": 5,
                "title": "Cực kì hài lòng",
                "content": ""
            }
        },
        {
            "reviewer": {
                "name": "Ngọc Diễm",
                "date": "Đã tham gia 4 năm",
                "reviewCount": "2 Đánh giá",
                "likedCount": "0 Lượt cảm ơn"
            },
            "review": {
                "rating": 5,
                "title": "Cực kì hài lòng",
                "content": ""
            }
        },
        {
            "reviewer": {
                "name": "đại nguyễn",
                "date": "Đã tham gia 6 năm",
                "reviewCount": "9 Đánh giá",
                "likedCount": "0 Lượt cảm ơn"
            },
            "review": {
                "rating": 5,
                "title": "Cực kì hài lòng",
                "content": ""
            }
        },
        {
            "reviewer": {
                "name": "Thái Hùng Long",
                "date": "Đã tham gia 7 năm",
                "reviewCount": "3 Đánh giá",
                "likedCount": "0 Lượt cảm ơn"
            },
            "review": {
                "rating": 5,
                "title": "Cực kì hài lòng",
                "content": ""
            }
        },
        {
            "reviewer": {
                "name": "Nguyễn Ngọc Phượng",
                "date": "Đã tham gia 3 tháng",
                "reviewCount": "2 Đánh giá",
                "likedCount": "0 Lượt cảm ơn"
            },
            "review": {
                "rating": 5,
                "title": "Cực kì hài lòng",
                "content": ""
            }
        },
        {
            "reviewer": {
                "name": "phạm Quỳnh Như",
                "date": "Đã tham gia 5 năm",
                "reviewCount": "2 Đánh giá",
                "likedCount": "0 Lượt cảm ơn"
            },
            "review": {
                "rating": 5,
                "title": "Cực kì hài lòng",
                "content": ""
            }
        },
        {
            "reviewer": {
                "name": "Huỳnh Tuệ Hà",
                "date": "Đã tham gia 4 năm",
                "reviewCount": "61 Đánh giá",
                "likedCount": "1 Lượt cảm ơn"
            },
            "review": {
                "rating": 5,
                "title": "Cực kì hài lòng",
                "content": ""
            }
        },
        {
            "reviewer": {
                "name": "Huỳnh Nguyễn Kỳ Vân",
                "date": "Đã tham gia 1 năm",
                "reviewCount": "9 Đánh giá",
                "likedCount": "0 Lượt cảm ơn"
            },
            "review": {
                "rating": 5,
                "title": "Cực kì hài lòng",
                "content": ""
            }
        },
        {
            "reviewer": {
                "name": "Trần Thị Thanh Trang",
                "date": "Đã tham gia 12 năm",
                "reviewCount": "23 Đánh giá",
                "likedCount": "0 Lượt cảm ơn"
            },
            "review": {
                "rating": 5,
                "title": "Cực kì hài lòng",
                "content": ""
            }
        },
        {
            "reviewer": {
                "name": "Nguyễn Phương Thi",
                "date": "Đã tham gia 1 năm",
                "reviewCount": "5 Đánh giá",
                "likedCount": "0 Lượt cảm ơn"
            },
            "review": {
                "rating": 5,
                "title": "Cực kì hài lòng",
                "content": ""
            }
        },
        {
            "reviewer": {
                "name": "Bảo Ngọc",
                "date": "Đã tham gia 3 năm",
                "reviewCount": "7 Đánh giá",
                "likedCount": "0 Lượt cảm ơn"
            },
            "review": {
                "rating": 5,
                "title": "Cực kì hài lòng",
                "content": ""
            }
        },
        {
            "reviewer": {
                "name": "Bá Đức",
                "date": "Đã tham gia 3 năm",
                "reviewCount": "36 Đánh giá",
                "likedCount": "0 Lượt cảm ơn"
            },
            "review": {
                "rating": 5,
                "title": "Cực kì hài lòng",
                "content": ""
            }
        },
        {
            "reviewer": {
                "name": "Châu Nguyễn Tri Vĩ",
                "date": "Đã tham gia 7 năm",
                "reviewCount": "33 Đánh giá",
                "likedCount": "1 Lượt cảm ơn"
            },
            "review": {
                "rating": 5,
                "title": "Cực kì hài lòng",
                "content": ""
            }
        },
        {
            "reviewer": {
                "name": "Duy Thái",
                "date": "Đã tham gia 6 năm",
                "reviewCount": "52 Đánh giá",
                "likedCount": "4 Lượt cảm ơn"
            },
            "review": {
                "rating": 5,
                "title": "Cực kì hài lòng",
                "content": ""
            }
        },
        {
            "reviewer": {
                "name": "Nguyễn Hoàng Xuân Mai",
                "date": "Đã tham gia 6 năm",
                "reviewCount": "11 Đánh giá",
                "likedCount": "0 Lượt cảm ơn"
            },
            "review": {
                "rating": 5,
                "title": "Cực kì hài lòng",
                "content": ""
            }
        },
        {
            "reviewer": {
                "name": "Maria Nguyen",
                "date": "Đã tham gia 7 năm",
                "reviewCount": "7 Đánh giá",
                "likedCount": "0 Lượt cảm ơn"
            },
            "review": {
                "rating": 5,
                "title": "Cực kì hài lòng",
                "content": "one of the best book i’ve read this year."
            }
        },
        {
            "reviewer": {
                "name": "Khách Hàng",
                "date": "",
                "reviewCount": "0 Đánh giá",
                "likedCount": "0 Lượt cảm ơn"
            },
            "review": {
                "rating": 5,
                "title": "Cực kì hài lòng",
                "content": ""
            }
        },
        {
            "reviewer": {
                "name": "Duy Nguyễn",
                "date": "Đã tham gia 6 năm",
                "reviewCount": "22 Đánh giá",
                "likedCount": "0 Lượt cảm ơn"
            },
            "review": {
                "rating": 5,
                "title": "Cực kì hài lòng",
                "content": ""
            }
        },
        {
            "reviewer": {
                "name": "Hoàng Hà",
                "date": "Đã tham gia 11 năm",
                "reviewCount": "103 Đánh giá",
                "likedCount": "9 Lượt cảm ơn"
            },
            "review": {
                "rating": 5,
                "title": "Cực kì hài lòng",
                "content": ""
            }
        },
        {
            "reviewer": {
                "name": "Hoàng Anh",
                "date": "Đã tham gia 6 năm",
                "reviewCount": "20 Đánh giá",
                "likedCount": "0 Lượt cảm ơn"
            },
            "review": {
                "rating": 5,
                "title": "Cực kì hài lòng",
                "content": ""
            }
        },
        {
            "reviewer": {
                "name": "Hiếu Phạm",
                "date": "Đã tham gia 4 năm",
                "reviewCount": "103 Đánh giá",
                "likedCount": "1 Lượt cảm ơn"
            },
            "review": {
                "rating": 5,
                "title": "Cực kì hài lòng",
                "content": ""
            }
        },
        {
            "reviewer": {
                "name": "Bích Ngọc",
                "date": "Đã tham gia 9 năm",
                "reviewCount": "20 Đánh giá",
                "likedCount": "0 Lượt cảm ơn"
            },
            "review": {
                "rating": 5,
                "title": "Cực kì hài lòng",
                "content": ""
            }
        },
        {
            "reviewer": {
                "name": "Lê Xuân Quỳnh",
                "date": "Đã tham gia 9 năm",
                "reviewCount": "75 Đánh giá",
                "likedCount": "0 Lượt cảm ơn"
            },
            "review": {
                "rating": 5,
                "title": "Cực kì hài lòng",
                "content": ""
            }
        },
        {
            "reviewer": {
                "name": "Thu Trang",
                "date": "Đã tham gia 6 năm",
                "reviewCount": "23 Đánh giá",
                "likedCount": "1 Lượt cảm ơn"
            },
            "review": {
                "rating": 5,
                "title": "Cực kì hài lòng",
                "content": ""
            }
        },
        {
            "reviewer": {
                "name": "Đặng Tâm An",
                "date": "Đã tham gia 1 năm",
                "reviewCount": "3 Đánh giá",
                "likedCount": "0 Lượt cảm ơn"
            },
            "review": {
                "rating": 5,
                "title": "Cực kì hài lòng",
                "content": ""
            }
        },
        {
            "reviewer": {
                "name": "Nguyễn Tuấn",
                "date": "Đã tham gia 5 năm",
                "reviewCount": "16 Đánh giá",
                "likedCount": "0 Lượt cảm ơn"
            },
            "review": {
                "rating": 5,
                "title": "Cực kì hài lòng",
                "content": ""
            }
        },
        {
            "reviewer": {
                "name": "Phóng Nguyễn Anh Khoa",
                "date": "Đã tham gia 9 năm",
                "reviewCount": "26 Đánh giá",
                "likedCount": "1 Lượt cảm ơn"
            },
            "review": {
                "rating": 5,
                "title": "Cực kì hài lòng",
                "content": "Nội dung hay"
            }
        },
        {
            "reviewer": {
                "name": "Nguyen Minh Ngoc",
                "date": "Đã tham gia 6 năm",
                "reviewCount": "1195 Đánh giá",
                "likedCount": "5 Lượt cảm ơn"
            },
            "review": {
                "rating": 5,
                "title": "Cực kì hài lòng",
                "content": ""
            }
        },
        {
            "reviewer": {
                "name": "Nguyen Thi Kim Phuong",
                "date": "Đã tham gia 6 năm",
                "reviewCount": "53 Đánh giá",
                "likedCount": "1 Lượt cảm ơn"
            },
            "review": {
                "rating": 5,
                "title": "Cực kì hài lòng",
                "content": ""
            }
        },
        {
            "reviewer": {
                "name": "Ánh Tuyết",
                "date": "Đã tham gia 6 năm",
                "reviewCount": "140 Đánh giá",
                "likedCount": "26 Lượt cảm ơn"
            },
            "review": {
                "rating": 5,
                "title": "Cực kì hài lòng",
                "content": ""
            }
        },
        {
            "reviewer": {
                "name": "Phong Do The",
                "date": "Đã tham gia 1 năm",
                "reviewCount": "3 Đánh giá",
                "likedCount": "0 Lượt cảm ơn"
            },
            "review": {
                "rating": 5,
                "title": "Cực kì hài lòng",
                "content": ""
            }
        },
        {
            "reviewer": {
                "name": "Thanh Phong Tô",
                "date": "Đã tham gia 4 năm",
                "reviewCount": "4 Đánh giá",
                "likedCount": "0 Lượt cảm ơn"
            },
            "review": {
                "rating": 5,
                "title": "Cực kì hài lòng",
                "content": ""
            }
        },
        {
            "reviewer": {
                "name": "Tuyền Nguyễn",
                "date": "Đã tham gia 8 năm",
                "reviewCount": "10 Đánh giá",
                "likedCount": "0 Lượt cảm ơn"
            },
            "review": {
                "rating": 5,
                "title": "Cực kì hài lòng",
                "content": ""
            }
        },
        {
            "reviewer": {
                "name": "Nguyễn Mạnh",
                "date": "Đã tham gia 4 năm",
                "reviewCount": "17 Đánh giá",
                "likedCount": "2 Lượt cảm ơn"
            },
            "review": {
                "rating": 5,
                "title": "Cực kì hài lòng",
                "content": ""
            }
        },
        {
            "reviewer": {
                "name": "Phạm Quốc Duy",
                "date": "Đã tham gia 4 năm",
                "reviewCount": "75 Đánh giá",
                "likedCount": "0 Lượt cảm ơn"
            },
            "review": {
                "rating": 5,
                "title": "Cực kì hài lòng",
                "content": ""
            }
        },
        {
            "reviewer": {
                "name": "Nguyễn Tường Minh",
                "date": "Đã tham gia 14 năm",
                "reviewCount": "16 Đánh giá",
                "likedCount": "14 Lượt cảm ơn"
            },
            "review": {
                "rating": 5,
                "title": "Cực kì hài lòng",
                "content": ""
            }
        },
        {
            "reviewer": {
                "name": "Nguyễn Thị Kim Ngân",
                "date": "Đã tham gia 7 năm",
                "reviewCount": "357 Đánh giá",
                "likedCount": "13 Lượt cảm ơn"
            },
            "review": {
                "rating": 5,
                "title": "Cực kì hài lòng",
                "content": ""
            }
        },
        {
            "reviewer": {
                "name": "Nguyễn Phúc Cường",
                "date": "Đã tham gia 7 năm",
                "reviewCount": "12 Đánh giá",
                "likedCount": "0 Lượt cảm ơn"
            },
            "review": {
                "rating": 3,
                "title": "Bình thường",
                "content": "Sách có vết mực ở nhiều trang, một số trang sách in bị lệch nên làm mình có trải nghiệm không tốt."
            }
        },
        {
            "reviewer": {
                "name": "Dat Thai",
                "date": "Đã tham gia 4 năm",
                "reviewCount": "37 Đánh giá",
                "likedCount": "8 Lượt cảm ơn"
            },
            "review": {
                "rating": 3,
                "title": "Bình thường",
                "content": "Mình đã hơi ẩu khi mua cuốn này với suy nghĩ/trí nhớ sai lầm kiểu, bất cứ cuốn nào của Backman cũng đều dui/thú dị. Ôi cuốn này méo phải.\r\n\r\nNó đánh vào 2 chủ đề mà mình mệt nhất, một là quá thần thánh hay cuồng một cái gì đó, đặt hết hy vọng vào đấy, như Beartown với khúc côn cầu, hay VN mình thì là bóng đá. Khi cuộc sống của bạn quá nhàm chán tẻ nhạt và không có nhiều thứ để làm/hy vọng và rồi người ta đặt hết tâm tư của mình vào một thứ gì đó - aww dạo này từ ngữ chán quá\r\n\r\nHai là chủ đề quấy rối tình dục. Một chủ đề mệt mỏi và phức tạp, mình nói với tư cách một US political observer trong 5-7 năm qua. Nên thôi thực lòng k có nhu cầu đọc thêm một cuốn sách 600 trang hơi kiểu \"dạy đời\" mình về chủ đề này.\r\n\r\nmaybe ai thích deep thì cứ tự nhiên còn muốn đọc để vui vẻ hay giải trí thì fail, tbh"
            }
        },
        {
            "reviewer": {
                "name": "Diệp Minh Châu",
                "date": "Đã tham gia 3 tháng",
                "reviewCount": "4 Đánh giá",
                "likedCount": "0 Lượt cảm ơn"
            },
            "review": {
                "rating": 4,
                "title": "Hài lòng",
                "content": "Sách hay, đóng gói ok, nhưng chất lượng thì dễ bị bong góc"
            }
        },
        {
            "reviewer": {
                "name": "ngoc huyen",
                "date": "Đã tham gia 3 năm",
                "reviewCount": "2 Đánh giá",
                "likedCount": "0 Lượt cảm ơn"
            },
            "review": {
                "rating": 1,
                "title": "Rất không hài lòng",
                "content": "Nhiều câu trong sách sai chính tả"
            }
        }
    ]
}