{
    "url": "https://tiki.vn/trang-p107026335.html?spid=107026336",
    "info": {
        "title": "Trắng",
        "author": "Han Kang",
        "imageUrl": "https://salt.tikicdn.com/cache/750x750/ts/product/16/94/a3/e33d2c695dfa437e949ef0f0479b7820.jpg.webp",
        "soldQuantity": 627,
        "currentPrice": 63100,
        "originalPrice": 79000
    },
    "details": {
        "bookVersion": "Phiên bản thường",
        "publisher": "Nhã Nam",
        "publishDate": "2021-06-01 00:00:00",
        "dimensions": "14 x 20.5 cm",
        "translator": "Hà Linh",
        "coverType": "Bìa mềm",
        "pageCount": "100",
        "publishingHouse": "Nhà Xuất Bản Hà Nội"
    },
    "description": "Trắng xóa nhòa ranh giới của các thể loại, làm mờ lằn ranh giữa tự truyện và văn chương – trở thành một trong những tác phẩm đặc biệt và riêng tư nhất của Han Kang.\nTác phẩm đã lọt vào Shortlist của International Man Booker năm 2018.\nGIỚI THIỆU SÁCH: Trắng\nLà câu chuyện của người đang cố gắng nói lời tiễn biệt với một phần quan trọng trong mình.\nTừ thế giới phủ đầy màu trắng ở Warsar, Han Kang đã lang thang vào thế giới tràn ngập sắc trắng của quá khứ xa xôi, với tã quấn, áo sơ sinh và sữa mẹ.\nTrắng là màu da của người chị qua đời từ lúc sơ sinh mà cô không có cơ hội gặp gỡ, là bánh trăng tròn lúc chưa hấp, đẹp đẽ như thể chẳng được phép tồn tại trên đời.\nTrắng là nỗi đau cũ chưa lành, là nỗi đau mới còn vấn vương hoài niệm, và chính vì vậy mà không thể thành thứ ánh sáng trọn vẹn, cũng chẳng thể làm một bóng tối đúng nghĩa.\nTrắng như sự bắt đầu của mọi thứ và cũng là điểm kết thúc của tất cả.\nTrắng đem chúng ta đến với thế giới đan xen giữa sự sống và cái chết, giữa hiện tại và quá khứ, như một chuyến du hành nhằm kiếm tìm sức mạnh nội tại, trải nghiệm sự mong manh của kiếp người, đồng thời nỗ lực tìm cách xây dựng cuộc sống mới từ đống tro tàn của đổ nát.\nTÁC GIẢ:\nSinh năm 1970 tại Gwangju sau đó cùng gia đình chuyển lên Seoul sống từ năm mười tuổi.\nSau khi tốt nghiệp khoa Văn trường đại học Yonsei, Han Kang đăng đàn năm 1993 trên báo Văn học và Xã hội với tư cách một nhà thơ. Năm 1994, cô cho ra mắt truyện ngắn “Mỏ neo đỏ”, giành giải tác giả trẻ của báo Seoul Shinmun, kể từ đó bắt đầu chính thức hoạt động văn chương.\nSuốt sự nghiệp viết văn gần ba mươi năm, với 3 tập truyện ngắn, 6 tiểu thuyết và 1 tập thơ, Han Kang đã giành được nhiều giải thưởng văn học danh giá cả trong và ngoài nước, trở thành một trong những nhà văn quan trọng nhất của văn học Hàn Quốc hiện đại. Trong đó nổi bật nhất là giải Man Booker International năm 2016 dành cho tác phẩm Người ăn chay. Năm 2018, cô tiếp tục lọt vào danh sách đề cử của giải thưởng này với tiểu thuyết giàu tính tự thuật Trắng.Nhã Nam đã xuất bản: Bản chất của người, Trắng,…\nGiá sản phẩm trên Tiki đã bao gồm thuế theo luật hiện hành. Bên cạnh đó, tuỳ vào loại sản phẩm, hình thức và địa chỉ giao hàng mà có thể phát sinh thêm chi phí khác như phí vận chuyển, phụ phí hàng cồng kềnh, thuế nhập khẩu (đối với đơn hàng giao từ nước ngoài có giá trị trên 1 triệu đồng).....",
    "rating": {
        "totalRating": 4.8,
        "numberOfRating": 72
    },
    "reviews": [
        {
            "reviewer": {
                "name": "Phạm Tố Quyên",
                "date": "Đã tham gia 8 năm",
                "reviewCount": "32 Đánh giá",
                "likedCount": "5 Lượt cảm ơn"
            },
            "review": {
                "rating": 5,
                "title": "Cực kì hài lòng",
                "content": "Sách đẹp lắm. Giấy rất dày và mực chữ in đậm. Đúng là sách Nhã Nam in luôn đẹp. Giao hàng nhanh"
            }
        },
        {
            "reviewer": {
                "name": "Phạm Gia Minh",
                "date": "Đã tham gia 4 năm",
                "reviewCount": "22 Đánh giá",
                "likedCount": "4 Lượt cảm ơn"
            },
            "review": {
                "rating": 5,
                "title": "Cực kì hài lòng",
                "content": "Sách tiki ship đợt này khâu đóng gói hơi ẩu, mua 3 quyển mở ra thấy mỗi tờ giấy nâu bọc bên trên chứ không bọc cả bên dưới, sách bị cong. Tuy nhiên mình không phải type giữ sách cẩn thận nên vẫn cho 5 sao. Sách hay, mn nên đọc lời giới thiệu ở bìa sau để có cái nhìn trước xem có hợp hay không. Cá nhân mình thấy “Trắng” là một quyển sách buồn, nhưng không phải buồn đến đau đớn tim gan mà kiểu như sương mù hơn, bao quanh mình và có chút ngột ngạt, tuy nhiên đọc xong lại thấy khá yên bình."
            }
        },
        {
            "reviewer": {
                "name": "Shi Su Hoàng",
                "date": "Đã tham gia 5 năm",
                "reviewCount": "37 Đánh giá",
                "likedCount": "24 Lượt cảm ơn"
            },
            "review": {
                "rating": 5,
                "title": "Cực kì hài lòng",
                "content": "Chấm cho Tiki 10/10 nhưng chấm cho sách chỉ 3/5 thôi, chắc là vì không hợp văn phong của tác giả này. Nghe đồn Han Kang có 2 quyển khác được xb ở Việt Nam được đánh giá cũng không tệ lắm nên nếu 2q đó giảm chắc mịn cũng sẽ tìm đọc thử."
            }
        },
        {
            "reviewer": {
                "name": "Nguyen Thi Hong Nhung",
                "date": "Đã tham gia 9 năm",
                "reviewCount": "237 Đánh giá",
                "likedCount": "2 Lượt cảm ơn"
            },
            "review": {
                "rating": 5,
                "title": "Cực kì hài lòng",
                "content": "Shop đóng gói cẩn thận và giao nhanh. Sẽ tiếp tục ủng hộ shop ah."
            }
        },
        {
            "reviewer": {
                "name": "Dũng Trần Ngọc",
                "date": "Đã tham gia 6 năm",
                "reviewCount": "202 Đánh giá",
                "likedCount": "11 Lượt cảm ơn"
            },
            "review": {
                "rating": 5,
                "title": "Cực kì hài lòng",
                "content": "Đầy cảm xúc"
            }
        },
        {
            "reviewer": {
                "name": "Anh Kiệt",
                "date": "Đã tham gia 4 năm",
                "reviewCount": "17 Đánh giá",
                "likedCount": "21 Lượt cảm ơn"
            },
            "review": {
                "rating": 5,
                "title": "Cực kì hài lòng",
                "content": "#MeTiki #ReviewThang6 #Sach\nnickname: chatonn\n\n? Trải nghiệm mua sách tại Tiki ?\n\nNhân một ngày nắng đẹp, mình quyết định đặt mấy quyển sách cho khoay khoả tâm hồn. Từ hồi biết đến Tiki thì mỗi tháng vẫn hay mua sách ở đây, 23/6 mình lân la đặt 2 quyển sách ở Fahasa trong Tiki. Mình còn được áp dụng mã giảm giá 50% nên giá thanh toán rất hời luôn ạ.\n\n? Về chất lượng dịch vụ :\n\n      Mình đặt từ 23/6 nhưng đến 27/6 mình mới nhận được. Có lẽ do dịch bệnh nên việc giao cũng hơi lâu nhưng đổi lại gói hàng nhận được rất chỉn chu luôn ạ. Bên Fahasa của Tiki lần nào cũng có miềng xốp chống sốc cho sách. Không lo sách bị cong hay rách giấy. Mình rất ưng khâu đóng gói của Tiki luôn ạ. Nhân viên tư vấn giải đáp thắc mắc siêu tận tình, còn anh shipper thì siêu thân thiện luôn ạ.\n\n? Về sản phẩm:\n\n     Mình nhận được đủ 2 quyển sách, không bị méo mó hay rách gì luôn ạ. Mình không phải đắn đo lo sách giả luôn, bên Tiki luôn là hàng thật nên cũng yên tâm lắm.Nói chung là đó giờ chưa bao giờ Tiki làm mình thất vọng luôn ạ. Giá thì quá rẻ luôn nên đáng đồng tiền, do mình dùng coupon giảm 50% đó ạ. Rất là vui luôn.\n\n? Về trải nghiệm thực tế:\n\n   Sách đợt này mua về mình mới mở ra, giấy thơm lắm. Nội dung thì thấy mấy bạn đánh giá trên Tiki tốt nên cũng oke lắm. Mình sẽ đọc ngay và liền luôn. Khỏi phải bàn cãi, lần nào mua sách, mình cũng wow lên vì sướng, sách đẹp vô bờ, hehe.\n\n? Chấm điểm:\n\nVề dịch vụ: 10/10 ( dù giao hàng hơn trễ nhưng chất lượng oke nên cho 10 luôn ạ ?)\n\nVề sản phẩm: 10/10 ( có ? điểm mình cho luôn ? )"
            }
        },
        {
            "reviewer": {
                "name": "minh ngoc",
                "date": "Đã tham gia 3 năm",
                "reviewCount": "37 Đánh giá",
                "likedCount": "0 Lượt cảm ơn"
            },
            "review": {
                "rating": 5,
                "title": "Cực kì hài lòng",
                "content": "Giao hàng rất nhanh, đóng gói kỹ, sách mới\r\nRất ưng luôn"
            }
        },
        {
            "reviewer": {
                "name": "Hương Yeon",
                "date": "Đã tham gia 4 năm",
                "reviewCount": "51 Đánh giá",
                "likedCount": "17 Lượt cảm ơn"
            },
            "review": {
                "rating": 5,
                "title": "Cực kì hài lòng",
                "content": ""
            }
        },
        {
            "reviewer": {
                "name": "Quynh Duong",
                "date": "Đã tham gia 3 năm",
                "reviewCount": "1 Đánh giá",
                "likedCount": "0 Lượt cảm ơn"
            },
            "review": {
                "rating": 5,
                "title": "Cực kì hài lòng",
                "content": ""
            }
        },
        {
            "reviewer": {
                "name": "Ngân Nguyễn",
                "date": "Đã tham gia 10 năm",
                "reviewCount": "79 Đánh giá",
                "likedCount": "6 Lượt cảm ơn"
            },
            "review": {
                "rating": 5,
                "title": "Cực kì hài lòng",
                "content": ""
            }
        },
        {
            "reviewer": {
                "name": "La Thảo",
                "date": "Đã tham gia 6 năm",
                "reviewCount": "5 Đánh giá",
                "likedCount": "0 Lượt cảm ơn"
            },
            "review": {
                "rating": 5,
                "title": "Cực kì hài lòng",
                "content": ""
            }
        },
        {
            "reviewer": {
                "name": "Quan Huỳnh Như Thủy",
                "date": "Đã tham gia 10 năm",
                "reviewCount": "72 Đánh giá",
                "likedCount": "0 Lượt cảm ơn"
            },
            "review": {
                "rating": 5,
                "title": "Cực kì hài lòng",
                "content": ""
            }
        },
        {
            "reviewer": {
                "name": "MinhThi Nguyen",
                "date": "Đã tham gia 9 năm",
                "reviewCount": "45 Đánh giá",
                "likedCount": "12 Lượt cảm ơn"
            },
            "review": {
                "rating": 5,
                "title": "Cực kì hài lòng",
                "content": ""
            }
        },
        {
            "reviewer": {
                "name": "Hoang Van Gia Toan",
                "date": "Đã tham gia 4 năm",
                "reviewCount": "43 Đánh giá",
                "likedCount": "10 Lượt cảm ơn"
            },
            "review": {
                "rating": 5,
                "title": "Cực kì hài lòng",
                "content": ""
            }
        },
        {
            "reviewer": {
                "name": "Nguyên Lê",
                "date": "Đã tham gia 7 năm",
                "reviewCount": "128 Đánh giá",
                "likedCount": "11 Lượt cảm ơn"
            },
            "review": {
                "rating": 5,
                "title": "Cực kì hài lòng",
                "content": ""
            }
        },
        {
            "reviewer": {
                "name": "Vu Du",
                "date": "Đã tham gia 5 năm",
                "reviewCount": "114 Đánh giá",
                "likedCount": "0 Lượt cảm ơn"
            },
            "review": {
                "rating": 5,
                "title": "Cực kì hài lòng",
                "content": ""
            }
        },
        {
            "reviewer": {
                "name": "Minh Anh",
                "date": "Đã tham gia 3 năm",
                "reviewCount": "5 Đánh giá",
                "likedCount": "0 Lượt cảm ơn"
            },
            "review": {
                "rating": 5,
                "title": "Cực kì hài lòng",
                "content": ""
            }
        },
        {
            "reviewer": {
                "name": "hait huy",
                "date": "Đã tham gia 10 năm",
                "reviewCount": "871 Đánh giá",
                "likedCount": "18 Lượt cảm ơn"
            },
            "review": {
                "rating": 5,
                "title": "Cực kì hài lòng",
                "content": "Tiki giao hàng nhanh"
            }
        },
        {
            "reviewer": {
                "name": "nguyen trang",
                "date": "Đã tham gia 3 năm",
                "reviewCount": "18 Đánh giá",
                "likedCount": "0 Lượt cảm ơn"
            },
            "review": {
                "rating": 5,
                "title": "Cực kì hài lòng",
                "content": "sách hay, không bị móp méo, nên mua"
            }
        },
        {
            "reviewer": {
                "name": "Hồng Ngọc",
                "date": "Đã tham gia 6 năm",
                "reviewCount": "8 Đánh giá",
                "likedCount": "0 Lượt cảm ơn"
            },
            "review": {
                "rating": 5,
                "title": "Cực kì hài lòng",
                "content": "lần nào mua sách của Tiki cũng ok. lần này còn giao nhanh hơn dự kiến"
            }
        },
        {
            "reviewer": {
                "name": "Nguyễn Dũng",
                "date": "Đã tham gia 5 năm",
                "reviewCount": "7 Đánh giá",
                "likedCount": "0 Lượt cảm ơn"
            },
            "review": {
                "rating": 5,
                "title": "Cực kì hài lòng",
                "content": "Gửi siêu nhanh"
            }
        },
        {
            "reviewer": {
                "name": "Phú Nguyễn",
                "date": "Đã tham gia 6 năm",
                "reviewCount": "23 Đánh giá",
                "likedCount": "0 Lượt cảm ơn"
            },
            "review": {
                "rating": 5,
                "title": "Cực kì hài lòng",
                "content": ""
            }
        },
        {
            "reviewer": {
                "name": "Phạm Đoàn",
                "date": "Đã tham gia 3 năm",
                "reviewCount": "23 Đánh giá",
                "likedCount": "0 Lượt cảm ơn"
            },
            "review": {
                "rating": 5,
                "title": "Cực kì hài lòng",
                "content": ""
            }
        },
        {
            "reviewer": {
                "name": "h daisy",
                "date": "Đã tham gia 6 năm",
                "reviewCount": "10 Đánh giá",
                "likedCount": "0 Lượt cảm ơn"
            },
            "review": {
                "rating": 5,
                "title": "Cực kì hài lòng",
                "content": ""
            }
        },
        {
            "reviewer": {
                "name": "Gia Tuệ",
                "date": "Đã tham gia 2 năm",
                "reviewCount": "4 Đánh giá",
                "likedCount": "0 Lượt cảm ơn"
            },
            "review": {
                "rating": 5,
                "title": "Cực kì hài lòng",
                "content": ""
            }
        },
        {
            "reviewer": {
                "name": "Thành Nhân Nguyễn Phan",
                "date": "Đã tham gia 7 năm",
                "reviewCount": "356 Đánh giá",
                "likedCount": "3 Lượt cảm ơn"
            },
            "review": {
                "rating": 5,
                "title": "Cực kì hài lòng",
                "content": ""
            }
        },
        {
            "reviewer": {
                "name": "Khánh Huyền",
                "date": "Đã tham gia 3 năm",
                "reviewCount": "9 Đánh giá",
                "likedCount": "0 Lượt cảm ơn"
            },
            "review": {
                "rating": 5,
                "title": "Cực kì hài lòng",
                "content": ""
            }
        },
        {
            "reviewer": {
                "name": "Nguyễn Phương Dung",
                "date": "Đã tham gia 5 năm",
                "reviewCount": "8 Đánh giá",
                "likedCount": "0 Lượt cảm ơn"
            },
            "review": {
                "rating": 5,
                "title": "Cực kì hài lòng",
                "content": ""
            }
        },
        {
            "reviewer": {
                "name": "Nhật Linh",
                "date": "Đã tham gia 3 năm",
                "reviewCount": "190 Đánh giá",
                "likedCount": "5 Lượt cảm ơn"
            },
            "review": {
                "rating": 5,
                "title": "Cực kì hài lòng",
                "content": "sách hay"
            }
        },
        {
            "reviewer": {
                "name": "Lý Trương Thanh Quế",
                "date": "Đã tham gia 12 năm",
                "reviewCount": "37 Đánh giá",
                "likedCount": "1 Lượt cảm ơn"
            },
            "review": {
                "rating": 5,
                "title": "Cực kì hài lòng",
                "content": ""
            }
        },
        {
            "reviewer": {
                "name": "Hoang Mai",
                "date": "Đã tham gia 13 năm",
                "reviewCount": "30 Đánh giá",
                "likedCount": "1 Lượt cảm ơn"
            },
            "review": {
                "rating": 5,
                "title": "Cực kì hài lòng",
                "content": "Sách hay"
            }
        },
        {
            "reviewer": {
                "name": "Nguyen Hanh Nguyen",
                "date": "Đã tham gia 9 năm",
                "reviewCount": "38 Đánh giá",
                "likedCount": "1 Lượt cảm ơn"
            },
            "review": {
                "rating": 5,
                "title": "Cực kì hài lòng",
                "content": ""
            }
        },
        {
            "reviewer": {
                "name": "Trần Khánh Quỳnh",
                "date": "Đã tham gia 9 năm",
                "reviewCount": "19 Đánh giá",
                "likedCount": "1 Lượt cảm ơn"
            },
            "review": {
                "rating": 5,
                "title": "Cực kì hài lòng",
                "content": "Sách rất xinh và hay ạ"
            }
        },
        {
            "reviewer": {
                "name": "Thu Hiền",
                "date": "Đã tham gia 3 năm",
                "reviewCount": "2 Đánh giá",
                "likedCount": "0 Lượt cảm ơn"
            },
            "review": {
                "rating": 5,
                "title": "Cực kì hài lòng",
                "content": ""
            }
        },
        {
            "reviewer": {
                "name": "Thao My Le Tran",
                "date": "Đã tham gia 5 năm",
                "reviewCount": "15 Đánh giá",
                "likedCount": "0 Lượt cảm ơn"
            },
            "review": {
                "rating": 5,
                "title": "Cực kì hài lòng",
                "content": ""
            }
        },
        {
            "reviewer": {
                "name": "Phuong Linh",
                "date": "Đã tham gia 3 năm",
                "reviewCount": "6 Đánh giá",
                "likedCount": "0 Lượt cảm ơn"
            },
            "review": {
                "rating": 5,
                "title": "Cực kì hài lòng",
                "content": ""
            }
        },
        {
            "reviewer": {
                "name": "Đặng Ngọc Bảo Trân",
                "date": "Đã tham gia 4 năm",
                "reviewCount": "336 Đánh giá",
                "likedCount": "1 Lượt cảm ơn"
            },
            "review": {
                "rating": 5,
                "title": "Cực kì hài lòng",
                "content": ""
            }
        },
        {
            "reviewer": {
                "name": "Phương Hà",
                "date": "Đã tham gia 9 năm",
                "reviewCount": "43 Đánh giá",
                "likedCount": "0 Lượt cảm ơn"
            },
            "review": {
                "rating": 5,
                "title": "Cực kì hài lòng",
                "content": ""
            }
        },
        {
            "reviewer": {
                "name": "Victoria Vũ",
                "date": "Đã tham gia 6 năm",
                "reviewCount": "10 Đánh giá",
                "likedCount": "0 Lượt cảm ơn"
            },
            "review": {
                "rating": 5,
                "title": "Cực kì hài lòng",
                "content": ""
            }
        },
        {
            "reviewer": {
                "name": "Nguyễn Thị Ngân HÀ",
                "date": "Đã tham gia 7 năm",
                "reviewCount": "7 Đánh giá",
                "likedCount": "0 Lượt cảm ơn"
            },
            "review": {
                "rating": 5,
                "title": "Cực kì hài lòng",
                "content": ""
            }
        },
        {
            "reviewer": {
                "name": "Trần Thị Ái Nghĩa",
                "date": "Đã tham gia 6 năm",
                "reviewCount": "3 Đánh giá",
                "likedCount": "0 Lượt cảm ơn"
            },
            "review": {
                "rating": 5,
                "title": "Cực kì hài lòng",
                "content": ""
            }
        },
        {
            "reviewer": {
                "name": "Nguyễn Công Khanh",
                "date": "Đã tham gia 8 năm",
                "reviewCount": "444 Đánh giá",
                "likedCount": "276 Lượt cảm ơn"
            },
            "review": {
                "rating": 5,
                "title": "Cực kì hài lòng",
                "content": ""
            }
        },
        {
            "reviewer": {
                "name": "Phương Quyên",
                "date": "Đã tham gia 6 năm",
                "reviewCount": "7 Đánh giá",
                "likedCount": "0 Lượt cảm ơn"
            },
            "review": {
                "rating": 5,
                "title": "Cực kì hài lòng",
                "content": ""
            }
        },
        {
            "reviewer": {
                "name": "Phan Ngọc Linh Hằng",
                "date": "Đã tham gia 8 năm",
                "reviewCount": "125 Đánh giá",
                "likedCount": "2 Lượt cảm ơn"
            },
            "review": {
                "rating": 5,
                "title": "Cực kì hài lòng",
                "content": ""
            }
        },
        {
            "reviewer": {
                "name": "Bảo Châu",
                "date": "Đã tham gia 3 năm",
                "reviewCount": "4 Đánh giá",
                "likedCount": "0 Lượt cảm ơn"
            },
            "review": {
                "rating": 5,
                "title": "Cực kì hài lòng",
                "content": ""
            }
        },
        {
            "reviewer": {
                "name": "ma chi",
                "date": "Đã tham gia 5 năm",
                "reviewCount": "234 Đánh giá",
                "likedCount": "3 Lượt cảm ơn"
            },
            "review": {
                "rating": 5,
                "title": "Cực kì hài lòng",
                "content": ""
            }
        },
        {
            "reviewer": {
                "name": "Thương Nguyễn",
                "date": "Đã tham gia 4 năm",
                "reviewCount": "20 Đánh giá",
                "likedCount": "4 Lượt cảm ơn"
            },
            "review": {
                "rating": 5,
                "title": "Cực kì hài lòng",
                "content": ""
            }
        },
        {
            "reviewer": {
                "name": "Nhung Nguyen",
                "date": "Đã tham gia 5 năm",
                "reviewCount": "3 Đánh giá",
                "likedCount": "0 Lượt cảm ơn"
            },
            "review": {
                "rating": 5,
                "title": "Cực kì hài lòng",
                "content": ""
            }
        },
        {
            "reviewer": {
                "name": "Duc Thai Pham",
                "date": "Đã tham gia 9 năm",
                "reviewCount": "85 Đánh giá",
                "likedCount": "3 Lượt cảm ơn"
            },
            "review": {
                "rating": 5,
                "title": "Cực kì hài lòng",
                "content": ""
            }
        },
        {
            "reviewer": {
                "name": "Phan Nguyễn Mai Trang",
                "date": "Đã tham gia 11 năm",
                "reviewCount": "335 Đánh giá",
                "likedCount": "15 Lượt cảm ơn"
            },
            "review": {
                "rating": 5,
                "title": "Cực kì hài lòng",
                "content": ""
            }
        },
        {
            "reviewer": {
                "name": "Lê Nhật Huy",
                "date": "Đã tham gia 6 năm",
                "reviewCount": "13 Đánh giá",
                "likedCount": "0 Lượt cảm ơn"
            },
            "review": {
                "rating": 5,
                "title": "Cực kì hài lòng",
                "content": ""
            }
        },
        {
            "reviewer": {
                "name": "Trần Thị Thuỳ Linh",
                "date": "Đã tham gia 7 năm",
                "reviewCount": "7 Đánh giá",
                "likedCount": "0 Lượt cảm ơn"
            },
            "review": {
                "rating": 5,
                "title": "Cực kì hài lòng",
                "content": ""
            }
        },
        {
            "reviewer": {
                "name": "Phạm Anh",
                "date": "Đã tham gia 12 năm",
                "reviewCount": "114 Đánh giá",
                "likedCount": "1 Lượt cảm ơn"
            },
            "review": {
                "rating": 5,
                "title": "Cực kì hài lòng",
                "content": ""
            }
        },
        {
            "reviewer": {
                "name": "Nguyễn Trọng Nghĩa",
                "date": "Đã tham gia 11 năm",
                "reviewCount": "3 Đánh giá",
                "likedCount": "0 Lượt cảm ơn"
            },
            "review": {
                "rating": 5,
                "title": "Cực kì hài lòng",
                "content": ""
            }
        },
        {
            "reviewer": {
                "name": "Nguyễn Hạnh",
                "date": "Đã tham gia 13 năm",
                "reviewCount": "26 Đánh giá",
                "likedCount": "2 Lượt cảm ơn"
            },
            "review": {
                "rating": 5,
                "title": "Cực kì hài lòng",
                "content": ""
            }
        },
        {
            "reviewer": {
                "name": "Trần Lê Hương Ly",
                "date": "Đã tham gia 5 năm",
                "reviewCount": "71 Đánh giá",
                "likedCount": "9 Lượt cảm ơn"
            },
            "review": {
                "rating": 5,
                "title": "Cực kì hài lòng",
                "content": ""
            }
        },
        {
            "reviewer": {
                "name": "huỳnh đắc thọ",
                "date": "Đã tham gia 12 năm",
                "reviewCount": "25 Đánh giá",
                "likedCount": "4 Lượt cảm ơn"
            },
            "review": {
                "rating": 5,
                "title": "Cực kì hài lòng",
                "content": ""
            }
        },
        {
            "reviewer": {
                "name": "Đặng Đình Khánh",
                "date": "Đã tham gia 8 năm",
                "reviewCount": "69 Đánh giá",
                "likedCount": "5 Lượt cảm ơn"
            },
            "review": {
                "rating": 5,
                "title": "Cực kì hài lòng",
                "content": ""
            }
        },
        {
            "reviewer": {
                "name": "Dinh Khánh Linh",
                "date": "Đã tham gia 10 năm",
                "reviewCount": "72 Đánh giá",
                "likedCount": "1 Lượt cảm ơn"
            },
            "review": {
                "rating": 5,
                "title": "Cực kì hài lòng",
                "content": ""
            }
        },
        {
            "reviewer": {
                "name": "Trà Minh",
                "date": "Đã tham gia 4 năm",
                "reviewCount": "6 Đánh giá",
                "likedCount": "0 Lượt cảm ơn"
            },
            "review": {
                "rating": 4,
                "title": "Hài lòng",
                "content": "sách hay (nhưng mà vài chỗ mực in mờ 🥲 sách bị bẩn xíu, bìa xước, giấy nhiều trang bị nhăn nhẹ 👁️👄👁️) chất giấy dày dặn ok, đã khóc vì khuyết điểm"
            }
        },
        {
            "reviewer": {
                "name": "Doãn Long",
                "date": "Đã tham gia 8 năm",
                "reviewCount": "62 Đánh giá",
                "likedCount": "0 Lượt cảm ơn"
            },
            "review": {
                "rating": 4,
                "title": "Hài lòng",
                "content": "Sách đẹp, nội dung hấp dẫn, cuốn hút."
            }
        },
        {
            "reviewer": {
                "name": "This Is Never That",
                "date": "Đã tham gia 6 năm",
                "reviewCount": "28 Đánh giá",
                "likedCount": "12 Lượt cảm ơn"
            },
            "review": {
                "rating": 3,
                "title": "Bình thường",
                "content": "Sách bị quăn bìa trong. Nội dung chưa đọc nên chưa review được"
            }
        },
        {
            "reviewer": {
                "name": "Đỗ thị thúy bình",
                "date": "Đã tham gia 9 năm",
                "reviewCount": "91 Đánh giá",
                "likedCount": "13 Lượt cảm ơn"
            },
            "review": {
                "rating": 4,
                "title": "Hài lòng",
                "content": "Một quyển tiểu thuyết chưa đầy 100 trang nhưng đầy trăn trở. Từng mảng màu trắng được vẽ nên."
            }
        },
        {
            "reviewer": {
                "name": "Trần Thị Diễm Hằng",
                "date": "Đã tham gia 1 năm",
                "reviewCount": "9 Đánh giá",
                "likedCount": "0 Lượt cảm ơn"
            },
            "review": {
                "rating": 4,
                "title": "Hài lòng",
                "content": "Sách tốt"
            }
        },
        {
            "reviewer": {
                "name": "Luận Vo",
                "date": "Đã tham gia 5 năm",
                "reviewCount": "28 Đánh giá",
                "likedCount": "6 Lượt cảm ơn"
            },
            "review": {
                "rating": 4,
                "title": "Hài lòng",
                "content": "Vận chuyển làm móp sách, rất buồn luôn."
            }
        },
        {
            "reviewer": {
                "name": "Quang Phou",
                "date": "Đã tham gia 5 năm",
                "reviewCount": "10 Đánh giá",
                "likedCount": "0 Lượt cảm ơn"
            },
            "review": {
                "rating": 4,
                "title": "Hài lòng",
                "content": ""
            }
        },
        {
            "reviewer": {
                "name": "Nguyen Minh Ngoc",
                "date": "Đã tham gia 6 năm",
                "reviewCount": "1195 Đánh giá",
                "likedCount": "5 Lượt cảm ơn"
            },
            "review": {
                "rating": 4,
                "title": "Hài lòng",
                "content": ""
            }
        },
        {
            "reviewer": {
                "name": "Nguyễn Hoàng Thiên Vân",
                "date": "Đã tham gia 4 năm",
                "reviewCount": "38 Đánh giá",
                "likedCount": "0 Lượt cảm ơn"
            },
            "review": {
                "rating": 4,
                "title": "Hài lòng",
                "content": ""
            }
        },
        {
            "reviewer": {
                "name": "Đoàn Hồng Ngọc",
                "date": "Đã tham gia 6 năm",
                "reviewCount": "5 Đánh giá",
                "likedCount": "0 Lượt cảm ơn"
            },
            "review": {
                "rating": 4,
                "title": "Hài lòng",
                "content": ""
            }
        },
        {
            "reviewer": {
                "name": "Nguyễn Hải Việt",
                "date": "Đã tham gia 9 năm",
                "reviewCount": "1 Đánh giá",
                "likedCount": "0 Lượt cảm ơn"
            },
            "review": {
                "rating": 4,
                "title": "Hài lòng",
                "content": ""
            }
        },
        {
            "reviewer": {
                "name": "Vũ Mai Anh",
                "date": "Đã tham gia 11 năm",
                "reviewCount": "100 Đánh giá",
                "likedCount": "1 Lượt cảm ơn"
            },
            "review": {
                "rating": 4,
                "title": "Hài lòng",
                "content": ""
            }
        },
        {
            "reviewer": {
                "name": "Thùy Dương",
                "date": "Đã tham gia 13 năm",
                "reviewCount": "9 Đánh giá",
                "likedCount": "0 Lượt cảm ơn"
            },
            "review": {
                "rating": 4,
                "title": "Hài lòng",
                "content": ""
            }
        }
    ]
}