{
    "url": "https://tiki.vn/ganh-ganh-gong-gong-xuan-phuong-hoi-ky-p207035097.html?spid=207035099",
    "info": {
        "title": "Gánh gánh… gồng gồng… (Xuân Phượng hồi ký)",
        "author": "Nguyễn Thị Xuân Phượng",
        "imageUrl": "https://salt.tikicdn.com/cache/750x750/ts/product/82/8b/de/cde6921ad095b073e31433b8f77efc6d.jpg.webp",
        "soldQuantity": 1000,
        "currentPrice": 126000,
        "originalPrice": 160000
    },
    "details": {
        "bookVersion": "Phiên bản thường",
        "publisher": "NXB Tổng hợp TP.HCM",
        "publishDate": "2022-01-01 00:00:00",
        "dimensions": "16 x 24 cm",
        "coverType": "Bìa mềm",
        "pageCount": "307",
        "publishingHouse": "Nhà Xuất Bản Tổng hợp TP.HCM"
    },
    "description": "Gánh gánh… gồng gồng…\n“Mình bị hút hồn bởi bìa của cuốn sách này. Đây là một phần tác phẩm \"Đường về\" của họa sĩ Trương Đình Hào sáng tác năm 1991. Hình ảnh ấn tượng nhất: mẹ Phượng một mình gánh hai con nhỏ từ Phú Thọ về Hà Nội. Có thể nói, đây là một tác phẩm lạ. Ngoài chiếc bìa trích từ một bức họa, đây còn là hồi ký của một nữ trí thức được thực hiện ở tuổi 92. Cuộc đời của tác giả cũng vô cùng đặc biệt, mình chưa từng được nghe kể hay đọc thấy những số phận tương tự ở bất cứ đâu trên sách vở, báo đài. Có lẽ là có những con người như thế nhưng người trẻ như mình chưa được tiếp cận nhiều. Nói một cách ngắn gọn: Xuân Phượng - con người đứng giữa những lằn ranh.\nCuốn hồi ký thực sự để lại ấn tượng vô cùng mạnh mẽ đối với cá nhân mình. Lời tự sự nhẹ nhàng về những trải nghiệm phong phú, với nhiều lát cắt lịch sử, đã cho mình những điều sâu sắc rất dangd ngẫm nghĩ về cuộc đời. Cuốn sách này dễ đọc hơn mình tưởng và có lẽ là chiếc gạch nối, phù hợp cho mọi đối tượng độc giả, dù là người ở bên này hay bên kia chiến tuyến trong quá khứ, bên này hay bên kia thế giới ở hiện tại, và ở bên này hay bên kia \"đòn gánh\". Không có ai là người chiến thắng hay kẻ thua cuộc, không có ai là hoàn toàn hạnh phúc hay khổ đau.\nMột trong những đoạn mình thích nhất, cũng phần nào nói lên giá trị nhân văn của tác phẩm: \"Tối đó, trong địa đạo mịt mùng, Marceline vặn máy ghi âm. Trong bóng đêm vang lên tiếng trẻ em đọc bài, tiếng cười nói, tiếng bom nổ, một tiếng gà gáy. Ivens bảo: \"Đoạn này không cần dịch ra tiếng Pháp. Bất kì một con người nào trên thế giới có chút lương tri đều sẽ hiể”. (Trịnh Thị Hiền Phương)\nGiá sản phẩm trên Tiki đã bao gồm thuế theo luật hiện hành. Bên cạnh đó, tuỳ vào loại sản phẩm, hình thức và địa chỉ giao hàng mà có thể phát sinh thêm chi phí khác như phí vận chuyển, phụ phí hàng cồng kềnh, thuế nhập khẩu (đối với đơn hàng giao từ nước ngoài có giá trị trên 1 triệu đồng).....",
    "rating": {
        "totalRating": 4.9,
        "numberOfRating": 77
    },
    "reviews": [
        {
            "reviewer": {
                "name": "PHẠM THỊ THANH TÂM",
                "date": "Đã tham gia 6 năm",
                "reviewCount": "38 Đánh giá",
                "likedCount": "1 Lượt cảm ơn"
            },
            "review": {
                "rating": 5,
                "title": "Cực kì hài lòng",
                "content": "Quá tuyệt vời cho một cuốn hồi ký! Tất cả những năm tháng chiến tranh kéo dài được tái hiện chân thực qua những hồi tưởng, trải nghiệm của tác giả! Thật lắm! Chạm lắm! Nhiều đoạn đọc mà rơi nước mắt! Cảm phục sự hi sinh, sự dám từ bỏ cái dễ dàng, sung sướng cho bản thân để cống hiến tài năng và tuổi trẻ cho sự nghiệp của dân tộc, của đất nước. Một người phụ nữ vĩ đại! \r\nNgưỡng mộ cụ lắm lắm!"
            }
        },
        {
            "reviewer": {
                "name": "Pham Quynh Trang",
                "date": "Đã tham gia 9 năm",
                "reviewCount": "17 Đánh giá",
                "likedCount": "6 Lượt cảm ơn"
            },
            "review": {
                "rating": 5,
                "title": "Cực kì hài lòng",
                "content": "Cuốn sách kể câu chuyện chân thực về bà Xuân Phượng - một người phụ nữ phi thường đã thoát ly đi cách mạng từ năm 16 tuổi cho đến hiện tại. Đọc sách để hiểu thêm về hoàn cảnh lịch sử, tình hình dân tộc, số phận của mỗi cá nhân trong một thời kỳ lịch sử bước ngoặt. Văn phong giản dị, gần gũi mà cuốn hút."
            }
        },
        {
            "reviewer": {
                "name": "Đoàn thị Huyền",
                "date": "Đã tham gia 1 năm",
                "reviewCount": "1 Đánh giá",
                "likedCount": "0 Lượt cảm ơn"
            },
            "review": {
                "rating": 5,
                "title": "Cực kì hài lòng",
                "content": "Sách là 1 cuốn hồi ký hay, lối kể chuyện mộc mạc nhưng đầy cuốn hút. 1 ng phụ nữ kiên cường nhưng lại giàu nghệ thuật điện ảnh. Đọc sách và nghe thêm phỏng vấn của bà trên Vietcetara thì tuyệt hơn nữa"
            }
        },
        {
            "reviewer": {
                "name": "Lê Thu Ánh",
                "date": "Đã tham gia 5 năm",
                "reviewCount": "18 Đánh giá",
                "likedCount": "0 Lượt cảm ơn"
            },
            "review": {
                "rating": 5,
                "title": "Cực kì hài lòng",
                "content": "Mình mới đọc được mấy chương đầu nhưng thực sự rất cuốn hút. Cuộc đời bà nhiều thăng trầm nhưng qua cách kể của bà lại rất nhẹ nhàng. Mình tìm thấy sự yêu đời, lạc quan và bình tĩnh trong cách sống của bà."
            }
        },
        {
            "reviewer": {
                "name": "Vũ Thị Thanh Thu",
                "date": "Đã tham gia 5 năm",
                "reviewCount": "33 Đánh giá",
                "likedCount": "4 Lượt cảm ơn"
            },
            "review": {
                "rating": 5,
                "title": "Cực kì hài lòng",
                "content": "Sách 5 sao lunnnn mọi người ơi. Cuốn sách này khiến mình bị lôi cuốn theo đạo cả ngày lẫn đêm, và thật sự cuốn sách vô cùng xúc động. Một cuốn sách rất hay và ý nghĩa cho bạn nào thích sách về chủ đề nữ quyền hoặc phụ nữ."
            }
        },
        {
            "reviewer": {
                "name": "Nguyễn Bảo Huy",
                "date": "Đã tham gia 1 năm",
                "reviewCount": "2 Đánh giá",
                "likedCount": "0 Lượt cảm ơn"
            },
            "review": {
                "rating": 5,
                "title": "Cực kì hài lòng",
                "content": "Mình được cô giới thiệu khi trải lòng về việc sẽ tự viết cho đời mình một quyển sách, thật sự tâm đắc!"
            }
        },
        {
            "reviewer": {
                "name": "Ha Pham",
                "date": "Đã tham gia 7 năm",
                "reviewCount": "1 Đánh giá",
                "likedCount": "1 Lượt cảm ơn"
            },
            "review": {
                "rating": 5,
                "title": "Cực kì hài lòng",
                "content": "Sách đẹp lắm ạ, giấy dày, hình in sắc nét. Tiki hỏa tốc nên trong buổi sáng là nhận được luôn. Mình sẽ tiếp tục ủng hộ Tiki nhé ~"
            }
        },
        {
            "reviewer": {
                "name": "PHAN THANH LUAN",
                "date": "Đã tham gia 11 năm",
                "reviewCount": "42 Đánh giá",
                "likedCount": "2 Lượt cảm ơn"
            },
            "review": {
                "rating": 5,
                "title": "Cực kì hài lòng",
                "content": "Nội dung hay đúng là người đàn bà thép,   thần tưong cô Xuân Phượng luôn"
            }
        },
        {
            "reviewer": {
                "name": "hạnh nina",
                "date": "Đã tham gia 7 năm",
                "reviewCount": "42 Đánh giá",
                "likedCount": "1 Lượt cảm ơn"
            },
            "review": {
                "rating": 5,
                "title": "Cực kì hài lòng",
                "content": "Sách hay. Sống động. Sâu sắc... ngôn ngữ của mình không diễn tả hết cảm nhận. Mình mua tặng mọi người xung quanh khá nhiều"
            }
        },
        {
            "reviewer": {
                "name": "Quỳnh Lê",
                "date": "Đã tham gia 3 tháng",
                "reviewCount": "4 Đánh giá",
                "likedCount": "0 Lượt cảm ơn"
            },
            "review": {
                "rating": 5,
                "title": "Cực kì hài lòng",
                "content": "Đọc hay lắm, cảm động nữa ạ\r\nKhông từ ngữ nào có thể diễn tả hết cảm xúc khi đọc xong cuốn tự truyện này"
            }
        },
        {
            "reviewer": {
                "name": "Thanh Vân",
                "date": "Đã tham gia 6 năm",
                "reviewCount": "29 Đánh giá",
                "likedCount": "5 Lượt cảm ơn"
            },
            "review": {
                "rating": 5,
                "title": "Cực kì hài lòng",
                "content": "Sách hay,đọc rất xúc động. Các bạn trẻ nên đọc để hiểu thêm về lịch sử, về cách sống cho tương lai."
            }
        },
        {
            "reviewer": {
                "name": "lê hằng",
                "date": "Đã tham gia 10 năm",
                "reviewCount": "1 Đánh giá",
                "likedCount": "1 Lượt cảm ơn"
            },
            "review": {
                "rating": 5,
                "title": "Cực kì hài lòng",
                "content": "Một cuốn sách quá hay và đáng đọc, văn phong hài hước, thu hút, giản dị, thông tin cô đọng. Một cuốn sách nhiều cảm xúc và trải nghiệm"
            }
        },
        {
            "reviewer": {
                "name": "Tram Huynh",
                "date": "Đã tham gia 3 năm",
                "reviewCount": "7 Đánh giá",
                "likedCount": "1 Lượt cảm ơn"
            },
            "review": {
                "rating": 5,
                "title": "Cực kì hài lòng",
                "content": "Trình bày và bố cục đẹp. Giao hàng nha"
            }
        },
        {
            "reviewer": {
                "name": "khánh trần",
                "date": "Đã tham gia 8 năm",
                "reviewCount": "5 Đánh giá",
                "likedCount": "0 Lượt cảm ơn"
            },
            "review": {
                "rating": 5,
                "title": "Cực kì hài lòng",
                "content": "Sách hồi ký rất hay và cho người đọc nhiều thực tế về giai đoạn lịch sử"
            }
        },
        {
            "reviewer": {
                "name": "Tra Huynh",
                "date": "Đã tham gia 3 năm",
                "reviewCount": "17 Đánh giá",
                "likedCount": "0 Lượt cảm ơn"
            },
            "review": {
                "rating": 5,
                "title": "Cực kì hài lòng",
                "content": "Sách hay, ý nghĩa"
            }
        },
        {
            "reviewer": {
                "name": "Phan Thị Ngọc Thảo",
                "date": "Đã tham gia 12 năm",
                "reviewCount": "30 Đánh giá",
                "likedCount": "6 Lượt cảm ơn"
            },
            "review": {
                "rating": 5,
                "title": "Cực kì hài lòng",
                "content": "Sách giao nguyên vẹn, chất lượng giấy rất tốt."
            }
        },
        {
            "reviewer": {
                "name": "Vương Nguyễn Đại",
                "date": "Đã tham gia 6 năm",
                "reviewCount": "1 Đánh giá",
                "likedCount": "0 Lượt cảm ơn"
            },
            "review": {
                "rating": 5,
                "title": "Cực kì hài lòng",
                "content": "Một cuốn sách đáng đọc không chỉ 1 lần"
            }
        },
        {
            "reviewer": {
                "name": "Cao Thu Mây",
                "date": "Đã tham gia 6 năm",
                "reviewCount": "16 Đánh giá",
                "likedCount": "2 Lượt cảm ơn"
            },
            "review": {
                "rating": 5,
                "title": "Cực kì hài lòng",
                "content": "Gáy sách chùn vào chắc do người đóng gói cố nhét vào box😢"
            }
        },
        {
            "reviewer": {
                "name": "Ngô Thị Kiều",
                "date": "Đã tham gia 5 năm",
                "reviewCount": "2 Đánh giá",
                "likedCount": "1 Lượt cảm ơn"
            },
            "review": {
                "rating": 5,
                "title": "Cực kì hài lòng",
                "content": "Nội dung sách hay, đọc rất cuốn\r\nCâu từ lại dễ hiểu nữa"
            }
        },
        {
            "reviewer": {
                "name": "Nguyễn Thị Thanh Vy",
                "date": "Đã tham gia 6 năm",
                "reviewCount": "4 Đánh giá",
                "likedCount": "27 Lượt cảm ơn"
            },
            "review": {
                "rating": 5,
                "title": "Cực kì hài lòng",
                "content": "Quyển sách rất hay và ý nghĩa. Yêu mến bà Xuân Phượng"
            }
        },
        {
            "reviewer": {
                "name": "Ann nguyen",
                "date": "Đã tham gia 2 năm",
                "reviewCount": "2 Đánh giá",
                "likedCount": "0 Lượt cảm ơn"
            },
            "review": {
                "rating": 5,
                "title": "Cực kì hài lòng",
                "content": ""
            }
        },
        {
            "reviewer": {
                "name": "Hai Dang Vu",
                "date": "Đã tham gia 9 năm",
                "reviewCount": "1 Đánh giá",
                "likedCount": "0 Lượt cảm ơn"
            },
            "review": {
                "rating": 5,
                "title": "Cực kì hài lòng",
                "content": ""
            }
        },
        {
            "reviewer": {
                "name": "Bảo Ngọc",
                "date": "Đã tham gia 4 năm",
                "reviewCount": "15 Đánh giá",
                "likedCount": "0 Lượt cảm ơn"
            },
            "review": {
                "rating": 5,
                "title": "Cực kì hài lòng",
                "content": ""
            }
        },
        {
            "reviewer": {
                "name": "Ngô Ngọc",
                "date": "Đã tham gia 6 năm",
                "reviewCount": "8 Đánh giá",
                "likedCount": "0 Lượt cảm ơn"
            },
            "review": {
                "rating": 5,
                "title": "Cực kì hài lòng",
                "content": ""
            }
        },
        {
            "reviewer": {
                "name": "Phương Vy Nguyễn",
                "date": "Đã tham gia 9 năm",
                "reviewCount": "6 Đánh giá",
                "likedCount": "0 Lượt cảm ơn"
            },
            "review": {
                "rating": 5,
                "title": "Cực kì hài lòng",
                "content": ""
            }
        },
        {
            "reviewer": {
                "name": "Trần Thị Vân Anh",
                "date": "Đã tham gia 5 năm",
                "reviewCount": "16 Đánh giá",
                "likedCount": "2 Lượt cảm ơn"
            },
            "review": {
                "rating": 5,
                "title": "Cực kì hài lòng",
                "content": ""
            }
        },
        {
            "reviewer": {
                "name": "Nguyễn Hậu",
                "date": "Đã tham gia 6 năm",
                "reviewCount": "7 Đánh giá",
                "likedCount": "0 Lượt cảm ơn"
            },
            "review": {
                "rating": 5,
                "title": "Cực kì hài lòng",
                "content": ""
            }
        },
        {
            "reviewer": {
                "name": "havu",
                "date": "Đã tham gia 6 năm",
                "reviewCount": "2 Đánh giá",
                "likedCount": "0 Lượt cảm ơn"
            },
            "review": {
                "rating": 5,
                "title": "Cực kì hài lòng",
                "content": ""
            }
        },
        {
            "reviewer": {
                "name": "Hai Linh",
                "date": "Đã tham gia 3 năm",
                "reviewCount": "3 Đánh giá",
                "likedCount": "0 Lượt cảm ơn"
            },
            "review": {
                "rating": 5,
                "title": "Cực kì hài lòng",
                "content": ""
            }
        },
        {
            "reviewer": {
                "name": "Nguyễn Võ Lâm",
                "date": "Đã tham gia 12 năm",
                "reviewCount": "376 Đánh giá",
                "likedCount": "78 Lượt cảm ơn"
            },
            "review": {
                "rating": 5,
                "title": "Cực kì hài lòng",
                "content": "Sách nội dung hay. Đóng gói chắc. Sách mới đưpi. Vận chuyển nhanh gọn."
            }
        },
        {
            "reviewer": {
                "name": "Hung Nguyen",
                "date": "Đã tham gia 5 năm",
                "reviewCount": "38 Đánh giá",
                "likedCount": "1 Lượt cảm ơn"
            },
            "review": {
                "rating": 5,
                "title": "Cực kì hài lòng",
                "content": ""
            }
        },
        {
            "reviewer": {
                "name": "Anh Thư",
                "date": "Đã tham gia 1 năm",
                "reviewCount": "1 Đánh giá",
                "likedCount": "0 Lượt cảm ơn"
            },
            "review": {
                "rating": 5,
                "title": "Cực kì hài lòng",
                "content": ""
            }
        },
        {
            "reviewer": {
                "name": "Bá Đức",
                "date": "Đã tham gia 3 năm",
                "reviewCount": "36 Đánh giá",
                "likedCount": "0 Lượt cảm ơn"
            },
            "review": {
                "rating": 5,
                "title": "Cực kì hài lòng",
                "content": ""
            }
        },
        {
            "reviewer": {
                "name": "Nguyen Thang",
                "date": "Đã tham gia 6 năm",
                "reviewCount": "3 Đánh giá",
                "likedCount": "0 Lượt cảm ơn"
            },
            "review": {
                "rating": 5,
                "title": "Cực kì hài lòng",
                "content": ""
            }
        },
        {
            "reviewer": {
                "name": "Yana Nguyễn",
                "date": "Đã tham gia 5 năm",
                "reviewCount": "30 Đánh giá",
                "likedCount": "1 Lượt cảm ơn"
            },
            "review": {
                "rating": 5,
                "title": "Cực kì hài lòng",
                "content": "Hayyyyyy"
            }
        },
        {
            "reviewer": {
                "name": "Đặng Anh Thư",
                "date": "Đã tham gia 7 năm",
                "reviewCount": "21 Đánh giá",
                "likedCount": "1 Lượt cảm ơn"
            },
            "review": {
                "rating": 5,
                "title": "Cực kì hài lòng",
                "content": ""
            }
        },
        {
            "reviewer": {
                "name": "Võ Vi",
                "date": "Đã tham gia 6 năm",
                "reviewCount": "5 Đánh giá",
                "likedCount": "0 Lượt cảm ơn"
            },
            "review": {
                "rating": 5,
                "title": "Cực kì hài lòng",
                "content": ""
            }
        },
        {
            "reviewer": {
                "name": "Hien Mac",
                "date": "Đã tham gia 4 năm",
                "reviewCount": "12 Đánh giá",
                "likedCount": "1 Lượt cảm ơn"
            },
            "review": {
                "rating": 5,
                "title": "Cực kì hài lòng",
                "content": ""
            }
        },
        {
            "reviewer": {
                "name": "Trang Hồ",
                "date": "Đã tham gia 6 năm",
                "reviewCount": "4 Đánh giá",
                "likedCount": "0 Lượt cảm ơn"
            },
            "review": {
                "rating": 5,
                "title": "Cực kì hài lòng",
                "content": ""
            }
        },
        {
            "reviewer": {
                "name": "Nguyễn Minh Vương",
                "date": "Đã tham gia 8 năm",
                "reviewCount": "37 Đánh giá",
                "likedCount": "6 Lượt cảm ơn"
            },
            "review": {
                "rating": 5,
                "title": "Cực kì hài lòng",
                "content": ""
            }
        },
        {
            "reviewer": {
                "name": "Minh Huong",
                "date": "Đã tham gia 4 năm",
                "reviewCount": "18 Đánh giá",
                "likedCount": "0 Lượt cảm ơn"
            },
            "review": {
                "rating": 5,
                "title": "Cực kì hài lòng",
                "content": ""
            }
        },
        {
            "reviewer": {
                "name": "Ngô Văn Cường",
                "date": "Đã tham gia 4 năm",
                "reviewCount": "11 Đánh giá",
                "likedCount": "0 Lượt cảm ơn"
            },
            "review": {
                "rating": 5,
                "title": "Cực kì hài lòng",
                "content": ""
            }
        },
        {
            "reviewer": {
                "name": "Thanh Thư Lê",
                "date": "Đã tham gia 7 năm",
                "reviewCount": "17 Đánh giá",
                "likedCount": "0 Lượt cảm ơn"
            },
            "review": {
                "rating": 5,
                "title": "Cực kì hài lòng",
                "content": ""
            }
        },
        {
            "reviewer": {
                "name": "Khuyen Huynh",
                "date": "Đã tham gia 4 năm",
                "reviewCount": "2 Đánh giá",
                "likedCount": "0 Lượt cảm ơn"
            },
            "review": {
                "rating": 5,
                "title": "Cực kì hài lòng",
                "content": ""
            }
        },
        {
            "reviewer": {
                "name": "Đặng Quang Nguyên",
                "date": "Đã tham gia 5 năm",
                "reviewCount": "4 Đánh giá",
                "likedCount": "0 Lượt cảm ơn"
            },
            "review": {
                "rating": 5,
                "title": "Cực kì hài lòng",
                "content": ""
            }
        },
        {
            "reviewer": {
                "name": "Đoàn Hồng Hà",
                "date": "Đã tham gia 4 năm",
                "reviewCount": "15 Đánh giá",
                "likedCount": "0 Lượt cảm ơn"
            },
            "review": {
                "rating": 5,
                "title": "Cực kì hài lòng",
                "content": ""
            }
        },
        {
            "reviewer": {
                "name": "Nguyễn Lan Huong",
                "date": "Đã tham gia 5 năm",
                "reviewCount": "1 Đánh giá",
                "likedCount": "0 Lượt cảm ơn"
            },
            "review": {
                "rating": 5,
                "title": "Cực kì hài lòng",
                "content": ""
            }
        },
        {
            "reviewer": {
                "name": "Nguyên Phùng",
                "date": "Đã tham gia 4 năm",
                "reviewCount": "17 Đánh giá",
                "likedCount": "0 Lượt cảm ơn"
            },
            "review": {
                "rating": 5,
                "title": "Cực kì hài lòng",
                "content": ""
            }
        },
        {
            "reviewer": {
                "name": "Nguyễn Duy Toàn",
                "date": "Đã tham gia 14 năm",
                "reviewCount": "6 Đánh giá",
                "likedCount": "0 Lượt cảm ơn"
            },
            "review": {
                "rating": 5,
                "title": "Cực kì hài lòng",
                "content": ""
            }
        },
        {
            "reviewer": {
                "name": "Đàm Trí Tài",
                "date": "Đã tham gia 9 năm",
                "reviewCount": "16 Đánh giá",
                "likedCount": "2 Lượt cảm ơn"
            },
            "review": {
                "rating": 5,
                "title": "Cực kì hài lòng",
                "content": ""
            }
        },
        {
            "reviewer": {
                "name": "Linh Do",
                "date": "Đã tham gia 7 năm",
                "reviewCount": "15 Đánh giá",
                "likedCount": "0 Lượt cảm ơn"
            },
            "review": {
                "rating": 5,
                "title": "Cực kì hài lòng",
                "content": ""
            }
        },
        {
            "reviewer": {
                "name": "Nguyễn Hồng Tuấn",
                "date": "Đã tham gia 11 năm",
                "reviewCount": "220 Đánh giá",
                "likedCount": "83 Lượt cảm ơn"
            },
            "review": {
                "rating": 5,
                "title": "Cực kì hài lòng",
                "content": ""
            }
        },
        {
            "reviewer": {
                "name": "Thảo Tống",
                "date": "Đã tham gia 1 năm",
                "reviewCount": "5 Đánh giá",
                "likedCount": "0 Lượt cảm ơn"
            },
            "review": {
                "rating": 5,
                "title": "Cực kì hài lòng",
                "content": ""
            }
        },
        {
            "reviewer": {
                "name": "Hà Ti",
                "date": "Đã tham gia 7 năm",
                "reviewCount": "10 Đánh giá",
                "likedCount": "1 Lượt cảm ơn"
            },
            "review": {
                "rating": 4,
                "title": "Hài lòng",
                "content": "Mình thông cảm với bạn shipper trời mưa giao hàng vất vả nên vẫn đánh giá cao! Tuy nhiên lần này đóng gói và nhận hàng không tốt! Mong Tiki lưu ý trải nghiệm của khách hàng giúp mình với! Nếu là hàng mang tặng nữa thì quá buồn đó ạ! Sách mưa thấm hết các góc và bìa phải sấy để không bị bong ra..."
            }
        },
        {
            "reviewer": {
                "name": "Đỗ Thị Quyên",
                "date": "Đã tham gia 6 năm",
                "reviewCount": "28 Đánh giá",
                "likedCount": "0 Lượt cảm ơn"
            },
            "review": {
                "rating": 5,
                "title": "Cực kì hài lòng",
                "content": ""
            }
        },
        {
            "reviewer": {
                "name": "Pham Anh",
                "date": "Đã tham gia 10 năm",
                "reviewCount": "92 Đánh giá",
                "likedCount": "0 Lượt cảm ơn"
            },
            "review": {
                "rating": 5,
                "title": "Cực kì hài lòng",
                "content": ""
            }
        },
        {
            "reviewer": {
                "name": "Thuận Trang",
                "date": "Đã tham gia 4 năm",
                "reviewCount": "21 Đánh giá",
                "likedCount": "0 Lượt cảm ơn"
            },
            "review": {
                "rating": 5,
                "title": "Cực kì hài lòng",
                "content": ""
            }
        },
        {
            "reviewer": {
                "name": "Lai Thuy Chi",
                "date": "Đã tham gia 3 năm",
                "reviewCount": "3 Đánh giá",
                "likedCount": "0 Lượt cảm ơn"
            },
            "review": {
                "rating": 5,
                "title": "Cực kì hài lòng",
                "content": ""
            }
        },
        {
            "reviewer": {
                "name": "Nguyễn Mạnh",
                "date": "Đã tham gia 5 năm",
                "reviewCount": "207 Đánh giá",
                "likedCount": "8 Lượt cảm ơn"
            },
            "review": {
                "rating": 5,
                "title": "Cực kì hài lòng",
                "content": ""
            }
        },
        {
            "reviewer": {
                "name": "TRẦN THỊ THÙY DUNG",
                "date": "Đã tham gia 12 năm",
                "reviewCount": "35 Đánh giá",
                "likedCount": "0 Lượt cảm ơn"
            },
            "review": {
                "rating": 5,
                "title": "Cực kì hài lòng",
                "content": ""
            }
        },
        {
            "reviewer": {
                "name": "Hong Anh Nguyen",
                "date": "Đã tham gia 5 năm",
                "reviewCount": "11 Đánh giá",
                "likedCount": "0 Lượt cảm ơn"
            },
            "review": {
                "rating": 5,
                "title": "Cực kì hài lòng",
                "content": ""
            }
        },
        {
            "reviewer": {
                "name": "Apple User",
                "date": "Đã tham gia 1 năm",
                "reviewCount": "2 Đánh giá",
                "likedCount": "0 Lượt cảm ơn"
            },
            "review": {
                "rating": 5,
                "title": "Cực kì hài lòng",
                "content": ""
            }
        },
        {
            "reviewer": {
                "name": "Nguyen Hoang Anh",
                "date": "Đã tham gia 9 năm",
                "reviewCount": "14 Đánh giá",
                "likedCount": "1 Lượt cảm ơn"
            },
            "review": {
                "rating": 5,
                "title": "Cực kì hài lòng",
                "content": ""
            }
        },
        {
            "reviewer": {
                "name": "Trâm Anh Nguyễn Hoàng",
                "date": "Đã tham gia 10 năm",
                "reviewCount": "7 Đánh giá",
                "likedCount": "0 Lượt cảm ơn"
            },
            "review": {
                "rating": 5,
                "title": "Cực kì hài lòng",
                "content": ""
            }
        },
        {
            "reviewer": {
                "name": "Ánh Như Dương",
                "date": "Đã tham gia 5 năm",
                "reviewCount": "2 Đánh giá",
                "likedCount": "0 Lượt cảm ơn"
            },
            "review": {
                "rating": 5,
                "title": "Cực kì hài lòng",
                "content": ""
            }
        },
        {
            "reviewer": {
                "name": "Phạm Thu Trang",
                "date": "Đã tham gia 9 năm",
                "reviewCount": "14 Đánh giá",
                "likedCount": "0 Lượt cảm ơn"
            },
            "review": {
                "rating": 5,
                "title": "Cực kì hài lòng",
                "content": ""
            }
        },
        {
            "reviewer": {
                "name": "Dương Thị Hồng",
                "date": "Đã tham gia 8 năm",
                "reviewCount": "5 Đánh giá",
                "likedCount": "0 Lượt cảm ơn"
            },
            "review": {
                "rating": 5,
                "title": "Cực kì hài lòng",
                "content": ""
            }
        },
        {
            "reviewer": {
                "name": "hội Phan",
                "date": "Đã tham gia 6 năm",
                "reviewCount": "9 Đánh giá",
                "likedCount": "0 Lượt cảm ơn"
            },
            "review": {
                "rating": 5,
                "title": "Cực kì hài lòng",
                "content": ""
            }
        },
        {
            "reviewer": {
                "name": "Haianh Capri Pham",
                "date": "Đã tham gia 3 năm",
                "reviewCount": "3 Đánh giá",
                "likedCount": "0 Lượt cảm ơn"
            },
            "review": {
                "rating": 5,
                "title": "Cực kì hài lòng",
                "content": ""
            }
        },
        {
            "reviewer": {
                "name": "Nguyễn Trí Thanh",
                "date": "Đã tham gia 10 năm",
                "reviewCount": "48 Đánh giá",
                "likedCount": "0 Lượt cảm ơn"
            },
            "review": {
                "rating": 5,
                "title": "Cực kì hài lòng",
                "content": ""
            }
        },
        {
            "reviewer": {
                "name": "Nguyễn Trung Hiếu",
                "date": "Đã tham gia 5 năm",
                "reviewCount": "6 Đánh giá",
                "likedCount": "11 Lượt cảm ơn"
            },
            "review": {
                "rating": 5,
                "title": "Cực kì hài lòng",
                "content": ""
            }
        },
        {
            "reviewer": {
                "name": "Nguyễn Thanh Phương",
                "date": "Đã tham gia 10 năm",
                "reviewCount": "34 Đánh giá",
                "likedCount": "3 Lượt cảm ơn"
            },
            "review": {
                "rating": 5,
                "title": "Cực kì hài lòng",
                "content": ""
            }
        },
        {
            "reviewer": {
                "name": "Đỗ Hồng Vân",
                "date": "Đã tham gia 13 năm",
                "reviewCount": "2 Đánh giá",
                "likedCount": "0 Lượt cảm ơn"
            },
            "review": {
                "rating": 5,
                "title": "Cực kì hài lòng",
                "content": ""
            }
        },
        {
            "reviewer": {
                "name": "Trần Tấn Phát",
                "date": "Đã tham gia 6 năm",
                "reviewCount": "114 Đánh giá",
                "likedCount": "17 Lượt cảm ơn"
            },
            "review": {
                "rating": 5,
                "title": "Cực kì hài lòng",
                "content": ""
            }
        },
        {
            "reviewer": {
                "name": "Đặng Hiếu",
                "date": "Đã tham gia 8 năm",
                "reviewCount": "191 Đánh giá",
                "likedCount": "135 Lượt cảm ơn"
            },
            "review": {
                "rating": 5,
                "title": "Cực kì hài lòng",
                "content": ""
            }
        },
        {
            "reviewer": {
                "name": "Phan Gia Bảo",
                "date": "Đã tham gia 6 năm",
                "reviewCount": "26 Đánh giá",
                "likedCount": "0 Lượt cảm ơn"
            },
            "review": {
                "rating": 3,
                "title": "Bình thường",
                "content": "Có vẻ đây là cuốn sách đã được sử dụng vì có nếp gấp ở bìa. Khi tôi mở bao bì ra thì bìa và các trang sách đầu cong lên theo nếp gấp. Tôi hơi thất vọng về người bán."
            }
        },
        {
            "reviewer": {
                "name": "Nguyen Minh Ngoc",
                "date": "Đã tham gia 6 năm",
                "reviewCount": "1195 Đánh giá",
                "likedCount": "5 Lượt cảm ơn"
            },
            "review": {
                "rating": 4,
                "title": "Hài lòng",
                "content": ""
            }
        }
    ]
}