{
    "url": "https://tiki.vn/tieng-viet-an-tinh-p274163238.html?spid=274163239",
    "info": {
        "title": "Tiếng Việt Ân Tình Tập 1",
        "author": "Lê Trọng Nghĩa",
        "imageUrl": "https://salt.tikicdn.com/cache/750x750/ts/product/57/9c/20/35220dfdd9a9cd68823acc1a052a3c1c.jpg.webp",
        "soldQuantity": 199,
        "currentPrice": 119000,
        "originalPrice": 169000
    },
    "details": {
        "Bookcare": "Có",
        "publisher": "Thái Hà",
        "publishDate": "2024-01-01 00:00:00",
        "dimensions": "14.5x20.5cm",
        "pageCount": "344",
        "publishingHouse": "Nhà Xuất Bản Thế Giới"
    },
    "description": "Khi nhắc tới “ngôn ngữ học”, chúng ta dễ hình dung đến những khái niệm hàn lâm như “hình thái học”, “tu từ”, “âm vị”, “phân tích diễn ngôn” Có lẽ vì thế mà ngoại trừ giới chuyên môn hoặc những ai có đam mê mãnh liệt, thường người ta sẽ khá ngần ngại khi đọc các bài luận về ngôn ngữ dù nội dung có hay cách mấy. Điều này vô tình trở thành rào cản đối với việc truyền bá những cái hay cái đẹp của tiếng Việt.\nNhắc đến sự giàu đẹp của tiếng Việt, đa số chúng ta thường chỉ nghĩ đến sáu thanh: sắc, huyền, ngang, hỏi, ngã, nặng - chất liệu khiến “nói nghe như hát”. Thế nhưng khi tìm hiểu sâu hơn, ta mới thấy tiếng Việt còn đẹp vô cùng bởi cách dùng từ, bởi sự vận dụng linh hoạt những từ mượn; bởi các câu tục ngữ, ca dao; bởi tên địa danh, tên món ăn, đồ uố Đó là những tinh hoa đã được ông cha đúc kết lại trong suốt mấy ngàn năm lịch sử mà chỉ cần lần dở lại những trang sách ngày xưa, ta sẽ thấy ngay cả một kho tàng. Tiếc rằng vì nhiều lý do khách quan mà với đa số mọi người, kho tàng vô giá kia vẫn còn ẩn hiện sau lớp sương mờ, chỉ những ai hữu duyên mới có cơ may khám phá. Song song với đó là sự phổ biến của mạng xã hội và nhu cầu học ngoại ngữ, tuy có nhiều tác động tích cực nhưng cũng kèm theo nhiều mặt trái, khiến một bộ phận các bạn trẻ yêu thích và ưa chuộng tiếng nước ngoài hơn khi chưa kịp hiểu rõ cái hay, cái đẹp của ngôn ngữ quê nhà. Đây là một hệ quả tất yếu của quá trình hội nhập , và mọi chỉ trích, lên án đều không phải là giải pháp hữu ích, dài lâu.\nVới mong muốn mang cái hay, cái đẹp của tiếng mẹ đẻ đến với cộng đồng một cách thiết thực và hiệu quả nhất, trang Tiếng Việt giàu đẹp đã được ra đời cùng cách tiếp cận mới mẻ, gần gũi, cho mọi người thấy tiếng Việt cũng hay, cũng hấp dẫn không kém bất kỳ ngôn ngữ nào trên thế giới. Cuốn sách này không khai thác quá sâu về một đề tài cũng cũng không đi vào chi tiết với những lý luận chặt chẽ, khô khan, mà chỉ cố gắng trình bày ngắn gọn, súc tích nhất có thể, đủ cho người đọc cảm thấy hứng thú và nếu cần, họ sẽ tự tìm hiểu thêm. May mắn là lối tiếp cận này đã được đông đảo độc giả đón nhận, đưa trang Tiếng Việt giàu đẹp ngày càng phát triển.\nTiếng Việt ân tình gồm 5 phần:1.Từ Hán Việt2.Chính tả3.Địa danh4.Thành ngữ, tục ngữ, quán ngữ5.Nội dung khácHy vọng, món quà nhỏ này sẽ giúp quý độc giả thêm yêu tiếng mẹ đẻ của mình.\nTrích dẫn sách:TÂM PHÚCĐây là một từ rất quen thuộc trong tiếng Việt, tuy nhiên không phải ai cũng nắm rõ nghĩa của nó. Nhiều người cho rằng “phúc” ở đây là “hạnh phúc” hoặc “phước đức” mà không hay đó là một cách hiểu sai lầm.Trong cuốn Thành ngữ và điển tích trong thi văn Việt Nam của Quách Văn Hoà có giảng về từ “tâm phúc” như sau: “Tâm: Tấm lòng; Phúc: Ruột. Tâm phúc là người thân thiết, trung thành, có thể hiểu thấu lòng dạ (tâm phúc) của mình, và mình có thể bộc lộ nỗi niềm thầm kín trong lòng. (trang 33)Công ty Cổ phần Sách Thái Hà trân trọng giới thiệu!\nGiá sản phẩm trên Tiki đã bao gồm thuế theo luật hiện hành. Bên cạnh đó, tuỳ vào loại sản phẩm, hình thức và địa chỉ giao hàng mà có thể phát sinh thêm chi phí khác như phí vận chuyển, phụ phí hàng cồng kềnh, thuế nhập khẩu (đối với đơn hàng giao từ nước ngoài có giá trị trên 1 triệu đồng).....",
    "rating": {
        "totalRating": 5.0,
        "numberOfRating": 4
    },
    "reviews": [
        {
            "reviewer": {
                "name": "Phan Hong Linh",
                "date": "Đã tham gia 9 năm",
                "reviewCount": "41 Đánh giá",
                "likedCount": "5 Lượt cảm ơn"
            },
            "review": {
                "rating": 5,
                "title": "Cực kì hài lòng",
                "content": "Rất hữu ích, giúp mình dùng tiếng Việt đúng. Cách giải thích đơn giản, dễ hiểu với dẫn chứng từ nhiều nguồn đáng tin cậy"
            }
        },
        {
            "reviewer": {
                "name": "Phương Vy",
                "date": "Đã tham gia 7 năm",
                "reviewCount": "235 Đánh giá",
                "likedCount": "5 Lượt cảm ơn"
            },
            "review": {
                "rating": 5,
                "title": "Cực kì hài lòng",
                "content": ""
            }
        },
        {
            "reviewer": {
                "name": "An Na",
                "date": "Đã tham gia 3 năm",
                "reviewCount": "151 Đánh giá",
                "likedCount": "1 Lượt cảm ơn"
            },
            "review": {
                "rating": 5,
                "title": "Cực kì hài lòng",
                "content": ""
            }
        },
        {
            "reviewer": {
                "name": "Hanaa tana",
                "date": "Đã tham gia 4 năm",
                "reviewCount": "83 Đánh giá",
                "likedCount": "3 Lượt cảm ơn"
            },
            "review": {
                "rating": 5,
                "title": "Cực kì hài lòng",
                "content": ""
            }
        }
    ]
}