{
    "url": "https://tiki.vn/nhat-ky-dang-thuy-tram-p187843291.html?spid=187843293",
    "info": {
        "title": "Nhật ký Đặng Thùy Trâm",
        "author": "Đặng Thùy Trâm",
        "imageUrl": "https://salt.tikicdn.com/cache/750x750/ts/product/8f/a0/2c/d4d1a5f0022b485604b5a3f7c47d822d.jpg.webp",
        "soldQuantity": 1000,
        "currentPrice": 68900,
        "originalPrice": 90000
    },
    "details": {
        "bookVersion": "Phiên bản thường",
        "publisher": "Nhã Nam",
        "publishDate": "2022-06-01 00:00:00",
        "dimensions": "13 x 20.5 cm",
        "coverType": "Bìa mềm",
        "pageCount": "296",
        "publishingHouse": "Nhà Xuất Bản Hội Nhà Văn"
    },
    "description": "Một cuốn nhật kí nhặt được bên xác của một nữ Việt Cộng đã suýt bị người lính Mỹ ném vào lửa, nhưng người phiên dịch đã khuyên anh ta nên giữ lại vì \"trong đó có lửa\". Nhật kí Đặng Thùy Trâm là những ghi chép hàng ngày của một người nữ bác sĩ về cuộc sống của chị nơi chiến tuyến. Cuốn nhật kí là thế giới riêng của người trí thức nhạy cảm mà không yếu đuối, tha thiết với cuộc sống mà không hề sợ hãi trước những gian nan. Ở đó ta vẫn gặp những băn khoăn trăn trở trước tình yêu, trước cuộc sống phức tạp hàng ngày, những nỗi buồn, nỗi nhớ nhung, sự cô đơn của một người con gái, nhưng đồng thời chúng ta cũng thấy được một ý chí mãnh liệt, những lời nói tự động viên cảnh tỉnh, một lòng can đảm phi thường - những điều đã làm nên một thế hệ anh hùng.\nNhận định\n\"Chị đứng bên kia chiến tuyến với tôi nhưng những lời của chị làm trái tim tôi đau đớn. Chị là Anne Frank của Việt Nam. Tôi biết cuốn nhật kí này sẽ đi đến khắp nơi trên thế giới\" - Frederic Whitehurst\n\"Tôi biết Thùy không hề định viết cho cả thế giới này đọc, nhưng có lẽ chính vì thế mà niềm tin sâu thẳm nơi chị được viết ra một cách chân phương, mộc mạ Cho đến lúc này, tôi là người đã đọc lại hai cuốn Nhật kí ấy nhiều hơn ai hết… Những lời bày tỏ về tình yêu của chị cũng như những lời gọi tha thiết hướng về gia đình khiến bất cứ ai đọc cũng phải xúc động… Lời Thùy là một cây cầu bắc qua dòng sông chứa chất bao sự vô tình, bao cay đắng, bao nỗi buồn, bao lòng tin lầm lạc, đã chia cắt hai dân tộc chúng ta quá lâu…\" - Robert Whitehurst\nNhật kí Đặng Thùy Trâm không phải là một cuốn sách giáo dục đạo đức viết ra để cho hàng ngàn người đọc, mà là một cuốn nhật kí để một người phụ nữ đang sống trong bom đạn dành lại cho mình một chút thời gian giữa bộn bề công việc. Cuốn sổ như một người bạn chân thành, lặng im để chị chia sẻ và lưu giữ lại cuộc sống tinh thần của tuổi thanh xuân. Chính vì vậy, đó là những lời nói chân thành nhất, những lời tâm sự giản dị, những sự chiêm nghiệm và tự động viên không hề mang chút áp đặt. Cuốn sách sẽ làm cho bạn đọc trào nước mắt với những trăn trở và đớn đau của chị, phải nghiêng mình ngưỡng mộ ý chí và tấm lòng dành cho nhiệm vụ, phải buồn bã cùng với những tâm sự rất bình thường của một người thanh niên xa gia đình, tình yêu không phẳng lặng. Chẳng hề có kỹ thuật viết, những dòng ghi chép như được rút ra từ trái tim và tâm hồn của một người con gái chân thành và mộc mạc. Đó quả thực là một cuốn sách để chúng ta đọc, xúc động, cảm thông và thấu hiểu. - Nhã Nam\n\"So với lớp thanh niên ngày nay, người thanh niên của gần bốn chục năm trước có một cách sống khác, một cách sống không lắm chiều cạnh phong phú, không tự do nhiều vẻ, nhưng lại trong sáng thánh thiện đến kỳ lạ. Sự tận tụy làm người của Thùy Trâm là nhân tố khiến cho những người lính Mỹ khác hẳn về lý tưởng cũng phải kính trọng… Trong sự muôn màu muôn vẻ của thực tại, con người vẫn là mẫu số chung làm nên những giá trị vĩnh cửu. Nhật kí Đặng Thùy Trâm có cái nhân tố nhân văn đầy bí mật đó.\" - Vương Trí Nhàn\n“Một nhật kí thời chiến bị thất lạc mà trong đó tác giả nói về tình yêu, sự cô đơn và cái chết trên đường mòn Hồ Chí Minh đã trở thành một cuốn sách bán chạy nhất tại Việt Nam, mang tới một cái nhìn mới mẻ về chiến tranh cho thế hệ bạn đọc mới.” - The New York Times\nGiá sản phẩm trên Tiki đã bao gồm thuế theo luật hiện hành. Bên cạnh đó, tuỳ vào loại sản phẩm, hình thức và địa chỉ giao hàng mà có thể phát sinh thêm chi phí khác như phí vận chuyển, phụ phí hàng cồng kềnh, thuế nhập khẩu (đối với đơn hàng giao từ nước ngoài có giá trị trên 1 triệu đồng).....",
    "rating": {
        "totalRating": 4.9,
        "numberOfRating": 88
    },
    "reviews": [
        {
            "reviewer": {
                "name": "Phúc Khương",
                "date": "Đã tham gia 2 năm",
                "reviewCount": "17 Đánh giá",
                "likedCount": "0 Lượt cảm ơn"
            },
            "review": {
                "rating": 5,
                "title": "Cực kì hài lòng",
                "content": "sách nhà Nhã Nam thì chất lượng khỏi chê rồi a.  \r\n- nội dung sách là trích từ cuốn nhật ký của Đặng Thùy Trâm, gần cuối sách có phần phụ lục ảnh rất hoài niệm"
            }
        },
        {
            "reviewer": {
                "name": "Duy Anh Phạm",
                "date": "Đã tham gia 8 năm",
                "reviewCount": "201 Đánh giá",
                "likedCount": "10 Lượt cảm ơn"
            },
            "review": {
                "rating": 5,
                "title": "Cực kì hài lòng",
                "content": "Sách nội dung rất hay, trình bày đẹp, giao hàng nhanh, bao bì gọn gàng, an toàn, chất lượng dịch vụ rất tốt. Sách là một bầu trời tri thức bổ ích. Chấm Tiki 9.5đ"
            }
        },
        {
            "reviewer": {
                "name": "nhi võ",
                "date": "Đã tham gia 3 năm",
                "reviewCount": "8 Đánh giá",
                "likedCount": "1 Lượt cảm ơn"
            },
            "review": {
                "rating": 5,
                "title": "Cực kì hài lòng",
                "content": "Sách đẹp, cầm chắc tay. Lúc mới nhận, sách được bọc seal rất đẹp và chắc chắn."
            }
        },
        {
            "reviewer": {
                "name": "Nguyễn Văn Vỹ",
                "date": "Đã tham gia 6 năm",
                "reviewCount": "16 Đánh giá",
                "likedCount": "2 Lượt cảm ơn"
            },
            "review": {
                "rating": 5,
                "title": "Cực kì hài lòng",
                "content": "Sách đẹp. Ổn. Giao hàng nhanh!"
            }
        },
        {
            "reviewer": {
                "name": "Vũ Huyền Trang",
                "date": "Đã tham gia 3 năm",
                "reviewCount": "9 Đánh giá",
                "likedCount": "0 Lượt cảm ơn"
            },
            "review": {
                "rating": 5,
                "title": "Cực kì hài lòng",
                "content": "Giao hàng nhanh, sách của Tiki Trading lúc nào cx rất chất lượng"
            }
        },
        {
            "reviewer": {
                "name": "Nguyễn Bá Dương",
                "date": "Đã tham gia 2 năm",
                "reviewCount": "2 Đánh giá",
                "likedCount": "0 Lượt cảm ơn"
            },
            "review": {
                "rating": 5,
                "title": "Cực kì hài lòng",
                "content": "Sách hoài niệm về một thời chiến tranh khốc liệt, tình yêu thuần khiết tuổi đôi mươi."
            }
        },
        {
            "reviewer": {
                "name": "Nguyễn Đức Tiến",
                "date": "Đã tham gia 6 năm",
                "reviewCount": "126 Đánh giá",
                "likedCount": "4 Lượt cảm ơn"
            },
            "review": {
                "rating": 5,
                "title": "Cực kì hài lòng",
                "content": "Rất hay luôn"
            }
        },
        {
            "reviewer": {
                "name": "Hoàng Yến",
                "date": "Đã tham gia 3 năm",
                "reviewCount": "70 Đánh giá",
                "likedCount": "10 Lượt cảm ơn"
            },
            "review": {
                "rating": 5,
                "title": "Cực kì hài lòng",
                "content": ""
            }
        },
        {
            "reviewer": {
                "name": "Tống Dạ Nhan",
                "date": "Đã tham gia 4 năm",
                "reviewCount": "18 Đánh giá",
                "likedCount": "3 Lượt cảm ơn"
            },
            "review": {
                "rating": 5,
                "title": "Cực kì hài lòng",
                "content": "Sách rất xinh luôn ạ. Nội dung cực cuốn, sau khi đọc được 30% cuốn này ở thư viện thì em quyết định rước em nó về. Đáng đọc ạ"
            }
        },
        {
            "reviewer": {
                "name": "Hận Trần",
                "date": "Đã tham gia 2 năm",
                "reviewCount": "4 Đánh giá",
                "likedCount": "0 Lượt cảm ơn"
            },
            "review": {
                "rating": 5,
                "title": "Cực kì hài lòng",
                "content": ""
            }
        },
        {
            "reviewer": {
                "name": "Nguyễn Văn Lâm",
                "date": "Đã tham gia 5 năm",
                "reviewCount": "29 Đánh giá",
                "likedCount": "3 Lượt cảm ơn"
            },
            "review": {
                "rating": 5,
                "title": "Cực kì hài lòng",
                "content": "Sách hay, đặc biệt khi đọc xong cuốn nhật ký này xem bộ phim \"đừng đốt\" cảm thấy rất xúc động"
            }
        },
        {
            "reviewer": {
                "name": "Van Nguyen",
                "date": "Đã tham gia 8 năm",
                "reviewCount": "38 Đánh giá",
                "likedCount": "7 Lượt cảm ơn"
            },
            "review": {
                "rating": 5,
                "title": "Cực kì hài lòng",
                "content": "Chưa mở ra\r\nChưa vào đà đọc\r\nNhưng truyện loại này cứ 5 sao mà ủng hộ\r\nXấu nhăn tí nếu có cũng bỏ qua được"
            }
        },
        {
            "reviewer": {
                "name": "Nguyễn Hà My",
                "date": "Đã tham gia 2 năm",
                "reviewCount": "2 Đánh giá",
                "likedCount": "0 Lượt cảm ơn"
            },
            "review": {
                "rating": 5,
                "title": "Cực kì hài lòng",
                "content": "sách siu dày rẻ, đẹp, nên mua nha mn. lần đầu mua mà ưng lắm"
            }
        },
        {
            "reviewer": {
                "name": "Bảo Minh",
                "date": "Đã tham gia 3 năm",
                "reviewCount": "17 Đánh giá",
                "likedCount": "3 Lượt cảm ơn"
            },
            "review": {
                "rating": 5,
                "title": "Cực kì hài lòng",
                "content": "Sách đóng gói kĩ nhưng hơi bị df ở bìa"
            }
        },
        {
            "reviewer": {
                "name": "Tuyt Nguyn",
                "date": "Đã tham gia 5 năm",
                "reviewCount": "49 Đánh giá",
                "likedCount": "7 Lượt cảm ơn"
            },
            "review": {
                "rating": 5,
                "title": "Cực kì hài lòng",
                "content": "ha6"
            }
        },
        {
            "reviewer": {
                "name": "Võ minh long",
                "date": "Đã tham gia 4 năm",
                "reviewCount": "9 Đánh giá",
                "likedCount": "0 Lượt cảm ơn"
            },
            "review": {
                "rating": 5,
                "title": "Cực kì hài lòng",
                "content": ""
            }
        },
        {
            "reviewer": {
                "name": "Hân Nguyễn",
                "date": "Đã tham gia 4 năm",
                "reviewCount": "39 Đánh giá",
                "likedCount": "0 Lượt cảm ơn"
            },
            "review": {
                "rating": 5,
                "title": "Cực kì hài lòng",
                "content": ""
            }
        },
        {
            "reviewer": {
                "name": "Thúy QuỲnh Nguyễn",
                "date": "Đã tham gia 4 năm",
                "reviewCount": "13 Đánh giá",
                "likedCount": "1 Lượt cảm ơn"
            },
            "review": {
                "rating": 5,
                "title": "Cực kì hài lòng",
                "content": ""
            }
        },
        {
            "reviewer": {
                "name": "Trần Huy Bảo",
                "date": "Đã tham gia 6 năm",
                "reviewCount": "312 Đánh giá",
                "likedCount": "5 Lượt cảm ơn"
            },
            "review": {
                "rating": 5,
                "title": "Cực kì hài lòng",
                "content": ""
            }
        },
        {
            "reviewer": {
                "name": "Phuong Anh Le",
                "date": "Đã tham gia 6 năm",
                "reviewCount": "12 Đánh giá",
                "likedCount": "0 Lượt cảm ơn"
            },
            "review": {
                "rating": 5,
                "title": "Cực kì hài lòng",
                "content": ""
            }
        },
        {
            "reviewer": {
                "name": "Nguyễn Tuấn Anh",
                "date": "Đã tham gia 6 năm",
                "reviewCount": "31 Đánh giá",
                "likedCount": "0 Lượt cảm ơn"
            },
            "review": {
                "rating": 5,
                "title": "Cực kì hài lòng",
                "content": "Thực ra chưa đọc quyển này nhưng hồi cấp 3 học Văn có tác phẩm trong này nên mua"
            }
        },
        {
            "reviewer": {
                "name": "Đặng Minh Hiếu",
                "date": "Đã tham gia 5 năm",
                "reviewCount": "8 Đánh giá",
                "likedCount": "0 Lượt cảm ơn"
            },
            "review": {
                "rating": 5,
                "title": "Cực kì hài lòng",
                "content": "Tuyệt vời."
            }
        },
        {
            "reviewer": {
                "name": "Huong Nguyen",
                "date": "Đã tham gia 6 năm",
                "reviewCount": "98 Đánh giá",
                "likedCount": "3 Lượt cảm ơn"
            },
            "review": {
                "rating": 5,
                "title": "Cực kì hài lòng",
                "content": "Sách rất đẹp, chữ rất rõ, nội dung hay , lần sau sẽ ủng hộ tiếp"
            }
        },
        {
            "reviewer": {
                "name": "La Bích Ngọc",
                "date": "Đã tham gia 4 năm",
                "reviewCount": "3 Đánh giá",
                "likedCount": "0 Lượt cảm ơn"
            },
            "review": {
                "rating": 5,
                "title": "Cực kì hài lòng",
                "content": ""
            }
        },
        {
            "reviewer": {
                "name": "Trần Lý",
                "date": "Đã tham gia 4 năm",
                "reviewCount": "51 Đánh giá",
                "likedCount": "0 Lượt cảm ơn"
            },
            "review": {
                "rating": 5,
                "title": "Cực kì hài lòng",
                "content": "Rất OK"
            }
        },
        {
            "reviewer": {
                "name": "Nguyễn Minh Vũ",
                "date": "Đã tham gia 5 năm",
                "reviewCount": "134 Đánh giá",
                "likedCount": "1 Lượt cảm ơn"
            },
            "review": {
                "rating": 5,
                "title": "Cực kì hài lòng",
                "content": ""
            }
        },
        {
            "reviewer": {
                "name": "Ngô Hoài Ân",
                "date": "Đã tham gia 5 năm",
                "reviewCount": "17 Đánh giá",
                "likedCount": "1 Lượt cảm ơn"
            },
            "review": {
                "rating": 5,
                "title": "Cực kì hài lòng",
                "content": ""
            }
        },
        {
            "reviewer": {
                "name": "Lê Phượng Hoa",
                "date": "Đã tham gia 7 năm",
                "reviewCount": "2 Đánh giá",
                "likedCount": "0 Lượt cảm ơn"
            },
            "review": {
                "rating": 5,
                "title": "Cực kì hài lòng",
                "content": ""
            }
        },
        {
            "reviewer": {
                "name": "Lê Minh Thư",
                "date": "Đã tham gia 6 năm",
                "reviewCount": "17 Đánh giá",
                "likedCount": "0 Lượt cảm ơn"
            },
            "review": {
                "rating": 5,
                "title": "Cực kì hài lòng",
                "content": ""
            }
        },
        {
            "reviewer": {
                "name": "Thắm nguyễn",
                "date": "Đã tham gia 4 năm",
                "reviewCount": "1 Đánh giá",
                "likedCount": "0 Lượt cảm ơn"
            },
            "review": {
                "rating": 5,
                "title": "Cực kì hài lòng",
                "content": ""
            }
        },
        {
            "reviewer": {
                "name": "Dieu Nguyen",
                "date": "Đã tham gia 4 năm",
                "reviewCount": "11 Đánh giá",
                "likedCount": "0 Lượt cảm ơn"
            },
            "review": {
                "rating": 5,
                "title": "Cực kì hài lòng",
                "content": ""
            }
        },
        {
            "reviewer": {
                "name": "Linh vũ",
                "date": "Đã tham gia 3 năm",
                "reviewCount": "2 Đánh giá",
                "likedCount": "0 Lượt cảm ơn"
            },
            "review": {
                "rating": 5,
                "title": "Cực kì hài lòng",
                "content": ""
            }
        },
        {
            "reviewer": {
                "name": "Phạm Quốc Khánh",
                "date": "Đã tham gia 6 năm",
                "reviewCount": "4 Đánh giá",
                "likedCount": "0 Lượt cảm ơn"
            },
            "review": {
                "rating": 5,
                "title": "Cực kì hài lòng",
                "content": "Sản phẩm rất Tốt"
            }
        },
        {
            "reviewer": {
                "name": "Cao Thanh Hà",
                "date": "Đã tham gia 6 năm",
                "reviewCount": "30 Đánh giá",
                "likedCount": "2 Lượt cảm ơn"
            },
            "review": {
                "rating": 5,
                "title": "Cực kì hài lòng",
                "content": ""
            }
        },
        {
            "reviewer": {
                "name": "PhạmTuân Khanh",
                "date": "Đã tham gia 6 năm",
                "reviewCount": "72 Đánh giá",
                "likedCount": "0 Lượt cảm ơn"
            },
            "review": {
                "rating": 5,
                "title": "Cực kì hài lòng",
                "content": "sách mới bọc kỹ tks shop"
            }
        },
        {
            "reviewer": {
                "name": "Lâm Quang Duy",
                "date": "Đã tham gia 12 năm",
                "reviewCount": "17 Đánh giá",
                "likedCount": "0 Lượt cảm ơn"
            },
            "review": {
                "rating": 5,
                "title": "Cực kì hài lòng",
                "content": ""
            }
        },
        {
            "reviewer": {
                "name": "Trần Nhật Thu",
                "date": "Đã tham gia 6 năm",
                "reviewCount": "135 Đánh giá",
                "likedCount": "3 Lượt cảm ơn"
            },
            "review": {
                "rating": 5,
                "title": "Cực kì hài lòng",
                "content": ""
            }
        },
        {
            "reviewer": {
                "name": "kim nhung",
                "date": "Đã tham gia 3 năm",
                "reviewCount": "2 Đánh giá",
                "likedCount": "0 Lượt cảm ơn"
            },
            "review": {
                "rating": 5,
                "title": "Cực kì hài lòng",
                "content": ""
            }
        },
        {
            "reviewer": {
                "name": "Trần Nguyễn Phương Ngọc",
                "date": "Đã tham gia 4 năm",
                "reviewCount": "12 Đánh giá",
                "likedCount": "1 Lượt cảm ơn"
            },
            "review": {
                "rating": 5,
                "title": "Cực kì hài lòng",
                "content": "Sách mới, đẹp"
            }
        },
        {
            "reviewer": {
                "name": "Hoàng Lê Mai Khanh",
                "date": "Đã tham gia 2 năm",
                "reviewCount": "1 Đánh giá",
                "likedCount": "0 Lượt cảm ơn"
            },
            "review": {
                "rating": 5,
                "title": "Cực kì hài lòng",
                "content": ""
            }
        },
        {
            "reviewer": {
                "name": "Bảo Yến",
                "date": "Đã tham gia 1 năm",
                "reviewCount": "1 Đánh giá",
                "likedCount": "0 Lượt cảm ơn"
            },
            "review": {
                "rating": 5,
                "title": "Cực kì hài lòng",
                "content": ""
            }
        },
        {
            "reviewer": {
                "name": "Hằng Nguyễn",
                "date": "Đã tham gia 6 năm",
                "reviewCount": "13 Đánh giá",
                "likedCount": "0 Lượt cảm ơn"
            },
            "review": {
                "rating": 5,
                "title": "Cực kì hài lòng",
                "content": ""
            }
        },
        {
            "reviewer": {
                "name": "Phạm Ngọc Thạch",
                "date": "Đã tham gia 6 năm",
                "reviewCount": "16 Đánh giá",
                "likedCount": "8 Lượt cảm ơn"
            },
            "review": {
                "rating": 5,
                "title": "Cực kì hài lòng",
                "content": "Hay khỏi bàn"
            }
        },
        {
            "reviewer": {
                "name": "Nguyễn Khánh",
                "date": "Đã tham gia 4 năm",
                "reviewCount": "28 Đánh giá",
                "likedCount": "0 Lượt cảm ơn"
            },
            "review": {
                "rating": 5,
                "title": "Cực kì hài lòng",
                "content": ""
            }
        },
        {
            "reviewer": {
                "name": "Nguyễn văn khánh",
                "date": "Đã tham gia 5 năm",
                "reviewCount": "291 Đánh giá",
                "likedCount": "6 Lượt cảm ơn"
            },
            "review": {
                "rating": 5,
                "title": "Cực kì hài lòng",
                "content": ""
            }
        },
        {
            "reviewer": {
                "name": "Đặng Thị Ngọc Nga",
                "date": "Đã tham gia 10 năm",
                "reviewCount": "17 Đánh giá",
                "likedCount": "0 Lượt cảm ơn"
            },
            "review": {
                "rating": 5,
                "title": "Cực kì hài lòng",
                "content": ""
            }
        },
        {
            "reviewer": {
                "name": "Phan Việt Hà",
                "date": "Đã tham gia 9 năm",
                "reviewCount": "38 Đánh giá",
                "likedCount": "0 Lượt cảm ơn"
            },
            "review": {
                "rating": 5,
                "title": "Cực kì hài lòng",
                "content": ""
            }
        },
        {
            "reviewer": {
                "name": "Châu Thiên Phú",
                "date": "Đã tham gia 6 năm",
                "reviewCount": "8 Đánh giá",
                "likedCount": "0 Lượt cảm ơn"
            },
            "review": {
                "rating": 5,
                "title": "Cực kì hài lòng",
                "content": ""
            }
        },
        {
            "reviewer": {
                "name": "Trần Tuấn",
                "date": "Đã tham gia 8 năm",
                "reviewCount": "5 Đánh giá",
                "likedCount": "0 Lượt cảm ơn"
            },
            "review": {
                "rating": 5,
                "title": "Cực kì hài lòng",
                "content": ""
            }
        },
        {
            "reviewer": {
                "name": "Minh Hoàng",
                "date": "Đã tham gia 6 năm",
                "reviewCount": "1 Đánh giá",
                "likedCount": "0 Lượt cảm ơn"
            },
            "review": {
                "rating": 5,
                "title": "Cực kì hài lòng",
                "content": ""
            }
        },
        {
            "reviewer": {
                "name": "Lương Trần Kỳ",
                "date": "Đã tham gia 6 năm",
                "reviewCount": "49 Đánh giá",
                "likedCount": "0 Lượt cảm ơn"
            },
            "review": {
                "rating": 5,
                "title": "Cực kì hài lòng",
                "content": ""
            }
        },
        {
            "reviewer": {
                "name": "Bùi Văn Hùng",
                "date": "Đã tham gia 4 năm",
                "reviewCount": "37 Đánh giá",
                "likedCount": "3 Lượt cảm ơn"
            },
            "review": {
                "rating": 5,
                "title": "Cực kì hài lòng",
                "content": "Nội dung nhân văn và ý nghĩa."
            }
        },
        {
            "reviewer": {
                "name": "Lê Hữu Phước",
                "date": "Đã tham gia 4 năm",
                "reviewCount": "10 Đánh giá",
                "likedCount": "0 Lượt cảm ơn"
            },
            "review": {
                "rating": 5,
                "title": "Cực kì hài lòng",
                "content": ""
            }
        },
        {
            "reviewer": {
                "name": "le thinh",
                "date": "Đã tham gia 4 năm",
                "reviewCount": "8 Đánh giá",
                "likedCount": "0 Lượt cảm ơn"
            },
            "review": {
                "rating": 5,
                "title": "Cực kì hài lòng",
                "content": ""
            }
        },
        {
            "reviewer": {
                "name": "Trần Kim Thúy",
                "date": "Đã tham gia 6 năm",
                "reviewCount": "26 Đánh giá",
                "likedCount": "0 Lượt cảm ơn"
            },
            "review": {
                "rating": 5,
                "title": "Cực kì hài lòng",
                "content": ""
            }
        },
        {
            "reviewer": {
                "name": "Nguyễn Đắc Phong",
                "date": "Đã tham gia 5 năm",
                "reviewCount": "1 Đánh giá",
                "likedCount": "0 Lượt cảm ơn"
            },
            "review": {
                "rating": 5,
                "title": "Cực kì hài lòng",
                "content": ""
            }
        },
        {
            "reviewer": {
                "name": "Nguyễn Văn kiệu",
                "date": "Đã tham gia 9 năm",
                "reviewCount": "42 Đánh giá",
                "likedCount": "2 Lượt cảm ơn"
            },
            "review": {
                "rating": 5,
                "title": "Cực kì hài lòng",
                "content": "Quá hay"
            }
        },
        {
            "reviewer": {
                "name": "Tường Vy",
                "date": "Đã tham gia 6 năm",
                "reviewCount": "24 Đánh giá",
                "likedCount": "4 Lượt cảm ơn"
            },
            "review": {
                "rating": 5,
                "title": "Cực kì hài lòng",
                "content": ""
            }
        },
        {
            "reviewer": {
                "name": "Hương Giang",
                "date": "Đã tham gia 5 năm",
                "reviewCount": "3 Đánh giá",
                "likedCount": "0 Lượt cảm ơn"
            },
            "review": {
                "rating": 5,
                "title": "Cực kì hài lòng",
                "content": ""
            }
        },
        {
            "reviewer": {
                "name": "Phạm Phương",
                "date": "Đã tham gia 6 năm",
                "reviewCount": "7 Đánh giá",
                "likedCount": "2 Lượt cảm ơn"
            },
            "review": {
                "rating": 5,
                "title": "Cực kì hài lòng",
                "content": ""
            }
        },
        {
            "reviewer": {
                "name": "Bảo Trâm",
                "date": "Đã tham gia 3 năm",
                "reviewCount": "11 Đánh giá",
                "likedCount": "0 Lượt cảm ơn"
            },
            "review": {
                "rating": 5,
                "title": "Cực kì hài lòng",
                "content": ""
            }
        },
        {
            "reviewer": {
                "name": "Diễm Phúc",
                "date": "Đã tham gia 5 năm",
                "reviewCount": "31 Đánh giá",
                "likedCount": "0 Lượt cảm ơn"
            },
            "review": {
                "rating": 5,
                "title": "Cực kì hài lòng",
                "content": ""
            }
        },
        {
            "reviewer": {
                "name": "Trần Trang",
                "date": "Đã tham gia 4 năm",
                "reviewCount": "3 Đánh giá",
                "likedCount": "0 Lượt cảm ơn"
            },
            "review": {
                "rating": 5,
                "title": "Cực kì hài lòng",
                "content": ""
            }
        },
        {
            "reviewer": {
                "name": "Nguyễn Nhật Phong",
                "date": "Đã tham gia 7 năm",
                "reviewCount": "1 Đánh giá",
                "likedCount": "0 Lượt cảm ơn"
            },
            "review": {
                "rating": 5,
                "title": "Cực kì hài lòng",
                "content": ""
            }
        },
        {
            "reviewer": {
                "name": "Huỳnh Hoàng Kha",
                "date": "Đã tham gia 7 năm",
                "reviewCount": "60 Đánh giá",
                "likedCount": "15 Lượt cảm ơn"
            },
            "review": {
                "rating": 5,
                "title": "Cực kì hài lòng",
                "content": ""
            }
        },
        {
            "reviewer": {
                "name": "lê hoàng",
                "date": "Đã tham gia 9 năm",
                "reviewCount": "655 Đánh giá",
                "likedCount": "12 Lượt cảm ơn"
            },
            "review": {
                "rating": 5,
                "title": "Cực kì hài lòng",
                "content": ""
            }
        },
        {
            "reviewer": {
                "name": "Trần Nguyễn Nhật Huy",
                "date": "Đã tham gia 5 năm",
                "reviewCount": "14 Đánh giá",
                "likedCount": "0 Lượt cảm ơn"
            },
            "review": {
                "rating": 5,
                "title": "Cực kì hài lòng",
                "content": ""
            }
        },
        {
            "reviewer": {
                "name": "Anh Đức Nguyễn",
                "date": "Đã tham gia 9 năm",
                "reviewCount": "58 Đánh giá",
                "likedCount": "18 Lượt cảm ơn"
            },
            "review": {
                "rating": 5,
                "title": "Cực kì hài lòng",
                "content": ""
            }
        },
        {
            "reviewer": {
                "name": "Nguyễn Thị Quỳnh Anh",
                "date": "Đã tham gia 2 năm",
                "reviewCount": "6 Đánh giá",
                "likedCount": "0 Lượt cảm ơn"
            },
            "review": {
                "rating": 5,
                "title": "Cực kì hài lòng",
                "content": ""
            }
        },
        {
            "reviewer": {
                "name": "trần công minh",
                "date": "Đã tham gia 8 năm",
                "reviewCount": "41 Đánh giá",
                "likedCount": "1 Lượt cảm ơn"
            },
            "review": {
                "rating": 5,
                "title": "Cực kì hài lòng",
                "content": ""
            }
        },
        {
            "reviewer": {
                "name": "Làng Thị Duyên",
                "date": "Đã tham gia 4 năm",
                "reviewCount": "191 Đánh giá",
                "likedCount": "9 Lượt cảm ơn"
            },
            "review": {
                "rating": 5,
                "title": "Cực kì hài lòng",
                "content": ""
            }
        },
        {
            "reviewer": {
                "name": "Minh Anh",
                "date": "Đã tham gia 4 năm",
                "reviewCount": "7 Đánh giá",
                "likedCount": "0 Lượt cảm ơn"
            },
            "review": {
                "rating": 5,
                "title": "Cực kì hài lòng",
                "content": ""
            }
        },
        {
            "reviewer": {
                "name": "Hoàng Vân",
                "date": "Đã tham gia 3 năm",
                "reviewCount": "30 Đánh giá",
                "likedCount": "0 Lượt cảm ơn"
            },
            "review": {
                "rating": 5,
                "title": "Cực kì hài lòng",
                "content": ""
            }
        },
        {
            "reviewer": {
                "name": "Lê Mỹ Lệ",
                "date": "Đã tham gia 6 năm",
                "reviewCount": "8 Đánh giá",
                "likedCount": "0 Lượt cảm ơn"
            },
            "review": {
                "rating": 5,
                "title": "Cực kì hài lòng",
                "content": ""
            }
        },
        {
            "reviewer": {
                "name": "trần anh thông",
                "date": "Đã tham gia 2 năm",
                "reviewCount": "3 Đánh giá",
                "likedCount": "0 Lượt cảm ơn"
            },
            "review": {
                "rating": 5,
                "title": "Cực kì hài lòng",
                "content": "được"
            }
        },
        {
            "reviewer": {
                "name": "Tài khoản Facebook",
                "date": "Đã tham gia 4 năm",
                "reviewCount": "17 Đánh giá",
                "likedCount": "0 Lượt cảm ơn"
            },
            "review": {
                "rating": 5,
                "title": "Cực kì hài lòng",
                "content": ""
            }
        },
        {
            "reviewer": {
                "name": "Phạm Tô Phương Trình",
                "date": "Đã tham gia 9 năm",
                "reviewCount": "36 Đánh giá",
                "likedCount": "1 Lượt cảm ơn"
            },
            "review": {
                "rating": 5,
                "title": "Cực kì hài lòng",
                "content": ""
            }
        },
        {
            "reviewer": {
                "name": "Trọng Ân a",
                "date": "Đã tham gia 3 năm",
                "reviewCount": "3 Đánh giá",
                "likedCount": "0 Lượt cảm ơn"
            },
            "review": {
                "rating": 5,
                "title": "Cực kì hài lòng",
                "content": "hay"
            }
        },
        {
            "reviewer": {
                "name": "Phạm Thị Kim Ngân",
                "date": "Đã tham gia 4 năm",
                "reviewCount": "13 Đánh giá",
                "likedCount": "0 Lượt cảm ơn"
            },
            "review": {
                "rating": 5,
                "title": "Cực kì hài lòng",
                "content": ""
            }
        },
        {
            "reviewer": {
                "name": "Nguyễn Thanh Loan",
                "date": "Đã tham gia 5 năm",
                "reviewCount": "11 Đánh giá",
                "likedCount": "0 Lượt cảm ơn"
            },
            "review": {
                "rating": 5,
                "title": "Cực kì hài lòng",
                "content": ""
            }
        },
        {
            "reviewer": {
                "name": "Quang Huy",
                "date": "Đã tham gia 5 năm",
                "reviewCount": "30 Đánh giá",
                "likedCount": "0 Lượt cảm ơn"
            },
            "review": {
                "rating": 5,
                "title": "Cực kì hài lòng",
                "content": ""
            }
        },
        {
            "reviewer": {
                "name": "Văn Hường",
                "date": "Đã tham gia 2 năm",
                "reviewCount": "1 Đánh giá",
                "likedCount": "0 Lượt cảm ơn"
            },
            "review": {
                "rating": 5,
                "title": "Cực kì hài lòng",
                "content": ""
            }
        },
        {
            "reviewer": {
                "name": "Mơ Mèo",
                "date": "Đã tham gia 7 năm",
                "reviewCount": "148 Đánh giá",
                "likedCount": "4 Lượt cảm ơn"
            },
            "review": {
                "rating": 5,
                "title": "Cực kì hài lòng",
                "content": ""
            }
        },
        {
            "reviewer": {
                "name": "Nhat Binh",
                "date": "Đã tham gia 4 năm",
                "reviewCount": "36 Đánh giá",
                "likedCount": "0 Lượt cảm ơn"
            },
            "review": {
                "rating": 4,
                "title": "Hài lòng",
                "content": "Nhật ký của 1 người chiến sỹ, tâm sự của 1 người giàu tình cảm mà phải bỏ hết tình riêng để đấu tranh cho đất nước đc độc lập. Ko giám nghĩ đến hp riêng của mình. Đọc mới thấy thêa hệ trước dsax phải chịu nhiều đau thương để bây giờ đc hưởng cuộc sống tự do. Thế hệ trẻ nên đc đọc, hoặc đc giảng dạy về những sách ntn để biết ơn những người đã hi sinh."
            }
        },
        {
            "reviewer": {
                "name": "Pham Van",
                "date": "Đã tham gia 6 năm",
                "reviewCount": "28 Đánh giá",
                "likedCount": "0 Lượt cảm ơn"
            },
            "review": {
                "rating": 4,
                "title": "Hài lòng",
                "content": "Chất lượng sách tốt, nhưng vận chuyển ẩu quá làm hư sách của mình"
            }
        },
        {
            "reviewer": {
                "name": "Ngọc Yến",
                "date": "Đã tham gia 2 năm",
                "reviewCount": "6 Đánh giá",
                "likedCount": "0 Lượt cảm ơn"
            },
            "review": {
                "rating": 4,
                "title": "Hài lòng",
                "content": "Kh hợp gu mình, sẽ ráng đọc xong"
            }
        },
        {
            "reviewer": {
                "name": "Vũ Thị Thuý Hoài",
                "date": "Đã tham gia 5 năm",
                "reviewCount": "14 Đánh giá",
                "likedCount": "0 Lượt cảm ơn"
            },
            "review": {
                "rating": 4,
                "title": "Hài lòng",
                "content": ""
            }
        },
        {
            "reviewer": {
                "name": "Tran Duc Anh",
                "date": "Đã tham gia 6 năm",
                "reviewCount": "32 Đánh giá",
                "likedCount": "0 Lượt cảm ơn"
            },
            "review": {
                "rating": 4,
                "title": "Hài lòng",
                "content": ""
            }
        }
    ]
}