{
    "url": "https://tiki.vn/nguoi-tv-haruki-murakami-p276525618.html?spid=276525619",
    "info": {
        "title": "Người TV ( Haruki Murakami)",
        "author": "Haruki Murakami",
        "imageUrl": "https://salt.tikicdn.com/cache/750x750/ts/product/9d/c6/5b/9c1f5dd57d1a3b397538c389cdfa82ae.jpg.webp",
        "soldQuantity": 45,
        "currentPrice": 80100,
        "originalPrice": 100000
    },
    "details": {
        "publisher": "Nhã Nam",
        "dimensions": "14x20.5cm",
        "coverType": "Bìa mềm",
        "pageCount": "176",
        "publishingHouse": "Nhà Xuất Bản Hội Nhà Văn"
    },
    "description": "Những người TV bất ngờ xâm nhập. Một chàng trai độc thoại như thể đang đọc thơ. Một nữ trúc sư xinh đẹp dễ bị đàn ông xâm phạm. Một bà nội trợ đã không ngủ 17 ngày mà vẫn tỉnh táo như thường...\nMột thế giới đáng sợ và kỳ lạ, nơi mỗi nhân vật đặt ra một bí ẩn. Điều gì xảy ra khi những bức tường giữa sự sống và cái chết, giữa hiện thực và phi thực bị xóa bỏ?\nTrong cuốn \"Người TV\" là sáu truyện ngắn hấp dẫn thể hiện điểm nhìn mới mẻ của nhà văn lừng danh Haruki Murakami. Bằng ngòi bút của mình, tác giả đã đẩy những con người bình thường vào những hoàn cảnh “có gì đó không ổn”, điềm tĩnh và tài tình miêu tả một thế giới nằm giữa lý tính và ảo vọng.\nGiá sản phẩm trên Tiki đã bao gồm thuế theo luật hiện hành. Bên cạnh đó, tuỳ vào loại sản phẩm, hình thức và địa chỉ giao hàng mà có thể phát sinh thêm chi phí khác như phí vận chuyển, phụ phí hàng cồng kềnh, thuế nhập khẩu (đối với đơn hàng giao từ nước ngoài có giá trị trên 1 triệu đồng).....",
    "rating": {
        "totalRating": 5.0,
        "numberOfRating": 3
    },
    "reviews": [
        {
            "reviewer": {
                "name": "LÂM LẠC HỒNG",
                "date": "Đã tham gia 6 năm",
                "reviewCount": "7 Đánh giá",
                "likedCount": "0 Lượt cảm ơn"
            },
            "review": {
                "rating": 5,
                "title": "Cực kì hài lòng",
                "content": ""
            }
        },
        {
            "reviewer": {
                "name": "lê hoàng",
                "date": "Đã tham gia 9 năm",
                "reviewCount": "655 Đánh giá",
                "likedCount": "12 Lượt cảm ơn"
            },
            "review": {
                "rating": 5,
                "title": "Cực kì hài lòng",
                "content": ""
            }
        },
        {
            "reviewer": {
                "name": "Nguyễn Duy Hưng",
                "date": "Đã tham gia 6 năm",
                "reviewCount": "727 Đánh giá",
                "likedCount": "13 Lượt cảm ơn"
            },
            "review": {
                "rating": 5,
                "title": "Cực kì hài lòng",
                "content": ""
            }
        }
    ]
}