{
    "url": "https://tiki.vn/tieu-su-elon-musk-p273383957.html?spid=273384043",
    "info": {
        "title": "TIỂU SỬ ELON MUSK",
        "author": "Walter Isaacson",
        "imageUrl": "https://salt.tikicdn.com/cache/750x750/ts/product/6e/90/13/d886d7acf6d94d517b66c3d0f69eb17b.jpg.webp",
        "soldQuantity": 593,
        "currentPrice": 362000,
        "originalPrice": 499000
    },
    "details": {
        "publisher": "Alphabooks",
        "publishDate": "2023-11-01 00:00:00",
        "dimensions": "16x24 cm",
        "coverType": "Bìa cứng",
        "pageCount": "756",
        "publishingHouse": "Nhà Xuất Bản Công Thương"
    },
    "description": "Tiểu sử Elon Musk là cuộc khám phá về cuộc sống và công việc của một biểu tượng thời hiện đại, mang đến những hiểu biết sâu sắc về tâm trí của một người có tầm nhìn được thúc đẩy bởi sự theo đuổi không ngừng đổi mới và tiến bộ. Đây là một cuốn sách hấp dẫn dành cho những ai quan tâm đến sự giao thoa giữa công nghệ, tinh thần kinh doanh và tâm lý con người.\nTiểu sử Elon Musk của Walter Isaacson đi sâu vào cuộc đời và tính cách của một trong những nhà đổi mới hấp dẫn và gây tranh cãi nhất trong thời đại chúng ta, Elon Musk. Cuốn tiểu sử đưa người đọc vào một hành trình gần gũi xuyên suốt cuộc đời đầy biến động của Musk, khám phá những trải nghiệm thời thơ ấu của anh ở Nam Phi, mối quan hệ phức tạp của anh với cha mình và quá trình phát triển thành một doanh nhân có tầm nhìn xa trông rộng, được biết đến với việc dẫn đầu các dự án đột phá trong lĩnh vực xe điện, thám hiểm không gian và trí tuệ nhân tạo cũng như những mục tiêu đầy tham vọng của ông đối với nhân loại.\nIsaacson đã vẽ nên một bức tranh sống động về Musk như một \"đứa trẻ\" được hình thành từ những vết sẹo cả về thể xác lẫn tinh thần trong quá khứ, bao gồm cả việc bị bắt nạt khi còn nhỏ. Tính cách của Musk được đặc trưng bởi tính khí thất thường, khả năng chấp nhận rủi ro cao và quyết tâm kiên cường theo đuổi những sứ mệnh lớn lao.\nCuốn tiểu sử này cung cấp cái nhìn hậu trường về các hoạt động kinh doanh của Musk, bao gồm SpaceX, Tesla và việc anh tiếp quản Twitter, làm sáng tỏ phong cách lãnh đạo, nỗi ám ảnh về chi tiết và việc không ngừng theo đuổi các mục tiêu của mình.\nIsaacson cũng đi sâu vào cuộc sống cá nhân của Musk, bao gồm các mối quan hệ và vai trò làm cha của anh, tiết lộ những chi tiết hấp dẫn về động lực gia đình độc đáo cũng như khát vọng có được những đứa con thông minh.\nXuyên suốt cuốn sách, Isaacson đưa ra một góc nhìn cân bằng về điểm mạnh và điểm yếu của Musk, nêu bật khả năng vượt trội của anh trong việc thúc đẩy sự thay đổi và đổi mới, đồng thời thừa nhận sự thiếu đồng cảm và thách thức của anh trong các tương tác xã hội.\nMặc dù cuốn tiểu sử mang lại cái nhìn toàn diện và chi tiết về cuộc đời và sự nghiệp của Musk, nhưng nó cũng để lại chỗ cho người đọc suy ngẫm về những khía cạnh bí ẩn trong tính cách cũng như sự phức tạp trong những tham vọng của ông. Nghiên cứu tỉ mỉ của Isaacson và khả năng tiếp cận vòng tròn bên trong của Musk khiến đây trở thành nguồn tài nguyên quý giá cho những ai muốn tìm hiểu con người đằng sau những công nghệ biến đổi của thời đại chúng ta.Phiên bản thường được tặng kèm ngẫu nhiên sổ tay cho bản in đầu.\nGiá sản phẩm trên Tiki đã bao gồm thuế theo luật hiện hành. Bên cạnh đó, tuỳ vào loại sản phẩm, hình thức và địa chỉ giao hàng mà có thể phát sinh thêm chi phí khác như phí vận chuyển, phụ phí hàng cồng kềnh, thuế nhập khẩu (đối với đơn hàng giao từ nước ngoài có giá trị trên 1 triệu đồng).....",
    "rating": {
        "totalRating": 4.8,
        "numberOfRating": 54
    },
    "reviews": [
        {
            "reviewer": {
                "name": "Vũ Anh Tuấn",
                "date": "Đã tham gia 5 năm",
                "reviewCount": "5 Đánh giá",
                "likedCount": "1 Lượt cảm ơn"
            },
            "review": {
                "rating": 5,
                "title": "Cực kì hài lòng",
                "content": "Sách chất lượng cao. Giao hàng nhanh đặt hàng sau 1h là nhận rồi. Tui thấy Tiki là nhất, giá tốt nhất, ship nhanh nhất, chất lượng nhất. Rất khuyên mọi người nên mua ở Tiki!"
            }
        },
        {
            "reviewer": {
                "name": "Thao Hoang",
                "date": "Đã tham gia 13 năm",
                "reviewCount": "25 Đánh giá",
                "likedCount": "58 Lượt cảm ơn"
            },
            "review": {
                "rating": 5,
                "title": "Cực kì hài lòng",
                "content": "Sách bìa cứng rất đẹp, giấy tốt;\r\n\r\nĐược tặng cuốn tập có một số câu nói cảm hứng của Elon Musk;\r\n\r\nVận chuyển rất nhanh: mua lúc đêm mà 2h trưa nhận được;\r\n\r\nGiá rất tốt so với chỗ khác bán;\r\n\r\n\r\nCám ơn Tiki, Tiki Trading, mình coi đây là món quà năm mới 2024 đầy hào hứng !!"
            }
        },
        {
            "reviewer": {
                "name": "Nga Le",
                "date": "Đã tham gia 4 năm",
                "reviewCount": "56 Đánh giá",
                "likedCount": "3 Lượt cảm ơn"
            },
            "review": {
                "rating": 5,
                "title": "Cực kì hài lòng",
                "content": "Sách đẹp, được tặng kèm sổ ghi chú đẹp,cho shop 5 sao"
            }
        },
        {
            "reviewer": {
                "name": "Nga Lê",
                "date": "Đã tham gia 3 năm",
                "reviewCount": "30 Đánh giá",
                "likedCount": "1 Lượt cảm ơn"
            },
            "review": {
                "rating": 5,
                "title": "Cực kì hài lòng",
                "content": "Thanks TIKI\r\n❤️❤️❤️❤️❤️\r\nSách đẹp, mới"
            }
        },
        {
            "reviewer": {
                "name": "Đặng Vĩnh Bình",
                "date": "Đã tham gia 10 năm",
                "reviewCount": "12 Đánh giá",
                "likedCount": "1 Lượt cảm ơn"
            },
            "review": {
                "rating": 5,
                "title": "Cực kì hài lòng",
                "content": "Nội dung sách rất hay, đọc rất cuốn hút."
            }
        },
        {
            "reviewer": {
                "name": "Nguyễn Thành Trung",
                "date": "Đã tham gia 13 năm",
                "reviewCount": "167 Đánh giá",
                "likedCount": "50 Lượt cảm ơn"
            },
            "review": {
                "rating": 5,
                "title": "Cực kì hài lòng",
                "content": "Tiki giao hàng nhanh và đóng gói cẩn thận."
            }
        },
        {
            "reviewer": {
                "name": "Nguyễn Văn Hoan",
                "date": "Đã tham gia 8 năm",
                "reviewCount": "30 Đánh giá",
                "likedCount": "0 Lượt cảm ơn"
            },
            "review": {
                "rating": 5,
                "title": "Cực kì hài lòng",
                "content": "giao hàng rất nhanh. Nếu xét về độ uy tín và tin cậy tôi khuyên mọi người chọn Tiki"
            }
        },
        {
            "reviewer": {
                "name": "Nguyễn Hoàng Quân",
                "date": "Đã tham gia 9 năm",
                "reviewCount": "21 Đánh giá",
                "likedCount": "7 Lượt cảm ơn"
            },
            "review": {
                "rating": 5,
                "title": "Cực kì hài lòng",
                "content": "Sách hay, mở ra nhiều góc nhìn về ELON MUSK"
            }
        },
        {
            "reviewer": {
                "name": "Huu Tin",
                "date": "Đã tham gia 11 năm",
                "reviewCount": "14 Đánh giá",
                "likedCount": "0 Lượt cảm ơn"
            },
            "review": {
                "rating": 5,
                "title": "Cực kì hài lòng",
                "content": "Sách có nội dung hay, hữu ích, có tinh thần động viên và khích lệ 👍👍👍"
            }
        },
        {
            "reviewer": {
                "name": "Dương Thành Anh",
                "date": "Đã tham gia 3 năm",
                "reviewCount": "66 Đánh giá",
                "likedCount": "1 Lượt cảm ơn"
            },
            "review": {
                "rating": 5,
                "title": "Cực kì hài lòng",
                "content": "tốt"
            }
        },
        {
            "reviewer": {
                "name": "Nguyen Ba Hoang",
                "date": "Đã tham gia 11 năm",
                "reviewCount": "45 Đánh giá",
                "likedCount": "8 Lượt cảm ơn"
            },
            "review": {
                "rating": 5,
                "title": "Cực kì hài lòng",
                "content": "Tiki giao hàng quá nhanh, sách được bọc kĩ, 10 điểm!"
            }
        },
        {
            "reviewer": {
                "name": "Châu Bùi",
                "date": "Đã tham gia 6 năm",
                "reviewCount": "5 Đánh giá",
                "likedCount": "0 Lượt cảm ơn"
            },
            "review": {
                "rating": 5,
                "title": "Cực kì hài lòng",
                "content": "Nội dung hay, văn phong lôi cuốn"
            }
        },
        {
            "reviewer": {
                "name": "Hồ Quang Minh",
                "date": "Đã tham gia 4 năm",
                "reviewCount": "66 Đánh giá",
                "likedCount": "1 Lượt cảm ơn"
            },
            "review": {
                "rating": 5,
                "title": "Cực kì hài lòng",
                "content": "Quá ok"
            }
        },
        {
            "reviewer": {
                "name": "Nguyễn Mạnh Cường",
                "date": "Đã tham gia 8 năm",
                "reviewCount": "111 Đánh giá",
                "likedCount": "66 Lượt cảm ơn"
            },
            "review": {
                "rating": 5,
                "title": "Cực kì hài lòng",
                "content": "tuyệt vời. tôi thích elon musk từ lâu rồi"
            }
        },
        {
            "reviewer": {
                "name": "Han Tran",
                "date": "Đã tham gia 3 năm",
                "reviewCount": "20 Đánh giá",
                "likedCount": "0 Lượt cảm ơn"
            },
            "review": {
                "rating": 5,
                "title": "Cực kì hài lòng",
                "content": ""
            }
        },
        {
            "reviewer": {
                "name": "Quang Phú",
                "date": "Đã tham gia 6 năm",
                "reviewCount": "2 Đánh giá",
                "likedCount": "0 Lượt cảm ơn"
            },
            "review": {
                "rating": 5,
                "title": "Cực kì hài lòng",
                "content": ""
            }
        },
        {
            "reviewer": {
                "name": "hoa ng",
                "date": "Đã tham gia 3 năm",
                "reviewCount": "11 Đánh giá",
                "likedCount": "0 Lượt cảm ơn"
            },
            "review": {
                "rating": 5,
                "title": "Cực kì hài lòng",
                "content": ""
            }
        },
        {
            "reviewer": {
                "name": "Phương Đặng",
                "date": "Đã tham gia 2 tháng",
                "reviewCount": "2 Đánh giá",
                "likedCount": "0 Lượt cảm ơn"
            },
            "review": {
                "rating": 5,
                "title": "Cực kì hài lòng",
                "content": ""
            }
        },
        {
            "reviewer": {
                "name": "Nguyễn Anh Văn",
                "date": "Đã tham gia 7 năm",
                "reviewCount": "31 Đánh giá",
                "likedCount": "0 Lượt cảm ơn"
            },
            "review": {
                "rating": 5,
                "title": "Cực kì hài lòng",
                "content": ""
            }
        },
        {
            "reviewer": {
                "name": "Phan Quỳnh",
                "date": "Đã tham gia 10 năm",
                "reviewCount": "69 Đánh giá",
                "likedCount": "15 Lượt cảm ơn"
            },
            "review": {
                "rating": 5,
                "title": "Cực kì hài lòng",
                "content": "Hayyyyyy!"
            }
        },
        {
            "reviewer": {
                "name": "Quang Tran",
                "date": "Đã tham gia 13 năm",
                "reviewCount": "43 Đánh giá",
                "likedCount": "3 Lượt cảm ơn"
            },
            "review": {
                "rating": 5,
                "title": "Cực kì hài lòng",
                "content": ""
            }
        },
        {
            "reviewer": {
                "name": "Trần Thanh Sang",
                "date": "Đã tham gia 8 năm",
                "reviewCount": "3 Đánh giá",
                "likedCount": "0 Lượt cảm ơn"
            },
            "review": {
                "rating": 5,
                "title": "Cực kì hài lòng",
                "content": ""
            }
        },
        {
            "reviewer": {
                "name": "nguyen dung",
                "date": "Đã tham gia 3 năm",
                "reviewCount": "1 Đánh giá",
                "likedCount": "0 Lượt cảm ơn"
            },
            "review": {
                "rating": 5,
                "title": "Cực kì hài lòng",
                "content": ""
            }
        },
        {
            "reviewer": {
                "name": "Ung Văn Thịnh",
                "date": "Đã tham gia 4 năm",
                "reviewCount": "1 Đánh giá",
                "likedCount": "0 Lượt cảm ơn"
            },
            "review": {
                "rating": 5,
                "title": "Cực kì hài lòng",
                "content": ""
            }
        },
        {
            "reviewer": {
                "name": "Anh Tuấn",
                "date": "Đã tham gia 8 năm",
                "reviewCount": "45 Đánh giá",
                "likedCount": "1 Lượt cảm ơn"
            },
            "review": {
                "rating": 5,
                "title": "Cực kì hài lòng",
                "content": "Giao Hàng Nhanh"
            }
        },
        {
            "reviewer": {
                "name": "Enesti Echevaliver",
                "date": "Đã tham gia 4 năm",
                "reviewCount": "124 Đánh giá",
                "likedCount": "0 Lượt cảm ơn"
            },
            "review": {
                "rating": 5,
                "title": "Cực kì hài lòng",
                "content": ""
            }
        },
        {
            "reviewer": {
                "name": "Nguyễn Duy Hưng",
                "date": "Đã tham gia 6 năm",
                "reviewCount": "727 Đánh giá",
                "likedCount": "13 Lượt cảm ơn"
            },
            "review": {
                "rating": 5,
                "title": "Cực kì hài lòng",
                "content": ""
            }
        },
        {
            "reviewer": {
                "name": "Nguyễn Thanh Tuấn",
                "date": "Đã tham gia 8 năm",
                "reviewCount": "161 Đánh giá",
                "likedCount": "105 Lượt cảm ơn"
            },
            "review": {
                "rating": 5,
                "title": "Cực kì hài lòng",
                "content": "Sách chất lượng"
            }
        },
        {
            "reviewer": {
                "name": "Anh Karry",
                "date": "Đã tham gia 6 năm",
                "reviewCount": "1 Đánh giá",
                "likedCount": "0 Lượt cảm ơn"
            },
            "review": {
                "rating": 5,
                "title": "Cực kì hài lòng",
                "content": ""
            }
        },
        {
            "reviewer": {
                "name": "Vũ Bá Linh",
                "date": "Đã tham gia 8 năm",
                "reviewCount": "48 Đánh giá",
                "likedCount": "7 Lượt cảm ơn"
            },
            "review": {
                "rating": 5,
                "title": "Cực kì hài lòng",
                "content": ""
            }
        },
        {
            "reviewer": {
                "name": "pham hà thu",
                "date": "Đã tham gia 7 năm",
                "reviewCount": "38 Đánh giá",
                "likedCount": "38 Lượt cảm ơn"
            },
            "review": {
                "rating": 5,
                "title": "Cực kì hài lòng",
                "content": ""
            }
        },
        {
            "reviewer": {
                "name": "Nguyen Nhu Huyen",
                "date": "Đã tham gia 2 năm",
                "reviewCount": "35 Đánh giá",
                "likedCount": "3 Lượt cảm ơn"
            },
            "review": {
                "rating": 5,
                "title": "Cực kì hài lòng",
                "content": ""
            }
        },
        {
            "reviewer": {
                "name": "Thanh Hiep Ho",
                "date": "Đã tham gia 8 năm",
                "reviewCount": "3 Đánh giá",
                "likedCount": "0 Lượt cảm ơn"
            },
            "review": {
                "rating": 5,
                "title": "Cực kì hài lòng",
                "content": ""
            }
        },
        {
            "reviewer": {
                "name": "LE THI DIEM TRANG",
                "date": "Đã tham gia 6 năm",
                "reviewCount": "14 Đánh giá",
                "likedCount": "0 Lượt cảm ơn"
            },
            "review": {
                "rating": 5,
                "title": "Cực kì hài lòng",
                "content": ""
            }
        },
        {
            "reviewer": {
                "name": "Nhựt Nguyễn",
                "date": "Đã tham gia 4 năm",
                "reviewCount": "14 Đánh giá",
                "likedCount": "5 Lượt cảm ơn"
            },
            "review": {
                "rating": 5,
                "title": "Cực kì hài lòng",
                "content": "Hay"
            }
        },
        {
            "reviewer": {
                "name": "Nguyễn Thái Huy",
                "date": "Đã tham gia 13 năm",
                "reviewCount": "22 Đánh giá",
                "likedCount": "0 Lượt cảm ơn"
            },
            "review": {
                "rating": 5,
                "title": "Cực kì hài lòng",
                "content": ""
            }
        },
        {
            "reviewer": {
                "name": "Kim Chi",
                "date": "Đã tham gia 6 năm",
                "reviewCount": "25 Đánh giá",
                "likedCount": "0 Lượt cảm ơn"
            },
            "review": {
                "rating": 5,
                "title": "Cực kì hài lòng",
                "content": ""
            }
        },
        {
            "reviewer": {
                "name": "Quyết Thắng",
                "date": "Đã tham gia 1 năm",
                "reviewCount": "5 Đánh giá",
                "likedCount": "0 Lượt cảm ơn"
            },
            "review": {
                "rating": 5,
                "title": "Cực kì hài lòng",
                "content": ""
            }
        },
        {
            "reviewer": {
                "name": "Tronganh Phung",
                "date": "Đã tham gia 7 năm",
                "reviewCount": "1 Đánh giá",
                "likedCount": "0 Lượt cảm ơn"
            },
            "review": {
                "rating": 5,
                "title": "Cực kì hài lòng",
                "content": ""
            }
        },
        {
            "reviewer": {
                "name": "Nguyễn Như Đoàn",
                "date": "Đã tham gia 5 năm",
                "reviewCount": "5 Đánh giá",
                "likedCount": "0 Lượt cảm ơn"
            },
            "review": {
                "rating": 5,
                "title": "Cực kì hài lòng",
                "content": ""
            }
        },
        {
            "reviewer": {
                "name": "Dương Tấn Đạt",
                "date": "Đã tham gia 9 năm",
                "reviewCount": "22 Đánh giá",
                "likedCount": "1 Lượt cảm ơn"
            },
            "review": {
                "rating": 5,
                "title": "Cực kì hài lòng",
                "content": ""
            }
        },
        {
            "reviewer": {
                "name": "Nguyễn Quân",
                "date": "Đã tham gia 6 năm",
                "reviewCount": "1 Đánh giá",
                "likedCount": "0 Lượt cảm ơn"
            },
            "review": {
                "rating": 5,
                "title": "Cực kì hài lòng",
                "content": ""
            }
        },
        {
            "reviewer": {
                "name": "Phạm Tuân",
                "date": "Đã tham gia 2 năm",
                "reviewCount": "1 Đánh giá",
                "likedCount": "0 Lượt cảm ơn"
            },
            "review": {
                "rating": 5,
                "title": "Cực kì hài lòng",
                "content": ""
            }
        },
        {
            "reviewer": {
                "name": "Nhật Minh Nguyễn Đinh",
                "date": "Đã tham gia 10 năm",
                "reviewCount": "30 Đánh giá",
                "likedCount": "1 Lượt cảm ơn"
            },
            "review": {
                "rating": 5,
                "title": "Cực kì hài lòng",
                "content": ""
            }
        },
        {
            "reviewer": {
                "name": "Đỗ Ngọc Quang",
                "date": "Đã tham gia 10 năm",
                "reviewCount": "75 Đánh giá",
                "likedCount": "60 Lượt cảm ơn"
            },
            "review": {
                "rating": 5,
                "title": "Cực kì hài lòng",
                "content": ""
            }
        },
        {
            "reviewer": {
                "name": "Quang Huy",
                "date": "Đã tham gia 7 năm",
                "reviewCount": "42 Đánh giá",
                "likedCount": "1 Lượt cảm ơn"
            },
            "review": {
                "rating": 5,
                "title": "Cực kì hài lòng",
                "content": ""
            }
        },
        {
            "reviewer": {
                "name": "Văn Quang Sang",
                "date": "Đã tham gia 10 năm",
                "reviewCount": "40 Đánh giá",
                "likedCount": "2 Lượt cảm ơn"
            },
            "review": {
                "rating": 5,
                "title": "Cực kì hài lòng",
                "content": ""
            }
        },
        {
            "reviewer": {
                "name": "ha le",
                "date": "Đã tham gia 3 năm",
                "reviewCount": "3 Đánh giá",
                "likedCount": "3 Lượt cảm ơn"
            },
            "review": {
                "rating": 1,
                "title": "Rất không hài lòng",
                "content": "Ko comment về nội dung sách vì chưa đọc. Nhưng ko hài lòng dịch vụ của nhà sách. Ts bảo pre-order được quà rồi mình pre-order trước cả tháng xong được cái nịt ạ. Cay đcđ như bị ***. Ts mình còn mua tận 2 quyển nhé. Tí quyển kia rate 1 sao nữa 😡😡😡"
            }
        },
        {
            "reviewer": {
                "name": "Thành Long",
                "date": "Đã tham gia 4 năm",
                "reviewCount": "5 Đánh giá",
                "likedCount": "0 Lượt cảm ơn"
            },
            "review": {
                "rating": 4,
                "title": "Hài lòng",
                "content": "Giao hàng nhanh, đóng gói cẩn thận, đẹp đẽ...chưa đọc nhưng chắc OK"
            }
        },
        {
            "reviewer": {
                "name": "Duong Thien Ha",
                "date": "Đã tham gia 9 năm",
                "reviewCount": "71 Đánh giá",
                "likedCount": "88 Lượt cảm ơn"
            },
            "review": {
                "rating": 1,
                "title": "Rất không hài lòng",
                "content": "Bản sách đặc biệt như 1 cú lừa của Alphabooks. Chả khác gì bản thường, chém giá đắt x2. Thêm có mỗi cái AR chả có thêm tác dụng gì cũng chém được giá x2."
            }
        },
        {
            "reviewer": {
                "name": "Nguyễn Đức Hiếu",
                "date": "Đã tham gia 2 tháng",
                "reviewCount": "1 Đánh giá",
                "likedCount": "0 Lượt cảm ơn"
            },
            "review": {
                "rating": 4,
                "title": "Hài lòng",
                "content": "Giáo hàng bị méo sách 1 tí"
            }
        },
        {
            "reviewer": {
                "name": "Trần Thiên Thành",
                "date": "Đã tham gia 10 năm",
                "reviewCount": "35 Đánh giá",
                "likedCount": "9 Lượt cảm ơn"
            },
            "review": {
                "rating": 4,
                "title": "Hài lòng",
                "content": ""
            }
        },
        {
            "reviewer": {
                "name": "trường lê",
                "date": "Đã tham gia 4 năm",
                "reviewCount": "278 Đánh giá",
                "likedCount": "8 Lượt cảm ơn"
            },
            "review": {
                "rating": 4,
                "title": "Hài lòng",
                "content": ""
            }
        },
        {
            "reviewer": {
                "name": "Đặng Quốc Việt",
                "date": "Đã tham gia 6 năm",
                "reviewCount": "335 Đánh giá",
                "likedCount": "7 Lượt cảm ơn"
            },
            "review": {
                "rating": 4,
                "title": "Hài lòng",
                "content": ""
            }
        }
    ]
}