{
    "url": "https://tiki.vn/chia-se-tu-trai-tim-thich-phap-hoa-p275408103.html?spid=275408104",
    "info": {
        "title": "Chia Sẻ Từ Trái Tim (Thích Pháp Hòa)",
        "author": null,
        "imageUrl": "https://salt.tikicdn.com/cache/750x750/ts/product/91/f9/cc/c233e79de399e17cbb08333fc6453784.jpg.webp",
        "soldQuantity": 1000,
        "currentPrice": 121000,
        "originalPrice": 168000
    },
    "details": {
        "publisher": "FIRST NEWS",
        "publishDate": "2023-12-21 14:00:00",
        "coverType": "Bìa mềm",
        "Phương thức giao hàng Seller Delivery": "Nhà bán giao hàng cho khách hàng",
        "publishingHouse": "Nhà Xuất Bản Dân Trí"
    },
    "description": "Sách Chia Sẻ Từ Trái Tim\nChia sẻ từ trái timlà một tuyển tập từ hàng trăm bài pháp thoại của Sa Môn Thích Pháp Hòa, được sắp xếp theo các chủ đề nhằm hệ thống lại những khái niệm, tư tưởng căn bản của đạo Phật qua lời giảng gần gũi của thầy, để mỗi người chúng ta có thể đưa vào áp dụng trong chính cuộc sống hằng ngày của m.ình.\nTrong quyển sách này, quý vị sẽ được tiếp cận Nhân Quả theo một cách giản dị qua những câu chuyện đời thường của thầy Thích Pháp Hòa. Trong khi ngôn ngữ của giáo lý thường là rào cản thì những câu chuyện vui, những ví dụ gần gũi lại có khả năng mang chúng ta đến gần hơn với sự thật của đời sống. Những lời chia sẻ và câu chuyện của thầy Pháp Hòa về các mối quan hệ và cách ứng xử trong xã hội như cha mẹ - con cái, vợ - chồng, thầy - trò, bạn bè, … cũng được ban biên tập tuyển chọn và giới thiệu đến quý bạn đọc. Thông qua đó, chúng ta thấy được “Phật pháp tại thế gian, bất ly thế gian giác” – Phật pháp không ở đâu xa ngoài đời sống thế gian.\nVỀ TÁC GIẢ\nThầy Thích Pháp Hòa sinh năm 1974 tại Cần Thơ, trong một gia đình có hai con trai và thầy là con trưởng.\nCơ duyên của thầy với đạo Phật đã sớm bộc lộ từ khi thầy còn rất nhỏ. Vào năm bảy tuổi, thầy đòi mẹ dẫn vào một tịnh xá xin quy y và phát nguyện ăn chay, tụng kinh, thờ Phật. Tâm niệm xuất gia trong thầy cứ thế mỗi ngày một lớn. Năm mười hai tuổi, thầy và em trai cùng với mẹ của thầy sang Canada để đoàn tụ với cha của thầy.\nKhi đặt chân đến thành phố Edmonton (Canada), thầy mới vỡ lẽ rằng nơi đây có rất ít người Việt và vì vậy cũng khó tìm thấy một ngôi chùa nào. Dù đối mặt với nhiều trở ngại, tâm bồ đề của thầy chẳng những không thối chuyển mà càng được củng cố mạnh mẽ hơn. Năm mười lăm tuổi, thầy chính thức xuất gia. Khi đó, tu viện Trúc Lâm tại Edmonton còn rất sơ khai.\nNăm 1994, khi vừa tròn hai mươi tuổi, thầy được vị bổn sư gửi sang Làng Mai (Pháp) để thọ giới tỳ-kheo và đã được thiền sư Thích Nhất Hạnh trực tiếp truyền giới trong đại giới đàn Hương Tích. Tuy thời gian lưu lại tại Làng Mai ngắn ngủi (chỉ trong vòng một tháng) nhưng thầy đã tiếp nhận và học hỏi được rất nhiều. Từ đó, thầy có thể dung hòa những hình thức tu tập mới vào truyền thống mà thầy đang theo để ngày càng tăng tiến trong đạo. Sau khi nhận truyền đăng từ thiền sư Thích Nhất Hạnh vào năm 1999, thầy lại trở về Canada tiếp tục con đường hoằng pháp của m.ình. Đến năm 2006, sau một thời gian tu tập và giảng pháp, thầy được vị bổn sư tin cậy giao phó vai trò trụ trì Tu viện Trúc Lâm (tỉnh Alberta, Canada). Năm 2007, sau khi tu viện Tây Thiên được hoàn thành, thầy đảm nhiệm thêm trọng trách trụ trì tu viện Tây Thiên.\nVới phong cách giản dị, gần gũi và khiêm cung và khả năng chuyển tải Phật pháp thâm sâu thành những cách thực hành gần gũi trong đời sống, thầy Thích Pháp Hòa nhận được sự yêu mến của đông đảo đại chúng thông qua những bài giảng pháp trên YouTube. Thầy là một minh chứng cho thấy rằng những vị chân tu vẫn có thể chinh phục lòng người theo cách “hữu xạ tự nhiên hương”.\nTHÔNG TIN SÁCH\nbức tranh Phật giáo ngày nay, thầy Thích Pháp Hòa vụt sáng như một hiện tượng hiếm có. Thầy chiếm được trọn vẹn tình cảm của Phật tử không chỉ ở hải ngoại mà cả tại quê nhà Việt Nam. Sự yêu mến mà Phật tử khắp nơi dành cho thầy Thích Pháp Hòa là một minh chứng cho thấy rằng những vị chân tu vẫn có thể chinh phục lòng người theo cách “hữu xạ tự nhiên hương”.\n2. Điểm đáng quý ở thầy là sự dung dị, gần gũi và khiêm cung – những phẩm chất hiếm có trong thế giới hiện đại ngày nay.\n3. Một trong những lý do tại sao những lời giảng của thầy Thích Pháp Hòa được đông đảo đại chúng đón nhận và dễ đi vào lòng người là thầy dùng thân giáo nhiều hơn khẩu giáo: phong thái nhẹ nhàng, hòa ái, giản dị cũng như cách ứng xử trong mọi tình huống của thầy chính là bài pháp vô ngôn có uy lực nhất đối với Phật tử gần xa cũng như các đệ tử thân cận với thầy.\n4. Một lý do khác là thầy có một lối tiếp cận rất riêng, không lẫn với vị giảng sư nào: thầy thường bắt đầu bài pháp thoại bằng cách kể chuyện. Đó có thể là một câu chuyện trong đời tu của thầy, hoặc những sinh hoạt thường nhật trong chùa, hoặc một vấn đề của một vị Phật tử mà thầy có duyên gặp gỡ và giải quyết khúc mắc cho họ. Lối kể chuyện của thầy rất dung dị pha một chút hóm hỉnh với chất giọng Nam bộ, khiến cho nhiều đối tượng người nghe cảm thấy Phật pháp trở nên gần gũi, dễ tiếp cận. Thầy khéo léo lồng ghép giáo lý của đạo Phật vào các câu chuyện kể, giúp người nghe liên hệ được tư tưởng thâm sâu của đạo Phật với những vấn đề thân thuộc trong cuộc sống của chính m.ình. Thầy luôn biết cách giải thích các khái niệm Phật học cao siêu theo một cách đơn giản nhất.\n5. Không chỉ uyên bác về kinh điển Đại thừa, thầy còn kết hợp những hiểu biết đó với tư tưởng của Nguyên thủy nhằm bổ khuyết và làm cho giáo pháp của đức Phật càng được sáng tỏ hơn. Cho nên, bất luận giảng kinh nào, thầy cũng đều hướng Phật tử quay về gốc rễ của đạo Phật để không bị lạc lối trong mê cung của giáo lý, kinh luận.\n6. Trong cuộc sống thường nhật, thầy luôn tỏa ra sự hoan hỉ, giản dị và từ bi không chỉ với đại chúng mà cả với những vị đệ tử trong chùa. Và người nghe cảm nhận rõ điều này thông qua những câu chuyện thầy kể.\nQUOTES:\n1. Chính vì lạc quan nên đạo Phật dám chỉ thẳng vào cái mà con người sợ hãi – Khổ.\n2. Một người cần có tâm độ lượng để có thành tựu trong mọi việc. Nhưng nếu muốn có được tâm độ lượng đó, m.ình phải có tầm nhìn, tư duy, ăn nói, …\n3. Không phải m.ình nói chỉ sống với hiện tại có nghĩa là m.ình xả láng. Phải chánh niệm với hiện tại, chánh niệm với quá khứ và chánh niệm với tương lai.\n4. Hôm nào có mây, có nắng, có trăng, m.ình hãy tiếp nhận nó, hãy nhìn kỹ nó để đem những hình ảnh đẹp đó vào trong tâm m.ình. Để hôm nào, dù không có trăng, không có nắng, khi m.ình bước ra thềm ngồi, trong lòng m.ình vẫn có ánh trăng soi.\n5. Khi một người đang giận, họ sẽ không muốn nghe m.ình nói. Cho nên đừng nên nói gì hết, chỉ im lặng thôi.\n6. Tu theo Phật có nghĩa là làm sao cho tâm của m.ình mỗi ngày mỗi sáng lên. Và tâm có tĩnh thì mới sáng và nhận ra.\n7. Sống đơn giản cũng là cách m.ình nói lên lòng tri ân của m.ình.\n8. Vợ chồng thương nhau, nhưng mới hiểu nhau một phần thôi, chưa hiểu hết đâu. Càng sống với nhau thì cái thương, cái hiểu, cái cần hiểu mới bắt đầu lớn ra.\n9. Khi thấy xung quanh m.ình đều là người ơn, chúng ta hành động nhẹ nhàng hơn, nói năng nhẹ nhàng hơn, suy nghĩ cũng nhẹ nhàng hơn.\n10. Với người đời, m.ình không cần phải nói hay thể hiện ra. Mình cứ làm, cứ sống đi, tự động mọi người sẽ ghi nhận.\n11. Chúng ta có quá nhiều nhu cầu, mà nhu cầu nhiều chừng nào thì nhân họa, thiên tai nhiều chừng nấy.\n12. Nếu biết m.ình có phước, chúng ta phải dụng phước chứ đừng hao phí phước.\n13. Nếu muốn dưỡng dục con, bản thân m.ình phải dưỡng trên ba phương diện thân, khẩu, ý.\n14. Phật đạo chính là những đạo chúng ta đang theo. Đạo làm chồng, đạo làm cha, đạo làm mẹ, đạo làm con, …\n15. Tu càng lâu, sống càng lâu, m.ình càng phải nhỏ lại. Tu càng cao mà ngã càng lớn là tu sai rồi.\nGiá sản phẩm trên Tiki đã bao gồm thuế theo luật hiện hành. Bên cạnh đó, tuỳ vào loại sản phẩm, hình thức và địa chỉ giao hàng mà có thể phát sinh thêm chi phí khác như phí vận chuyển, phụ phí hàng cồng kềnh, thuế nhập khẩu (đối với đơn hàng giao từ nước ngoài có giá trị trên 1 triệu đồng).....",
    "rating": {
        "totalRating": 4.9,
        "numberOfRating": 94
    },
    "reviews": [
        {
            "reviewer": {
                "name": "Cao Vy",
                "date": "Đã tham gia 6 năm",
                "reviewCount": "5 Đánh giá",
                "likedCount": "1 Lượt cảm ơn"
            },
            "review": {
                "rating": 5,
                "title": "Cực kì hài lòng",
                "content": "Mình thấy Tiki + Fahsa giao nhanh, gói cẩn thận. Mở ra nhận đc quyển sách mình rất thích, sách còn nguyên vẹn ko bị móp méo. Mình hay nghe thầy giảng trên Youtube nhưng nếu có thể đọc đc sách vậy thì sẽ có tg ngẫm nghĩ lại đôi chút về những lời thầy giảng và các bài học. Mình nghĩ quyển sách này là 1 quyển sách đáng có trong tủ sách!"
            }
        },
        {
            "reviewer": {
                "name": "Tan Nguyen",
                "date": "Đã tham gia 7 năm",
                "reviewCount": "10 Đánh giá",
                "likedCount": "0 Lượt cảm ơn"
            },
            "review": {
                "rating": 5,
                "title": "Cực kì hài lòng",
                "content": "Cảm quan bên ngoài sách được đóng gói kỹ. Sách cũng được giao nhanh. Nội dung sách phải đọc mới biết được 😁"
            }
        },
        {
            "reviewer": {
                "name": "Namtthuy Nguyen",
                "date": "Đã tham gia 6 năm",
                "reviewCount": "126 Đánh giá",
                "likedCount": "94 Lượt cảm ơn"
            },
            "review": {
                "rating": 5,
                "title": "Cực kì hài lòng",
                "content": "Đóng gói chắc chắn, giao hàng nhanh, giá tốt"
            }
        },
        {
            "reviewer": {
                "name": "Bùi Ngọc Phép",
                "date": "Đã tham gia 6 năm",
                "reviewCount": "10 Đánh giá",
                "likedCount": "2 Lượt cảm ơn"
            },
            "review": {
                "rating": 5,
                "title": "Cực kì hài lòng",
                "content": "Sách đẹp, chữ rõ ràng dù không có màu, cám ơn shop!"
            }
        },
        {
            "reviewer": {
                "name": "Nguyễn Huỳnh Thanh Phương",
                "date": "Đã tham gia 9 năm",
                "reviewCount": "98 Đánh giá",
                "likedCount": "7 Lượt cảm ơn"
            },
            "review": {
                "rating": 5,
                "title": "Cực kì hài lòng",
                "content": "Sách tổng hợp từ các bài thuyết giảng của thầy Thích Pháp Hoà rất hay. Ý nghĩa.🙏🏻"
            }
        },
        {
            "reviewer": {
                "name": "Vu Truong Lam",
                "date": "Đã tham gia 5 năm",
                "reviewCount": "167 Đánh giá",
                "likedCount": "9 Lượt cảm ơn"
            },
            "review": {
                "rating": 5,
                "title": "Cực kì hài lòng",
                "content": "Mộc mạc, chân tình, gần gũi, dễ hiểu. Cuốn sách giúp chúng sinh hiểu thêm về Phật pháp ,nhân quả ,lẽ sống tốt ở đời. Sách in rõ, đẹp."
            }
        },
        {
            "reviewer": {
                "name": "diệu thu",
                "date": "Đã tham gia 3 năm",
                "reviewCount": "2 Đánh giá",
                "likedCount": "0 Lượt cảm ơn"
            },
            "review": {
                "rating": 5,
                "title": "Cực kì hài lòng",
                "content": "Giao hàng nhanh , đóng gói đẹp , hài longg"
            }
        },
        {
            "reviewer": {
                "name": "Nguyễn Kim Hà",
                "date": "Đã tham gia 5 năm",
                "reviewCount": "213 Đánh giá",
                "likedCount": "12 Lượt cảm ơn"
            },
            "review": {
                "rating": 5,
                "title": "Cực kì hài lòng",
                "content": "Sách in đẹp,đóng gói tốt,tác phẩm giá trị ,giao hàng nhanh,shipper thân thiện,cảm ơn nhà cung cấp nhé!"
            }
        },
        {
            "reviewer": {
                "name": "Nguyễn Tuấn Nguyễn",
                "date": "Đã tham gia 4 năm",
                "reviewCount": "1 Đánh giá",
                "likedCount": "0 Lượt cảm ơn"
            },
            "review": {
                "rating": 5,
                "title": "Cực kì hài lòng",
                "content": "Sách từ Fahasa được bao bằng bọc kính và đóng gói kỹ càng. Rất đáng mua!"
            }
        },
        {
            "reviewer": {
                "name": "Vy Nguyen",
                "date": "Đã tham gia 1 năm",
                "reviewCount": "10 Đánh giá",
                "likedCount": "0 Lượt cảm ơn"
            },
            "review": {
                "rating": 5,
                "title": "Cực kì hài lòng",
                "content": ""
            }
        },
        {
            "reviewer": {
                "name": "Trần  Trang",
                "date": "Đã tham gia 11 năm",
                "reviewCount": "68 Đánh giá",
                "likedCount": "0 Lượt cảm ơn"
            },
            "review": {
                "rating": 5,
                "title": "Cực kì hài lòng",
                "content": ""
            }
        },
        {
            "reviewer": {
                "name": "HUỲNH THỊ NGỌC MAI",
                "date": "Đã tham gia 5 năm",
                "reviewCount": "79 Đánh giá",
                "likedCount": "5 Lượt cảm ơn"
            },
            "review": {
                "rating": 5,
                "title": "Cực kì hài lòng",
                "content": "Sách rất hay. Dễ hiểu mà sâu sắc"
            }
        },
        {
            "reviewer": {
                "name": "Kim Ngoc",
                "date": "Đã tham gia 4 năm",
                "reviewCount": "1 Đánh giá",
                "likedCount": "0 Lượt cảm ơn"
            },
            "review": {
                "rating": 5,
                "title": "Cực kì hài lòng",
                "content": "Sách có nội dung hay. Sẽ tiếp tục ủng hộ ."
            }
        },
        {
            "reviewer": {
                "name": "Nguyễn Ly",
                "date": "Đã tham gia 10 năm",
                "reviewCount": "25 Đánh giá",
                "likedCount": "0 Lượt cảm ơn"
            },
            "review": {
                "rating": 5,
                "title": "Cực kì hài lòng",
                "content": "Giao hàng nhanh, đóng gói cẩn thận"
            }
        },
        {
            "reviewer": {
                "name": "Tran Thi Thuy Tram",
                "date": "Đã tham gia 7 năm",
                "reviewCount": "142 Đánh giá",
                "likedCount": "4 Lượt cảm ơn"
            },
            "review": {
                "rating": 5,
                "title": "Cực kì hài lòng",
                "content": "Sách ý như quảng cáo."
            }
        },
        {
            "reviewer": {
                "name": "Tran Xuan Chi",
                "date": "Đã tham gia 8 năm",
                "reviewCount": "22 Đánh giá",
                "likedCount": "1 Lượt cảm ơn"
            },
            "review": {
                "rating": 5,
                "title": "Cực kì hài lòng",
                "content": "Bổ ích cho cuộc sống."
            }
        },
        {
            "reviewer": {
                "name": "Phạm Thị Ánh Hoa",
                "date": "Đã tham gia 5 năm",
                "reviewCount": "16 Đánh giá",
                "likedCount": "0 Lượt cảm ơn"
            },
            "review": {
                "rating": 5,
                "title": "Cực kì hài lòng",
                "content": "Dong gọi cần thận"
            }
        },
        {
            "reviewer": {
                "name": "Trí Trần",
                "date": "Đã tham gia 6 năm",
                "reviewCount": "13 Đánh giá",
                "likedCount": "0 Lượt cảm ơn"
            },
            "review": {
                "rating": 5,
                "title": "Cực kì hài lòng",
                "content": ""
            }
        },
        {
            "reviewer": {
                "name": "Kẹo Dẻo",
                "date": "Đã tham gia 7 năm",
                "reviewCount": "26 Đánh giá",
                "likedCount": "0 Lượt cảm ơn"
            },
            "review": {
                "rating": 5,
                "title": "Cực kì hài lòng",
                "content": ""
            }
        },
        {
            "reviewer": {
                "name": "Bamboo Forest",
                "date": "Đã tham gia 5 năm",
                "reviewCount": "3 Đánh giá",
                "likedCount": "0 Lượt cảm ơn"
            },
            "review": {
                "rating": 5,
                "title": "Cực kì hài lòng",
                "content": ""
            }
        },
        {
            "reviewer": {
                "name": "Ngô Thắng",
                "date": "Đã tham gia 5 năm",
                "reviewCount": "83 Đánh giá",
                "likedCount": "1 Lượt cảm ơn"
            },
            "review": {
                "rating": 5,
                "title": "Cực kì hài lòng",
                "content": ""
            }
        },
        {
            "reviewer": {
                "name": "Thu Thao Pham",
                "date": "Đã tham gia 5 năm",
                "reviewCount": "16 Đánh giá",
                "likedCount": "0 Lượt cảm ơn"
            },
            "review": {
                "rating": 5,
                "title": "Cực kì hài lòng",
                "content": ""
            }
        },
        {
            "reviewer": {
                "name": "A CHIÊU",
                "date": "Đã tham gia 4 năm",
                "reviewCount": "3 Đánh giá",
                "likedCount": "0 Lượt cảm ơn"
            },
            "review": {
                "rating": 5,
                "title": "Cực kì hài lòng",
                "content": ""
            }
        },
        {
            "reviewer": {
                "name": "KP Thảo Alice",
                "date": "Đã tham gia 3 năm",
                "reviewCount": "1 Đánh giá",
                "likedCount": "0 Lượt cảm ơn"
            },
            "review": {
                "rating": 5,
                "title": "Cực kì hài lòng",
                "content": ""
            }
        },
        {
            "reviewer": {
                "name": "Thanh Thuỷ",
                "date": "Đã tham gia 3 năm",
                "reviewCount": "3 Đánh giá",
                "likedCount": "0 Lượt cảm ơn"
            },
            "review": {
                "rating": 5,
                "title": "Cực kì hài lòng",
                "content": ""
            }
        },
        {
            "reviewer": {
                "name": "Phan Luong",
                "date": "Đã tham gia 8 năm",
                "reviewCount": "10 Đánh giá",
                "likedCount": "3 Lượt cảm ơn"
            },
            "review": {
                "rating": 5,
                "title": "Cực kì hài lòng",
                "content": ""
            }
        },
        {
            "reviewer": {
                "name": "Đình Cường",
                "date": "Đã tham gia 5 năm",
                "reviewCount": "20 Đánh giá",
                "likedCount": "1 Lượt cảm ơn"
            },
            "review": {
                "rating": 5,
                "title": "Cực kì hài lòng",
                "content": ""
            }
        },
        {
            "reviewer": {
                "name": "Chị Thư",
                "date": "Đã tham gia 4 tháng",
                "reviewCount": "9 Đánh giá",
                "likedCount": "0 Lượt cảm ơn"
            },
            "review": {
                "rating": 5,
                "title": "Cực kì hài lòng",
                "content": ""
            }
        },
        {
            "reviewer": {
                "name": "Na Hanna",
                "date": "Đã tham gia 1 năm",
                "reviewCount": "4 Đánh giá",
                "likedCount": "0 Lượt cảm ơn"
            },
            "review": {
                "rating": 5,
                "title": "Cực kì hài lòng",
                "content": ""
            }
        },
        {
            "reviewer": {
                "name": "Drnupak Ant",
                "date": "Đã tham gia 7 năm",
                "reviewCount": "40 Đánh giá",
                "likedCount": "1 Lượt cảm ơn"
            },
            "review": {
                "rating": 5,
                "title": "Cực kì hài lòng",
                "content": ""
            }
        },
        {
            "reviewer": {
                "name": "An Nguyễn",
                "date": "Đã tham gia 5 tháng",
                "reviewCount": "3 Đánh giá",
                "likedCount": "0 Lượt cảm ơn"
            },
            "review": {
                "rating": 5,
                "title": "Cực kì hài lòng",
                "content": ""
            }
        },
        {
            "reviewer": {
                "name": "Huỳnh Vi",
                "date": "Đã tham gia 12 năm",
                "reviewCount": "7 Đánh giá",
                "likedCount": "0 Lượt cảm ơn"
            },
            "review": {
                "rating": 5,
                "title": "Cực kì hài lòng",
                "content": ""
            }
        },
        {
            "reviewer": {
                "name": "NGUYỄN QUỐC TÚY",
                "date": "Đã tham gia 3 năm",
                "reviewCount": "2 Đánh giá",
                "likedCount": "0 Lượt cảm ơn"
            },
            "review": {
                "rating": 5,
                "title": "Cực kì hài lòng",
                "content": ""
            }
        },
        {
            "reviewer": {
                "name": "Phan Phương",
                "date": "Đã tham gia 6 năm",
                "reviewCount": "3 Đánh giá",
                "likedCount": "0 Lượt cảm ơn"
            },
            "review": {
                "rating": 5,
                "title": "Cực kì hài lòng",
                "content": ""
            }
        },
        {
            "reviewer": {
                "name": "Đỗ Ức Trí",
                "date": "Đã tham gia 7 năm",
                "reviewCount": "30 Đánh giá",
                "likedCount": "8 Lượt cảm ơn"
            },
            "review": {
                "rating": 5,
                "title": "Cực kì hài lòng",
                "content": ""
            }
        },
        {
            "reviewer": {
                "name": "Hoang Giang",
                "date": "Đã tham gia 9 năm",
                "reviewCount": "30 Đánh giá",
                "likedCount": "0 Lượt cảm ơn"
            },
            "review": {
                "rating": 5,
                "title": "Cực kì hài lòng",
                "content": ""
            }
        },
        {
            "reviewer": {
                "name": "Trương Ngọc Diễm",
                "date": "Đã tham gia 2 năm",
                "reviewCount": "39 Đánh giá",
                "likedCount": "1 Lượt cảm ơn"
            },
            "review": {
                "rating": 5,
                "title": "Cực kì hài lòng",
                "content": ""
            }
        },
        {
            "reviewer": {
                "name": "lã mạnh thủy",
                "date": "Đã tham gia 7 năm",
                "reviewCount": "23 Đánh giá",
                "likedCount": "0 Lượt cảm ơn"
            },
            "review": {
                "rating": 5,
                "title": "Cực kì hài lòng",
                "content": ""
            }
        },
        {
            "reviewer": {
                "name": "Ngo Hong Duong",
                "date": "Đã tham gia 5 năm",
                "reviewCount": "26 Đánh giá",
                "likedCount": "5 Lượt cảm ơn"
            },
            "review": {
                "rating": 5,
                "title": "Cực kì hài lòng",
                "content": ""
            }
        },
        {
            "reviewer": {
                "name": "Duyên Phạm",
                "date": "Đã tham gia 6 năm",
                "reviewCount": "7 Đánh giá",
                "likedCount": "0 Lượt cảm ơn"
            },
            "review": {
                "rating": 5,
                "title": "Cực kì hài lòng",
                "content": ""
            }
        },
        {
            "reviewer": {
                "name": "Đỗ Thị Minh Thuận",
                "date": "Đã tham gia 6 năm",
                "reviewCount": "6 Đánh giá",
                "likedCount": "0 Lượt cảm ơn"
            },
            "review": {
                "rating": 5,
                "title": "Cực kì hài lòng",
                "content": ""
            }
        },
        {
            "reviewer": {
                "name": "Huynh thuy Suong",
                "date": "Đã tham gia 5 năm",
                "reviewCount": "48 Đánh giá",
                "likedCount": "1 Lượt cảm ơn"
            },
            "review": {
                "rating": 5,
                "title": "Cực kì hài lòng",
                "content": ""
            }
        },
        {
            "reviewer": {
                "name": "Mã Hoàng Dũng",
                "date": "Đã tham gia 6 năm",
                "reviewCount": "3 Đánh giá",
                "likedCount": "0 Lượt cảm ơn"
            },
            "review": {
                "rating": 5,
                "title": "Cực kì hài lòng",
                "content": ""
            }
        },
        {
            "reviewer": {
                "name": "Kim Lu",
                "date": "Đã tham gia 4 năm",
                "reviewCount": "13 Đánh giá",
                "likedCount": "0 Lượt cảm ơn"
            },
            "review": {
                "rating": 5,
                "title": "Cực kì hài lòng",
                "content": ""
            }
        },
        {
            "reviewer": {
                "name": "Huỳnh Thành Lợi",
                "date": "Đã tham gia 1 năm",
                "reviewCount": "6 Đánh giá",
                "likedCount": "0 Lượt cảm ơn"
            },
            "review": {
                "rating": 5,
                "title": "Cực kì hài lòng",
                "content": ""
            }
        },
        {
            "reviewer": {
                "name": "Nguyen Thu thuy",
                "date": "Đã tham gia 5 năm",
                "reviewCount": "24 Đánh giá",
                "likedCount": "0 Lượt cảm ơn"
            },
            "review": {
                "rating": 5,
                "title": "Cực kì hài lòng",
                "content": ""
            }
        },
        {
            "reviewer": {
                "name": "Ngọc Loan",
                "date": "Đã tham gia 9 năm",
                "reviewCount": "47 Đánh giá",
                "likedCount": "4 Lượt cảm ơn"
            },
            "review": {
                "rating": 5,
                "title": "Cực kì hài lòng",
                "content": ""
            }
        },
        {
            "reviewer": {
                "name": "Phan Thuỳ Vân",
                "date": "Đã tham gia 4 năm",
                "reviewCount": "97 Đánh giá",
                "likedCount": "1 Lượt cảm ơn"
            },
            "review": {
                "rating": 5,
                "title": "Cực kì hài lòng",
                "content": ""
            }
        },
        {
            "reviewer": {
                "name": "Nguyen Dac Tai",
                "date": "Đã tham gia 9 năm",
                "reviewCount": "47 Đánh giá",
                "likedCount": "1 Lượt cảm ơn"
            },
            "review": {
                "rating": 5,
                "title": "Cực kì hài lòng",
                "content": ""
            }
        },
        {
            "reviewer": {
                "name": "dinh huong",
                "date": "Đã tham gia 3 năm",
                "reviewCount": "3 Đánh giá",
                "likedCount": "0 Lượt cảm ơn"
            },
            "review": {
                "rating": 5,
                "title": "Cực kì hài lòng",
                "content": ""
            }
        },
        {
            "reviewer": {
                "name": "Đặng Văn Tỉnh",
                "date": "Đã tham gia 6 năm",
                "reviewCount": "1 Đánh giá",
                "likedCount": "0 Lượt cảm ơn"
            },
            "review": {
                "rating": 5,
                "title": "Cực kì hài lòng",
                "content": ""
            }
        },
        {
            "reviewer": {
                "name": "KimDe Chau",
                "date": "Đã tham gia 10 năm",
                "reviewCount": "10 Đánh giá",
                "likedCount": "0 Lượt cảm ơn"
            },
            "review": {
                "rating": 5,
                "title": "Cực kì hài lòng",
                "content": ""
            }
        },
        {
            "reviewer": {
                "name": "Nguyen kim ngan",
                "date": "Đã tham gia 13 năm",
                "reviewCount": "34 Đánh giá",
                "likedCount": "2 Lượt cảm ơn"
            },
            "review": {
                "rating": 5,
                "title": "Cực kì hài lòng",
                "content": ""
            }
        },
        {
            "reviewer": {
                "name": "Phương Nhi",
                "date": "Đã tham gia 2 năm",
                "reviewCount": "1 Đánh giá",
                "likedCount": "0 Lượt cảm ơn"
            },
            "review": {
                "rating": 5,
                "title": "Cực kì hài lòng",
                "content": ""
            }
        },
        {
            "reviewer": {
                "name": "Hoàng Hà",
                "date": "Đã tham gia 6 năm",
                "reviewCount": "5 Đánh giá",
                "likedCount": "0 Lượt cảm ơn"
            },
            "review": {
                "rating": 5,
                "title": "Cực kì hài lòng",
                "content": ""
            }
        },
        {
            "reviewer": {
                "name": "Gia Hân Huỳnh",
                "date": "Đã tham gia 6 năm",
                "reviewCount": "39 Đánh giá",
                "likedCount": "0 Lượt cảm ơn"
            },
            "review": {
                "rating": 5,
                "title": "Cực kì hài lòng",
                "content": ""
            }
        },
        {
            "reviewer": {
                "name": "Nguyen Thi Thu Nga",
                "date": "Đã tham gia 6 năm",
                "reviewCount": "17 Đánh giá",
                "likedCount": "2 Lượt cảm ơn"
            },
            "review": {
                "rating": 5,
                "title": "Cực kì hài lòng",
                "content": ""
            }
        },
        {
            "reviewer": {
                "name": "Ngoc Anh Le Thi",
                "date": "Đã tham gia 5 năm",
                "reviewCount": "23 Đánh giá",
                "likedCount": "0 Lượt cảm ơn"
            },
            "review": {
                "rating": 5,
                "title": "Cực kì hài lòng",
                "content": ""
            }
        },
        {
            "reviewer": {
                "name": "Thanh Vo",
                "date": "Đã tham gia 4 năm",
                "reviewCount": "89 Đánh giá",
                "likedCount": "0 Lượt cảm ơn"
            },
            "review": {
                "rating": 5,
                "title": "Cực kì hài lòng",
                "content": ""
            }
        },
        {
            "reviewer": {
                "name": "HanDu Tran",
                "date": "Đã tham gia 7 năm",
                "reviewCount": "12 Đánh giá",
                "likedCount": "1 Lượt cảm ơn"
            },
            "review": {
                "rating": 5,
                "title": "Cực kì hài lòng",
                "content": ""
            }
        },
        {
            "reviewer": {
                "name": "Mai Non",
                "date": "Đã tham gia 3 năm",
                "reviewCount": "4 Đánh giá",
                "likedCount": "0 Lượt cảm ơn"
            },
            "review": {
                "rating": 5,
                "title": "Cực kì hài lòng",
                "content": ""
            }
        },
        {
            "reviewer": {
                "name": "Pham Le Phong",
                "date": "Đã tham gia 6 năm",
                "reviewCount": "12 Đánh giá",
                "likedCount": "4 Lượt cảm ơn"
            },
            "review": {
                "rating": 5,
                "title": "Cực kì hài lòng",
                "content": ""
            }
        },
        {
            "reviewer": {
                "name": "Lưu Yến",
                "date": "Đã tham gia 6 năm",
                "reviewCount": "11 Đánh giá",
                "likedCount": "0 Lượt cảm ơn"
            },
            "review": {
                "rating": 5,
                "title": "Cực kì hài lòng",
                "content": ""
            }
        },
        {
            "reviewer": {
                "name": "Qua Chinh",
                "date": "Đã tham gia 12 năm",
                "reviewCount": "78 Đánh giá",
                "likedCount": "5 Lượt cảm ơn"
            },
            "review": {
                "rating": 5,
                "title": "Cực kì hài lòng",
                "content": ""
            }
        },
        {
            "reviewer": {
                "name": "Van Nhan",
                "date": "Đã tham gia 4 năm",
                "reviewCount": "1 Đánh giá",
                "likedCount": "0 Lượt cảm ơn"
            },
            "review": {
                "rating": 5,
                "title": "Cực kì hài lòng",
                "content": ""
            }
        },
        {
            "reviewer": {
                "name": "Lang Le Mai",
                "date": "Đã tham gia 4 năm",
                "reviewCount": "2 Đánh giá",
                "likedCount": "0 Lượt cảm ơn"
            },
            "review": {
                "rating": 5,
                "title": "Cực kì hài lòng",
                "content": ""
            }
        },
        {
            "reviewer": {
                "name": "Vũ Đan Trường",
                "date": "Đã tham gia 6 năm",
                "reviewCount": "28 Đánh giá",
                "likedCount": "2 Lượt cảm ơn"
            },
            "review": {
                "rating": 5,
                "title": "Cực kì hài lòng",
                "content": ""
            }
        },
        {
            "reviewer": {
                "name": "Nguyễn Văn Cánh",
                "date": "Đã tham gia 6 năm",
                "reviewCount": "2 Đánh giá",
                "likedCount": "0 Lượt cảm ơn"
            },
            "review": {
                "rating": 5,
                "title": "Cực kì hài lòng",
                "content": ""
            }
        },
        {
            "reviewer": {
                "name": "Mai Linh",
                "date": "Đã tham gia 3 năm",
                "reviewCount": "2 Đánh giá",
                "likedCount": "0 Lượt cảm ơn"
            },
            "review": {
                "rating": 5,
                "title": "Cực kì hài lòng",
                "content": ""
            }
        },
        {
            "reviewer": {
                "name": "Phạm Thị Bích Châu",
                "date": "Đã tham gia 6 năm",
                "reviewCount": "19 Đánh giá",
                "likedCount": "0 Lượt cảm ơn"
            },
            "review": {
                "rating": 5,
                "title": "Cực kì hài lòng",
                "content": ""
            }
        },
        {
            "reviewer": {
                "name": "Nguyễn Sanh Lộc",
                "date": "Đã tham gia 4 năm",
                "reviewCount": "7 Đánh giá",
                "likedCount": "0 Lượt cảm ơn"
            },
            "review": {
                "rating": 5,
                "title": "Cực kì hài lòng",
                "content": ""
            }
        },
        {
            "reviewer": {
                "name": "Tran Tuan Loc",
                "date": "Đã tham gia 6 năm",
                "reviewCount": "16 Đánh giá",
                "likedCount": "0 Lượt cảm ơn"
            },
            "review": {
                "rating": 5,
                "title": "Cực kì hài lòng",
                "content": ""
            }
        },
        {
            "reviewer": {
                "name": "Thu Hường",
                "date": "Đã tham gia 4 năm",
                "reviewCount": "1 Đánh giá",
                "likedCount": "0 Lượt cảm ơn"
            },
            "review": {
                "rating": 5,
                "title": "Cực kì hài lòng",
                "content": ""
            }
        },
        {
            "reviewer": {
                "name": "Nguyễn thị nhường",
                "date": "Đã tham gia 6 năm",
                "reviewCount": "15 Đánh giá",
                "likedCount": "0 Lượt cảm ơn"
            },
            "review": {
                "rating": 5,
                "title": "Cực kì hài lòng",
                "content": ""
            }
        },
        {
            "reviewer": {
                "name": "Tran Thi Xuan An",
                "date": "Đã tham gia 5 năm",
                "reviewCount": "43 Đánh giá",
                "likedCount": "0 Lượt cảm ơn"
            },
            "review": {
                "rating": 5,
                "title": "Cực kì hài lòng",
                "content": ""
            }
        },
        {
            "reviewer": {
                "name": "Thanh Bình",
                "date": "Đã tham gia 5 năm",
                "reviewCount": "1 Đánh giá",
                "likedCount": "0 Lượt cảm ơn"
            },
            "review": {
                "rating": 5,
                "title": "Cực kì hài lòng",
                "content": ""
            }
        },
        {
            "reviewer": {
                "name": "Hồ Đắc Thắng",
                "date": "Đã tham gia 6 năm",
                "reviewCount": "218 Đánh giá",
                "likedCount": "36 Lượt cảm ơn"
            },
            "review": {
                "rating": 5,
                "title": "Cực kì hài lòng",
                "content": ""
            }
        },
        {
            "reviewer": {
                "name": "Trần Đình Minh Nhật",
                "date": "Đã tham gia 4 năm",
                "reviewCount": "2 Đánh giá",
                "likedCount": "0 Lượt cảm ơn"
            },
            "review": {
                "rating": 5,
                "title": "Cực kì hài lòng",
                "content": ""
            }
        },
        {
            "reviewer": {
                "name": "Khiem Le",
                "date": "Đã tham gia 4 năm",
                "reviewCount": "100 Đánh giá",
                "likedCount": "0 Lượt cảm ơn"
            },
            "review": {
                "rating": 5,
                "title": "Cực kì hài lòng",
                "content": ""
            }
        },
        {
            "reviewer": {
                "name": "Nguyễn Công Bình",
                "date": "Đã tham gia 6 năm",
                "reviewCount": "21 Đánh giá",
                "likedCount": "0 Lượt cảm ơn"
            },
            "review": {
                "rating": 5,
                "title": "Cực kì hài lòng",
                "content": ""
            }
        },
        {
            "reviewer": {
                "name": "Liên Hoàng",
                "date": "Đã tham gia 6 năm",
                "reviewCount": "18 Đánh giá",
                "likedCount": "0 Lượt cảm ơn"
            },
            "review": {
                "rating": 5,
                "title": "Cực kì hài lòng",
                "content": ""
            }
        },
        {
            "reviewer": {
                "name": "Tran Thuy Giang",
                "date": "Đã tham gia 9 năm",
                "reviewCount": "20 Đánh giá",
                "likedCount": "0 Lượt cảm ơn"
            },
            "review": {
                "rating": 5,
                "title": "Cực kì hài lòng",
                "content": ""
            }
        },
        {
            "reviewer": {
                "name": "Thongnguyen Nguyen",
                "date": "Đã tham gia 6 năm",
                "reviewCount": "53 Đánh giá",
                "likedCount": "3 Lượt cảm ơn"
            },
            "review": {
                "rating": 5,
                "title": "Cực kì hài lòng",
                "content": ""
            }
        },
        {
            "reviewer": {
                "name": "dang dung",
                "date": "Đã tham gia 5 năm",
                "reviewCount": "77 Đánh giá",
                "likedCount": "0 Lượt cảm ơn"
            },
            "review": {
                "rating": 5,
                "title": "Cực kì hài lòng",
                "content": ""
            }
        },
        {
            "reviewer": {
                "name": "huỳnh thị thu hương",
                "date": "Đã tham gia 6 năm",
                "reviewCount": "26 Đánh giá",
                "likedCount": "3 Lượt cảm ơn"
            },
            "review": {
                "rating": 5,
                "title": "Cực kì hài lòng",
                "content": ""
            }
        },
        {
            "reviewer": {
                "name": "Le Ngoc Quyen",
                "date": "Đã tham gia 1 năm",
                "reviewCount": "6 Đánh giá",
                "likedCount": "0 Lượt cảm ơn"
            },
            "review": {
                "rating": 5,
                "title": "Cực kì hài lòng",
                "content": ""
            }
        },
        {
            "reviewer": {
                "name": "Quách Thanh Trúc",
                "date": "Đã tham gia 4 năm",
                "reviewCount": "1 Đánh giá",
                "likedCount": "0 Lượt cảm ơn"
            },
            "review": {
                "rating": 5,
                "title": "Cực kì hài lòng",
                "content": ""
            }
        },
        {
            "reviewer": {
                "name": "Lê Thị Thúy  Hằng",
                "date": "Đã tham gia 10 năm",
                "reviewCount": "26 Đánh giá",
                "likedCount": "7 Lượt cảm ơn"
            },
            "review": {
                "rating": 5,
                "title": "Cực kì hài lòng",
                "content": ""
            }
        },
        {
            "reviewer": {
                "name": "Phạm Trang",
                "date": "Đã tham gia 6 năm",
                "reviewCount": "579 Đánh giá",
                "likedCount": "37 Lượt cảm ơn"
            },
            "review": {
                "rating": 5,
                "title": "Cực kì hài lòng",
                "content": ""
            }
        },
        {
            "reviewer": {
                "name": "Châu Ngoc Nga",
                "date": "Đã tham gia 9 năm",
                "reviewCount": "14 Đánh giá",
                "likedCount": "12 Lượt cảm ơn"
            },
            "review": {
                "rating": 4,
                "title": "Hài lòng",
                "content": "Hình thức đẹp, nội dung hay"
            }
        },
        {
            "reviewer": {
                "name": "Diễm Phượng",
                "date": "Đã tham gia 2 năm",
                "reviewCount": "1 Đánh giá",
                "likedCount": "0 Lượt cảm ơn"
            },
            "review": {
                "rating": 4,
                "title": "Hài lòng",
                "content": "Đóng gói cẩn thận"
            }
        },
        {
            "reviewer": {
                "name": "Ngô Thiết Tưởng",
                "date": "Đã tham gia 2 năm",
                "reviewCount": "5 Đánh giá",
                "likedCount": "2 Lượt cảm ơn"
            },
            "review": {
                "rating": 4,
                "title": "Hài lòng",
                "content": "Đã nhận sách, rất ổn"
            }
        },
        {
            "reviewer": {
                "name": "ninh nguyen",
                "date": "Đã tham gia 3 năm",
                "reviewCount": "3 Đánh giá",
                "likedCount": "0 Lượt cảm ơn"
            },
            "review": {
                "rating": 4,
                "title": "Hài lòng",
                "content": ""
            }
        },
        {
            "reviewer": {
                "name": "Phan Tấn Phong",
                "date": "Đã tham gia 6 năm",
                "reviewCount": "9 Đánh giá",
                "likedCount": "0 Lượt cảm ơn"
            },
            "review": {
                "rating": 4,
                "title": "Hài lòng",
                "content": ""
            }
        }
    ]
}