{
    "url": "https://tiki.vn/karma-nghiep-chi-dan-kien-tao-van-menh-cua-mot-yogi-p262783937.html?spid=262783942",
    "info": {
        "title": "Karma - Nghiệp: Chỉ Dẫn Kiên Tạo Vận Mệnh Của Một Yogi",
        "author": "Sadhguru",
        "imageUrl": "https://salt.tikicdn.com/cache/750x750/ts/product/6d/8a/8f/2b4b37a30edbde1704f2f9988deab1d9.jpg.webp",
        "soldQuantity": 408,
        "currentPrice": 112000,
        "originalPrice": 149000
    },
    "details": {
        "bookVersion": "Phiên bản thường",
        "publisher": "Thái Hà",
        "publishDate": "2023-05-05 00:00:00",
        "dimensions": "14 x 20.5 cm",
        "translator": "Tùng",
        "coverType": "Bìa mềm",
        "pageCount": "384",
        "publishingHouse": "Nhà Xuất Bản Thế Giới"
    },
    "description": "“Những điều bạn thích và không thích chính là nền tảng cho nghiệp quả của bạn”\nNghiệp – một phần tất yếu trong cuộc đời mỗi chúng ta. Cái cơ chế quy định rằng chúng ta không thể nào trốn tránh hệ quả phát sinh từ những hành động của bản thân. Cái chu kỳ dường như bám riết lấy chúng ta bất kể chúng ta có đi đến đâu.\nHy vọng cuốn sách này sẽ vừa là một tài liệu tham khảo, vừa là một cẩm nang cung cấp cho độc giả những bí quyết sống một cách sáng suốt và yên vui trong thế giới nhiều thách thức này. Trong quá trình đó, cuốn sách cố gắng khôi phục lại tiềm năng chuyển hóa nguyên bản của từ “nghiệp”. Mong rằng cuốn sách sẽ tháo gỡ những hiểu lầm đang ngày càng lớn dần, đồng thời giúp bạn hiểu rõ toàn bộ sức mạnh ban sơ của nghiệp cũng như tác động cộng hưởng mãnh liệt của nó.\nTác giả:Sadhguru là một vị yogi, một nhà huyền linh và một người có tầm nhìn xa. Ông được vinh danh là một trong năm mươi người có ảnh hưởng nhất Ấn Độ. Ông cũng từng được trao ba giải thưởng công dân ở Ấn Độ, trong đó có một giải thưởng vì những hoạt động về môi trường cũng như giải thưởng công dân hằng năm cao quý nhất của đất nước dành cho những đóng góp xuất sắc và đặc biệt của ông.\nNgoài ra, ông còn là một diễn giả và là người có sức ảnh hưởng dư luận nổi tiếng thế giới. Ông đã phát biểu tại nhiều diễn đàn khác nhau trên toàn cầu, bao gồm Liên Hợp Quốc, Diễn đàn Kinh tế thế giới, Ngân hàng Thế giới, Thượng viện Vương quốc Anh, TED và các trụ sở của Microsoft và Google. Ông cũng đã được mời đến diễn thuyết tại các tổ chức giáo dục hàng đầu – trong đó có thể kể đến Oxford, Stanford, Harvard, Yale, Wharton và MIT.\nMục lục:Làm sáng tỏ về nghiệp: Dẫn nhậpPhần 1:Nghiệp: Điều bí ẩn muốn đờiÝ muốn: Nền tảng của nghiệpNghiệp là ký ứcKho nghiệp khổng lồMọi sự bắt đầu như thế nào?Phần 2:Karma YogaKarma Yoga và Cơ thể vật lýKarma Yoga và Cơ thể tâm tríKarma Yoga và Cơ thể năng lượngPhần 3:Lưu ý đối với độc giảNhững luận bàn về nghiệpLời kết: Nghiệp và bộ trang sức của cô gái làng chơi hạng sang\nTrích đoạn nội dung:1. Nghiệp không phải là một giáo lý. Bạn không nhận được bất cứ phiếu bé ngoan nào vì tán thành nó. Bạn không bị hạnh kiểm kém vì không tin vào nó. Nghiệp không phải là một tín điều, một thánh thư, một hệ tư tưởng, một triết lý hay một học thuyết. Nó chỉ đơn thuần là bản chất của mọi sự. Nó là một cơ chế hiện hữu. Giống như mặt trời, nó hoạt động bất luận bạn có thừa nhận nó hay không, bất luận bạn tôn sùng nó hay phớt lờ nó. Nó không tìm kiếm một câu lạc bộ người hâm mộ. Nó chỉ đơn thuần chuyển biến bạn từ một hành khách kinh hãi tột độ, sợ sệt trắng bệch cả mặt mũi ở ghế sau thành một tay lái tự tin, làm chủ vô-lăng, vui vẻ lèo lái con đường vận mệnh của riêng mình. (Trang 30)\n2. Chỉ cần bạn chạm vào mặt nước của tâm trí mình một lần thôi, những gợn sóng lăn tăn từ đó cũng đủ sức kéo dài đến nhiều kiếp sống. Tâm trí là một quá trình vốn tăng tốc mà không cần bạn trợ sức. Có lẽ bạn cũng để ý thấy rằng hồi bạn mười tám tuổi, nhìn chung là bạn có khả năng bất chấp những khó khăn và dấn bước trên đường đời. Khả năng này suy giảm ở độ tuổi ba mươi. Đến năm bốn mươi lăm tuổi, dường như nhiều thứ làm bạn lo ngại. Và đến năm sáu mươi tuổi, bạn nhận thấy sau mỗi lần vấp ngã, bạn gần như không thể nào lấy lại được tinh thần, thích nghi và vượt qua được. (Trang 33)Công ty Cổ phần Sách Thái Hà trân trọng giới thiệu!\nGiá sản phẩm trên Tiki đã bao gồm thuế theo luật hiện hành. Bên cạnh đó, tuỳ vào loại sản phẩm, hình thức và địa chỉ giao hàng mà có thể phát sinh thêm chi phí khác như phí vận chuyển, phụ phí hàng cồng kềnh, thuế nhập khẩu (đối với đơn hàng giao từ nước ngoài có giá trị trên 1 triệu đồng).....",
    "rating": {
        "totalRating": 5.0,
        "numberOfRating": 31
    },
    "reviews": [
        {
            "reviewer": {
                "name": "dinh huyen vy",
                "date": "Đã tham gia 13 năm",
                "reviewCount": "7 Đánh giá",
                "likedCount": "1 Lượt cảm ơn"
            },
            "review": {
                "rating": 5,
                "title": "Cực kì hài lòng",
                "content": "Một quyển sách mà có lẽ cần đọc đi đọc lại nhiều lần hơn nữa để có thể thấm nhuần tư tưởng của tác giả, không phải dạng sách self help chữa lành bằng những ngôn từ sáo rỗng, tuy nhiên nếu có thể hiểu sâu sắc thì sẽ giúp ích rất nhiều trong quá trình trưởng thành của mỗi người, dù là ở độ tuổi nào. G"
            }
        },
        {
            "reviewer": {
                "name": "Phuong Uyen",
                "date": "Đã tham gia 10 năm",
                "reviewCount": "42 Đánh giá",
                "likedCount": "3 Lượt cảm ơn"
            },
            "review": {
                "rating": 5,
                "title": "Cực kì hài lòng",
                "content": "Sách hay lắm, mình nghe trên fonos rồi nhưng vẫn quyết định mua về đọc lại! Dịch vụ giao hàng nhanh của tiki trên cả tuyệt vời, mình đặt xong thì ngủ 1 giấc dạy là có sách đọc òi 🥰"
            }
        },
        {
            "reviewer": {
                "name": "Không tên",
                "date": "Đã tham gia 7 năm",
                "reviewCount": "7 Đánh giá",
                "likedCount": "0 Lượt cảm ơn"
            },
            "review": {
                "rating": 5,
                "title": "Cực kì hài lòng",
                "content": "Một cuốn sách mở mang cho mình nhiều kiến thức hữu ích và rất bất ngờ. Nên đọc đi đọc lại để có thể tự chiêm nghiệm và đánh giá"
            }
        },
        {
            "reviewer": {
                "name": "Phúc Vinh",
                "date": "Đã tham gia 4 năm",
                "reviewCount": "6 Đánh giá",
                "likedCount": "0 Lượt cảm ơn"
            },
            "review": {
                "rating": 5,
                "title": "Cực kì hài lòng",
                "content": "Nội dung sách mở ra cho bạn cách nhìn nhận Nghiệp và tâm linh theo một hướng rất khoa học"
            }
        },
        {
            "reviewer": {
                "name": "nauamy graphicrecorder",
                "date": "Đã tham gia 2 năm",
                "reviewCount": "9 Đánh giá",
                "likedCount": "1 Lượt cảm ơn"
            },
            "review": {
                "rating": 5,
                "title": "Cực kì hài lòng",
                "content": "Nội dung hay \r\nBàn về nghiệp quả \r\nCách xoay chuyển nghiệp!"
            }
        },
        {
            "reviewer": {
                "name": "Tran Gia Khanh",
                "date": "Đã tham gia 8 năm",
                "reviewCount": "126 Đánh giá",
                "likedCount": "46 Lượt cảm ơn"
            },
            "review": {
                "rating": 5,
                "title": "Cực kì hài lòng",
                "content": "Nội dung hay, thuyết phục"
            }
        },
        {
            "reviewer": {
                "name": "hoa ng",
                "date": "Đã tham gia 3 năm",
                "reviewCount": "11 Đánh giá",
                "likedCount": "0 Lượt cảm ơn"
            },
            "review": {
                "rating": 5,
                "title": "Cực kì hài lòng",
                "content": ""
            }
        },
        {
            "reviewer": {
                "name": "Diễm Hương",
                "date": "Đã tham gia 3 năm",
                "reviewCount": "64 Đánh giá",
                "likedCount": "1 Lượt cảm ơn"
            },
            "review": {
                "rating": 5,
                "title": "Cực kì hài lòng",
                "content": ""
            }
        },
        {
            "reviewer": {
                "name": "Vân Thi",
                "date": "Đã tham gia 4 năm",
                "reviewCount": "31 Đánh giá",
                "likedCount": "0 Lượt cảm ơn"
            },
            "review": {
                "rating": 5,
                "title": "Cực kì hài lòng",
                "content": ""
            }
        },
        {
            "reviewer": {
                "name": "Chu Thị Quỳnh Giao",
                "date": "Đã tham gia 14 năm",
                "reviewCount": "64 Đánh giá",
                "likedCount": "8 Lượt cảm ơn"
            },
            "review": {
                "rating": 5,
                "title": "Cực kì hài lòng",
                "content": ""
            }
        },
        {
            "reviewer": {
                "name": "Nguyên Hồ",
                "date": "Đã tham gia 9 năm",
                "reviewCount": "208 Đánh giá",
                "likedCount": "67 Lượt cảm ơn"
            },
            "review": {
                "rating": 5,
                "title": "Cực kì hài lòng",
                "content": ""
            }
        },
        {
            "reviewer": {
                "name": "Close to You",
                "date": "Đã tham gia 12 năm",
                "reviewCount": "4 Đánh giá",
                "likedCount": "3 Lượt cảm ơn"
            },
            "review": {
                "rating": 5,
                "title": "Cực kì hài lòng",
                "content": "good"
            }
        },
        {
            "reviewer": {
                "name": "Lê Phạm Ngọc Nhã",
                "date": "Đã tham gia 11 năm",
                "reviewCount": "2 Đánh giá",
                "likedCount": "0 Lượt cảm ơn"
            },
            "review": {
                "rating": 5,
                "title": "Cực kì hài lòng",
                "content": ""
            }
        },
        {
            "reviewer": {
                "name": "Võ Hoàng Phương Thảo",
                "date": "Đã tham gia 6 năm",
                "reviewCount": "129 Đánh giá",
                "likedCount": "3 Lượt cảm ơn"
            },
            "review": {
                "rating": 5,
                "title": "Cực kì hài lòng",
                "content": ""
            }
        },
        {
            "reviewer": {
                "name": "Bình Nguyễn",
                "date": "Đã tham gia 8 năm",
                "reviewCount": "113 Đánh giá",
                "likedCount": "40 Lượt cảm ơn"
            },
            "review": {
                "rating": 5,
                "title": "Cực kì hài lòng",
                "content": ""
            }
        },
        {
            "reviewer": {
                "name": "Bùi Công Cường",
                "date": "Đã tham gia 3 năm",
                "reviewCount": "20 Đánh giá",
                "likedCount": "0 Lượt cảm ơn"
            },
            "review": {
                "rating": 5,
                "title": "Cực kì hài lòng",
                "content": "Giao hàng cực nhanh"
            }
        },
        {
            "reviewer": {
                "name": "Nguyễn Nhật Minh",
                "date": "Đã tham gia 6 năm",
                "reviewCount": "35 Đánh giá",
                "likedCount": "0 Lượt cảm ơn"
            },
            "review": {
                "rating": 5,
                "title": "Cực kì hài lòng",
                "content": ""
            }
        },
        {
            "reviewer": {
                "name": "Thuỳ Dung",
                "date": "Đã tham gia 3 năm",
                "reviewCount": "206 Đánh giá",
                "likedCount": "5 Lượt cảm ơn"
            },
            "review": {
                "rating": 5,
                "title": "Cực kì hài lòng",
                "content": "Sách hay"
            }
        },
        {
            "reviewer": {
                "name": "Ngoc Yen",
                "date": "Đã tham gia 4 năm",
                "reviewCount": "93 Đánh giá",
                "likedCount": "1 Lượt cảm ơn"
            },
            "review": {
                "rating": 5,
                "title": "Cực kì hài lòng",
                "content": ""
            }
        },
        {
            "reviewer": {
                "name": "Apple User",
                "date": "Đã tham gia 1 năm",
                "reviewCount": "9 Đánh giá",
                "likedCount": "0 Lượt cảm ơn"
            },
            "review": {
                "rating": 5,
                "title": "Cực kì hài lòng",
                "content": ""
            }
        },
        {
            "reviewer": {
                "name": "diem tran",
                "date": "Đã tham gia 6 năm",
                "reviewCount": "19 Đánh giá",
                "likedCount": "1 Lượt cảm ơn"
            },
            "review": {
                "rating": 5,
                "title": "Cực kì hài lòng",
                "content": ""
            }
        },
        {
            "reviewer": {
                "name": "Vũ Quỳnh",
                "date": "Đã tham gia 6 năm",
                "reviewCount": "9 Đánh giá",
                "likedCount": "0 Lượt cảm ơn"
            },
            "review": {
                "rating": 5,
                "title": "Cực kì hài lòng",
                "content": ""
            }
        },
        {
            "reviewer": {
                "name": "Tuấn Lâm",
                "date": "Đã tham gia 1 năm",
                "reviewCount": "1 Đánh giá",
                "likedCount": "0 Lượt cảm ơn"
            },
            "review": {
                "rating": 5,
                "title": "Cực kì hài lòng",
                "content": ""
            }
        },
        {
            "reviewer": {
                "name": "Bích Tuyền",
                "date": "Đã tham gia 4 năm",
                "reviewCount": "23 Đánh giá",
                "likedCount": "2 Lượt cảm ơn"
            },
            "review": {
                "rating": 5,
                "title": "Cực kì hài lòng",
                "content": ""
            }
        },
        {
            "reviewer": {
                "name": "Huỳnh Thị Thủy Tiên",
                "date": "Đã tham gia 5 năm",
                "reviewCount": "20 Đánh giá",
                "likedCount": "1 Lượt cảm ơn"
            },
            "review": {
                "rating": 5,
                "title": "Cực kì hài lòng",
                "content": ""
            }
        },
        {
            "reviewer": {
                "name": "Amulette Dang",
                "date": "Đã tham gia 3 năm",
                "reviewCount": "10 Đánh giá",
                "likedCount": "0 Lượt cảm ơn"
            },
            "review": {
                "rating": 5,
                "title": "Cực kì hài lòng",
                "content": ""
            }
        },
        {
            "reviewer": {
                "name": "Nguyen Trong Thoai",
                "date": "Đã tham gia 8 năm",
                "reviewCount": "16 Đánh giá",
                "likedCount": "3 Lượt cảm ơn"
            },
            "review": {
                "rating": 5,
                "title": "Cực kì hài lòng",
                "content": ""
            }
        },
        {
            "reviewer": {
                "name": "Hưng Võ",
                "date": "Đã tham gia 8 năm",
                "reviewCount": "18 Đánh giá",
                "likedCount": "0 Lượt cảm ơn"
            },
            "review": {
                "rating": 5,
                "title": "Cực kì hài lòng",
                "content": ""
            }
        },
        {
            "reviewer": {
                "name": "Châm Ngọcc",
                "date": "Đã tham gia 7 năm",
                "reviewCount": "3 Đánh giá",
                "likedCount": "0 Lượt cảm ơn"
            },
            "review": {
                "rating": 5,
                "title": "Cực kì hài lòng",
                "content": ""
            }
        },
        {
            "reviewer": {
                "name": "Nguyn Th Ngc Yn",
                "date": "Đã tham gia 4 năm",
                "reviewCount": "25 Đánh giá",
                "likedCount": "3 Lượt cảm ơn"
            },
            "review": {
                "rating": 5,
                "title": "Cực kì hài lòng",
                "content": ""
            }
        },
        {
            "reviewer": {
                "name": "DOAN CONG VIEN",
                "date": "Đã tham gia 7 năm",
                "reviewCount": "21 Đánh giá",
                "likedCount": "0 Lượt cảm ơn"
            },
            "review": {
                "rating": 4,
                "title": "Hài lòng",
                "content": ""
            }
        }
    ]
}