{
    "url": "https://tiki.vn/tu-tu-sinh-sinh-di-tim-y-nghia-dich-thuc-cua-cuoc-doi-p217154511.html?spid=217154512",
    "info": {
        "title": "Tử Tử Sinh Sinh Đi Tìm Ý Nghĩa Đích Thực của Cuộc Đời",
        "author": "Osho",
        "imageUrl": "https://salt.tikicdn.com/cache/750x750/ts/product/44/35/f4/bacde46014ccf25bda347be500f293f0.jpg.webp",
        "soldQuantity": 61,
        "currentPrice": 135000,
        "originalPrice": 135000
    },
    "details": {
        "publisher": "Cty Sách Đông Nam",
        "publishDate": "2023-01-23 11:42:45",
        "coverType": "Bìa mềm",
        "pageCount": "455",
        "publishingHouse": "Nhà Xuất Bản Hồng Đức"
    },
    "description": "Tử Tử Sinh Sinh\nĐể sống cuộc đời một cách trọn vẹn, bạn phải chấp nhận cái chết là có thực.\n‘Có cuộc sống sau khi chết không?’\n‘Nếu tôi từ bỏ niềm tin của mình, tôi sẽ phải dựa vào đâu để đối diện với cái chết?’\n‘Tôi rất thường xuyên bị đè nặng bởi nỗi buồn lạ thường về việc rời bỏ cuộc đời này. Tôi có thể làm gì đây?’\n‘Trong lần đi khám sức khỏe gần đây, bác sĩ cho biết tôi có khả năng chết trong tương lai không xa. Làm sao tôi có thể ứng phó bằng cách vui mừng, như Ngài đề nghị?’\nOsho trả lời những câu hỏi này cho nhiều người đang quan tâm mà không thể giải thích được về chủ đề cái chết, cũng như những người đối diện với cái chết sắp đến của họ cũng như của người thân. Ông không chỉ đơn thuần phơi bày nỗi sợ của chúng ta được đặt nền tảng trên một sự hiểu lầm về bản chất của nó như thế nào; ông còn cho thấy cái chết là một vận hội lớn như thế nào cho sự phát triển nội tâm và cái chết là sự thánh thiêng nhất trong các huyền nhiệm như thế nào.\nVẫn chưa ai, trong số các tác giả hay các nhà bình luận, nghiên cứu kỹ càng đến tầm quan trọng nhất của các sự kiện bằng niềm tin sâu sắc, rõ ràng, sự cảm thông và trên hết là tính hài hước như Osho.\n\"Tôi hết sức ấn tượng với cách Osho xử trí chủ đề đầu thai, sự tiếp diễn của cuộc sống. Không ai có thể hiểu đầu thai bằng cách lắng nghe ai khác giải thích. Ông diễn ngôn rõ ràng, khích lệ chúng ta tự tìm cho mình câu trả lời thông qua thiền đị\nĐào sâu phương pháp của Osho và chúng ta sẽ tìm ra sự thậ\nCuốn sách tuyệt vời, đầy nhân văn và thông tuệ. Rất hữu ích khi đọc, đặc biệt cho những ai đã và đang đứng trước sự ra đi của người thân. Tôi yêu cuốn sách, nó giúp tôi rất nhiề\nOsho là một trong những nhà thần bí nổi tiếng và có ảnh hưởng nhất trong thời đại của chúng ta. Báo The Sunday Times (London) đã bình chọn ông là một trong 1000 người làm nên thế kỉ XIX, tiểu thuyết gia Tim Robbins đã gọi ông là “con người có tầm quan trọng nhất sau Đức Giêsu Kitô”.\nHơn hai thập kỉ sau khi ông qua đời vào năm 1990, ảnh hưởng của những bài giảng của ông vẫn tiếp tục gia tăng, tiếp tục truyền cảm hứng đến những người tìm kiếm trên khắp thế giới.\nTừ trước đến nay chưa từng có ai viết về cái chết lại đẹp như thế này. Cái chết giống như một bông hoa hồng tỏa sáng đẹp lung linh - chiều đến theo gió rụng xuống đất không bán víu, không đau buồn - nhìn từ góc độ nào cũng đẹp. Với cách Osho xử trí chủ đề về sự sống và cái chết , ông diễn ngôn rõ ràng kích lệ chúng ta tự tìm cho mình câu trả lời thông qua thiền định. Đào sâu phương pháp của osho chúng ta sẽ  tìm ra sự thật.\nTác phẩm tuyệt vời đầy chất nhân văn và thông tuệ rất hữu ích cho ta tìm hiểu về sự sống và cái chết , cùng ý  nghĩa đích thực của cuộc đời.\nGiá sản phẩm trên Tiki đã bao gồm thuế theo luật hiện hành. Bên cạnh đó, tuỳ vào loại sản phẩm, hình thức và địa chỉ giao hàng mà có thể phát sinh thêm chi phí khác như phí vận chuyển, phụ phí hàng cồng kềnh, thuế nhập khẩu (đối với đơn hàng giao từ nước ngoài có giá trị trên 1 triệu đồng).....",
    "rating": {
        "totalRating": 4.8,
        "numberOfRating": 5
    },
    "reviews": [
        {
            "reviewer": {
                "name": "yến mai",
                "date": "Đã tham gia 3 năm",
                "reviewCount": "14 Đánh giá",
                "likedCount": "0 Lượt cảm ơn"
            },
            "review": {
                "rating": 5,
                "title": "Cực kì hài lòng",
                "content": ""
            }
        },
        {
            "reviewer": {
                "name": "Nguyễn Trang",
                "date": "Đã tham gia 6 năm",
                "reviewCount": "40 Đánh giá",
                "likedCount": "0 Lượt cảm ơn"
            },
            "review": {
                "rating": 5,
                "title": "Cực kì hài lòng",
                "content": ""
            }
        },
        {
            "reviewer": {
                "name": "Trần Thảo Vy",
                "date": "Đã tham gia 8 năm",
                "reviewCount": "24 Đánh giá",
                "likedCount": "27 Lượt cảm ơn"
            },
            "review": {
                "rating": 5,
                "title": "Cực kì hài lòng",
                "content": ""
            }
        },
        {
            "reviewer": {
                "name": "Nguyễn kim thoảng",
                "date": "Đã tham gia 3 năm",
                "reviewCount": "136 Đánh giá",
                "likedCount": "2 Lượt cảm ơn"
            },
            "review": {
                "rating": 5,
                "title": "Cực kì hài lòng",
                "content": ""
            }
        },
        {
            "reviewer": {
                "name": "Nguyễn Hải Tuân",
                "date": "Đã tham gia 6 năm",
                "reviewCount": "32 Đánh giá",
                "likedCount": "2 Lượt cảm ơn"
            },
            "review": {
                "rating": 4,
                "title": "Hài lòng",
                "content": "Giấy in đẹp, in ấn sắc nét."
            }
        }
    ]
}