{
    "url": "https://tiki.vn/duong-xua-may-trang-theo-got-chan-but-p274498228.html?spid=274498231",
    "info": {
        "title": "Đường Xưa Mây Trắng - Theo Gót Chân Bụt - Thích Nhất Hạnh",
        "author": "Thích Nhất Hạnh",
        "imageUrl": "https://salt.tikicdn.com/cache/750x750/ts/product/e6/86/f9/0ac8cf9fdd477515093c2bab5a7035a9.jpg.webp",
        "soldQuantity": 2000,
        "currentPrice": 235000,
        "originalPrice": 329000
    },
    "details": {
        "bookVersion": "Phiên bản thường",
        "publisher": "Phương Nam Book",
        "publishDate": "2022-01-01 00:00:00",
        "dimensions": "15.5 x 24 cm",
        "coverType": "Bìa mềm",
        "pageCount": "713",
        "publishingHouse": "Nhà Xuất Bản Thế Giới"
    },
    "description": "Đường Xưa Mây Trắng - Theo Gót Chân Bụt\nĐường Xưa Mây Trắng là một câu chuyện vô cùng lý thú về cuộc đời của Bụt được kể lại dưới ngòi bút hùng hồn đầy chất thơ của tác giả. Với văn phong nhẹ nhàng giản dị, với lối kể chuyện sinh động lôi cuốn, tác giả đã đưa chúng ta trở về tắm mình trong dòng sông Nguyên thỉ cách đây gần 2.600 năm, để được hiểu và gần gũi với một bậc giác ngộ mà cuộc đời của Ngài tỏa rạng nếp sống đầy tuệ giác và từ bi. Đọc Đường Xưa Mây Trắng cho chúng ta cảm tưởng như đang đọc một thiên tình sử, nhẹ nhàng, gần gũi mà sâu lắng.\nSách Đường Xưa Mây Trắng đã được dịch ra hơn 20 thứ tiếng, được tái bản nhiều lần ở các nước và được xếp vào hàng những quyển sách hay nhất của thế kỷ 20.\n(Làng Mai)\n-----------------------------------------------\nTôi đã viết những chương của Đường Xưa Mây Trắng với rất nhiều hạnh phúc. Thỉnh thoảng tôi đứng dậy pha trà để uống. Mỗi ngày viết mấy giờ cũng như được ngồi uống trà với Đức Thế Tôn. Và tôi biết trước người đọc sẽ rất có hạnh phúc vì khi viết, mình cũng đang có rất nhiều hạnh phúc. Viết Đường Xưa Mây Trắng không phải là một lao động mệt nhọc mà là cả một niềm vui lớn. Đó là một quá trình khám phá.\nCó những đoạn tôi cho là khó viết, như đoạn Bụt độ ba anh em ông Ca Diếp. Tài liệu thường nói là Bụt độ ba anh em đó nhờ thần thông của Ngài nhưng khi viết thì tôi đã không để cho Bụt dùng thần thông mà cứ để Bụt sử dụng từ bi và trí tuệ của Ngài để độ ba ông ấy. Bụt có rất nhiều trí tuệ, rất nhiều từ bi, tại sao Bụt không dùng mà lại phải dùng thần thông? Và tôi có một niềm tin rất vững chãi là mình sẽ viết được chương đó. Chương này là một trong những chương khó nhất của Đường Xưa Mây Trắng nhưng cuối cùng tôi đã thành công.\nCái chương khó thứ hai là chương nói về cuộc trở về của Bụt để thăm gia đình. Mình đã thành Phật rồi, mình đã thành bậc toàn giác rồi, nhưng về thăm gia đình mình vẫn còn là một đứa con của cha, của mẹ, vẫn là một người anh của em. Viết như thế nào để Bụt vẫn còn giữ lại được tính người của Ngài. Cũng nhờ niềm tin đó mà tôi thành công.\nQuý vị đọc lại, sẽ thấy Bụt về thăm nhà rất tự nhiên. Cách Ngài nắm tay vua cha đi từ ngoài vào, cách Ngài đối xử với em gái, cách Ngài đối xử với Yasodhara và Rahula, rất tự nhiên. Tôi có cảm tưởng là có chư Tổ gia hộ nên tôi mới viết như vậy được. Trong Đường Xưa Mây Trắng chúng ta khám phá ra Bụt là một con người chứ không phải là một vị thần linh. Đó là chủ tâm của tác giả, giúp cho người ta khám phá lại Bụt như một con người và lột ra hết các vòng hào quang thần dị người ta đã choàng lên cho Bụt. Không thấy Bụt như một con người thì người ta sẽ tới với Bụt rất khó.\n(Thích Nhất Hạnh)\nGiá sản phẩm trên Tiki đã bao gồm thuế theo luật hiện hành. Bên cạnh đó, tuỳ vào loại sản phẩm, hình thức và địa chỉ giao hàng mà có thể phát sinh thêm chi phí khác như phí vận chuyển, phụ phí hàng cồng kềnh, thuế nhập khẩu (đối với đơn hàng giao từ nước ngoài có giá trị trên 1 triệu đồng).....",
    "rating": {
        "totalRating": 4.9,
        "numberOfRating": 199
    },
    "reviews": [
        {
            "reviewer": {
                "name": "Dương Vy",
                "date": "Đã tham gia 13 năm",
                "reviewCount": "48 Đánh giá",
                "likedCount": "35 Lượt cảm ơn"
            },
            "review": {
                "rating": 5,
                "title": "Cực kì hài lòng",
                "content": "Nhận được sách mà nghĩ ko biết mình đọc hết nổi không vì nhìn nó trong rất dày đến hơn 700 trang. Đây là cuốn sách đã được 1 tỷ phú người Ấn Độ xin được tài trợ để để dựng thành phim về Đức Phật. Mình sẽ cố gắng đọc hết cuốn này vì thiền sư Thích nhất Hạnh."
            }
        },
        {
            "reviewer": {
                "name": "Thanh Tra",
                "date": "Đã tham gia 8 năm",
                "reviewCount": "21 Đánh giá",
                "likedCount": "3 Lượt cảm ơn"
            },
            "review": {
                "rating": 5,
                "title": "Cực kì hài lòng",
                "content": "Nội dung sách rất hay, sách kể về cuộc đời của Phật và những thuyết giảng của Phật. Đọc sách cảm thấy thực sự nhẹ nhàng và tĩnh tâm. Tiki luôn luôn gói hàng rất cẩn thận."
            }
        },
        {
            "reviewer": {
                "name": "Apple User",
                "date": "Đã tham gia 2 năm",
                "reviewCount": "4 Đánh giá",
                "likedCount": "1 Lượt cảm ơn"
            },
            "review": {
                "rating": 5,
                "title": "Cực kì hài lòng",
                "content": "Có bị gãy góc bìa sách chút xíu nhưng vẫn rất hài lòng, chất lượng giấy tốt nha. Cảm ơn shop nhé!🥰"
            }
        },
        {
            "reviewer": {
                "name": "Van Lop",
                "date": "Đã tham gia 1 năm",
                "reviewCount": "1 Đánh giá",
                "likedCount": "2 Lượt cảm ơn"
            },
            "review": {
                "rating": 5,
                "title": "Cực kì hài lòng",
                "content": "shop nên xem lại phần đóng gói, shop để quyển sách vào một cái hộp rộng hơn mà không có túi bóng hay gì đó để vào, rút cuộc quyển sách đã bị mốp 1 cạnh, vì quyển sách khá nặng nên e nghĩ shop nên quấn túi chống va đập cho sách để khách hàng có trả nghiệm tốt nhất đồng thời cũng đang tôn trọng khách hàng. Vì sách hay nên vẫn cho 5✩ nè."
            }
        },
        {
            "reviewer": {
                "name": "Lê Đức Chinh",
                "date": "Đã tham gia 4 năm",
                "reviewCount": "75 Đánh giá",
                "likedCount": "7 Lượt cảm ơn"
            },
            "review": {
                "rating": 5,
                "title": "Cực kì hài lòng",
                "content": "Chất lượng sách tốt. In đẹp."
            }
        },
        {
            "reviewer": {
                "name": "Hồng Vân",
                "date": "Đã tham gia 10 năm",
                "reviewCount": "62 Đánh giá",
                "likedCount": "15 Lượt cảm ơn"
            },
            "review": {
                "rating": 5,
                "title": "Cực kì hài lòng",
                "content": "lâu r mới mua tiki thì thấy đã đổi đóng bọc chống sốc thay vì bọc thực phẩm r, đáng khen cho sự thay đổi này"
            }
        },
        {
            "reviewer": {
                "name": "Lê Đức Hà",
                "date": "Đã tham gia 6 năm",
                "reviewCount": "25 Đánh giá",
                "likedCount": "3 Lượt cảm ơn"
            },
            "review": {
                "rating": 5,
                "title": "Cực kì hài lòng",
                "content": "Cuộc đời và hành trình của Đức Phật Thích Ca Mâu Ni được gói gọn trong cuốn sách. Con đường Tỉnh Thức và người Tỉnh Thức để buông bỏ và an trú sống cho hiện tại…\r\nMọi người nên đọc để hướng đến sự tỉnh thức"
            }
        },
        {
            "reviewer": {
                "name": "Nguyen Phuong Anh",
                "date": "Đã tham gia 5 năm",
                "reviewCount": "15 Đánh giá",
                "likedCount": "0 Lượt cảm ơn"
            },
            "review": {
                "rating": 5,
                "title": "Cực kì hài lòng",
                "content": "Sách hay và ý nghĩa.🪷 Cảm tượng mình cũng là một học trò của Bụt vậy.👍"
            }
        },
        {
            "reviewer": {
                "name": "Ngọc Trí Phan",
                "date": "Đã tham gia 5 năm",
                "reviewCount": "8 Đánh giá",
                "likedCount": "0 Lượt cảm ơn"
            },
            "review": {
                "rating": 5,
                "title": "Cực kì hài lòng",
                "content": "Hôm nay mình vừa hoàn thành cuốn sách này. Rất vui và hạnh phúc. Đây là cuốn sách rất hay về chữa lành và nói về cách sống hạnh phúc. Mn mua về đọc nhá!"
            }
        },
        {
            "reviewer": {
                "name": "Tuệ Sanh",
                "date": "Đã tham gia 6 năm",
                "reviewCount": "31 Đánh giá",
                "likedCount": "0 Lượt cảm ơn"
            },
            "review": {
                "rating": 5,
                "title": "Cực kì hài lòng",
                "content": "Sách hay, đóng gói cẩn thận, tiki giao hàng nhanh. Nói chúng mình rất thích"
            }
        },
        {
            "reviewer": {
                "name": "nguyễn tuyết",
                "date": "Đã tham gia 8 năm",
                "reviewCount": "23 Đánh giá",
                "likedCount": "4 Lượt cảm ơn"
            },
            "review": {
                "rating": 5,
                "title": "Cực kì hài lòng",
                "content": "Sách hay, giấy in tốt,dễ hiểu.  Sách của thầy thích nhất hạnh luôn dễ đọc và dễ thực tập, có thể nói đâylà cuốn sách đầu tay giúp m tu tập"
            }
        },
        {
            "reviewer": {
                "name": "Đăng Nguyễn",
                "date": "Đã tham gia 9 năm",
                "reviewCount": "151 Đánh giá",
                "likedCount": "47 Lượt cảm ơn"
            },
            "review": {
                "rating": 5,
                "title": "Cực kì hài lòng",
                "content": "Một cuốn sách không thể bỏ qua cho những ai nghiêm túc học và tiềm hiểu về đạo Phật, đạo Bụt."
            }
        },
        {
            "reviewer": {
                "name": "Hong Duong",
                "date": "Đã tham gia 8 năm",
                "reviewCount": "66 Đánh giá",
                "likedCount": "23 Lượt cảm ơn"
            },
            "review": {
                "rating": 5,
                "title": "Cực kì hài lòng",
                "content": "Giao hàng nhanh, đóng gói cẩn thận"
            }
        },
        {
            "reviewer": {
                "name": "My Lê",
                "date": "Đã tham gia 10 năm",
                "reviewCount": "3 Đánh giá",
                "likedCount": "0 Lượt cảm ơn"
            },
            "review": {
                "rating": 5,
                "title": "Cực kì hài lòng",
                "content": "Đóng gói kĩ lưỡng"
            }
        },
        {
            "reviewer": {
                "name": "Cao ANH",
                "date": "Đã tham gia 7 năm",
                "reviewCount": "25 Đánh giá",
                "likedCount": "0 Lượt cảm ơn"
            },
            "review": {
                "rating": 5,
                "title": "Cực kì hài lòng",
                "content": "Đã nghe qua Youtube...nhưng hãy bị ngủ trong lúc nghe....phải mua sách đọc cho ngấm"
            }
        },
        {
            "reviewer": {
                "name": "Nguyễn Văn Đang",
                "date": "Đã tham gia 2 năm",
                "reviewCount": "121 Đánh giá",
                "likedCount": "6 Lượt cảm ơn"
            },
            "review": {
                "rating": 5,
                "title": "Cực kì hài lòng",
                "content": "Sách bọc cẩn thận, giao hàng nhanh"
            }
        },
        {
            "reviewer": {
                "name": "Huỳnh trang",
                "date": "Đã tham gia 1 năm",
                "reviewCount": "2 Đánh giá",
                "likedCount": "0 Lượt cảm ơn"
            },
            "review": {
                "rating": 5,
                "title": "Cực kì hài lòng",
                "content": "Giao hàng nhanh, chất lượng đúng cam kết chính hãng, đóng gói cẩn thận giao hàng nhanh"
            }
        },
        {
            "reviewer": {
                "name": "Tran Tien Khoa",
                "date": "Đã tham gia 7 năm",
                "reviewCount": "90 Đánh giá",
                "likedCount": "8 Lượt cảm ơn"
            },
            "review": {
                "rating": 5,
                "title": "Cực kì hài lòng",
                "content": "Sách quá chất lượng. Mực in đẹp"
            }
        },
        {
            "reviewer": {
                "name": "Nay Hà",
                "date": "Đã tham gia 2 năm",
                "reviewCount": "258 Đánh giá",
                "likedCount": "19 Lượt cảm ơn"
            },
            "review": {
                "rating": 5,
                "title": "Cực kì hài lòng",
                "content": "Nội dung hay, bản in đẹp, giấy tốt"
            }
        },
        {
            "reviewer": {
                "name": "Trần Thị Thiệp",
                "date": "Đã tham gia 5 năm",
                "reviewCount": "44 Đánh giá",
                "likedCount": "1 Lượt cảm ơn"
            },
            "review": {
                "rating": 5,
                "title": "Cực kì hài lòng",
                "content": ""
            }
        },
        {
            "reviewer": {
                "name": "Xuân Mơ",
                "date": "Đã tham gia 6 năm",
                "reviewCount": "2 Đánh giá",
                "likedCount": "0 Lượt cảm ơn"
            },
            "review": {
                "rating": 5,
                "title": "Cực kì hài lòng",
                "content": "Rất tốt"
            }
        },
        {
            "reviewer": {
                "name": "Đào Duy Huy",
                "date": "Đã tham gia 7 năm",
                "reviewCount": "154 Đánh giá",
                "likedCount": "9 Lượt cảm ơn"
            },
            "review": {
                "rating": 5,
                "title": "Cực kì hài lòng",
                "content": "Hình ảnh Đức Phật rất giản dị gần gũi, nhẹ nhàng. Một câu chuyện dài với nhiều bài học nhân sinh."
            }
        },
        {
            "reviewer": {
                "name": "Ý Nguyễn Như",
                "date": "Đã tham gia 7 năm",
                "reviewCount": "8 Đánh giá",
                "likedCount": "0 Lượt cảm ơn"
            },
            "review": {
                "rating": 5,
                "title": "Cực kì hài lòng",
                "content": "Vận chuyển nhanh,đóng gói cấn thận cảm ơn Tiki nhiều"
            }
        },
        {
            "reviewer": {
                "name": "khanh pham",
                "date": "Đã tham gia 8 năm",
                "reviewCount": "44 Đánh giá",
                "likedCount": "0 Lượt cảm ơn"
            },
            "review": {
                "rating": 5,
                "title": "Cực kì hài lòng",
                "content": "Mình mới đọc được hơn 100 trang mà thấy khá dễ hiểu và hiểu hơn về phật qua cách viết khá gần gũi của thiền sư."
            }
        },
        {
            "reviewer": {
                "name": "Nguyen Phan",
                "date": "Đã tham gia 8 năm",
                "reviewCount": "76 Đánh giá",
                "likedCount": "5 Lượt cảm ơn"
            },
            "review": {
                "rating": 5,
                "title": "Cực kì hài lòng",
                "content": "In đẹp, nội dung thì vốn hay r."
            }
        },
        {
            "reviewer": {
                "name": "Phạm Hạnh",
                "date": "Đã tham gia 6 năm",
                "reviewCount": "56 Đánh giá",
                "likedCount": "4 Lượt cảm ơn"
            },
            "review": {
                "rating": 5,
                "title": "Cực kì hài lòng",
                "content": "Sách ok được bọc màng bảo vệ bảo quản sách"
            }
        },
        {
            "reviewer": {
                "name": "Ho Dung Manh",
                "date": "Đã tham gia 7 năm",
                "reviewCount": "71 Đánh giá",
                "likedCount": "9 Lượt cảm ơn"
            },
            "review": {
                "rating": 5,
                "title": "Cực kì hài lòng",
                "content": "Tuyệt vời, sách viết về cuôc đời của Phật, rất hay và gần gũi. Cảm ơn thầy."
            }
        },
        {
            "reviewer": {
                "name": "Sơn Nghệ",
                "date": "Đã tham gia 6 năm",
                "reviewCount": "7 Đánh giá",
                "likedCount": "0 Lượt cảm ơn"
            },
            "review": {
                "rating": 5,
                "title": "Cực kì hài lòng",
                "content": "Ok"
            }
        },
        {
            "reviewer": {
                "name": "Nguyễn Văn Việt",
                "date": "Đã tham gia 7 năm",
                "reviewCount": "53 Đánh giá",
                "likedCount": "0 Lượt cảm ơn"
            },
            "review": {
                "rating": 5,
                "title": "Cực kì hài lòng",
                "content": "Giao hàng nhanh, đóng gói cẩn thận."
            }
        },
        {
            "reviewer": {
                "name": "Tran phan tan hung",
                "date": "Đã tham gia 8 năm",
                "reviewCount": "44 Đánh giá",
                "likedCount": "1 Lượt cảm ơn"
            },
            "review": {
                "rating": 5,
                "title": "Cực kì hài lòng",
                "content": "Nọi dung hay lắm ạ, chất lượng sách tốt"
            }
        },
        {
            "reviewer": {
                "name": "Đường Hưng",
                "date": "Đã tham gia 4 năm",
                "reviewCount": "82 Đánh giá",
                "likedCount": "1 Lượt cảm ơn"
            },
            "review": {
                "rating": 5,
                "title": "Cực kì hài lòng",
                "content": "Quá xịn luôn"
            }
        },
        {
            "reviewer": {
                "name": "Đức Nguyên",
                "date": "Đã tham gia 5 năm",
                "reviewCount": "81 Đánh giá",
                "likedCount": "8 Lượt cảm ơn"
            },
            "review": {
                "rating": 5,
                "title": "Cực kì hài lòng",
                "content": ""
            }
        },
        {
            "reviewer": {
                "name": "Lê Thị Thu Trang",
                "date": "Đã tham gia 7 năm",
                "reviewCount": "21 Đánh giá",
                "likedCount": "0 Lượt cảm ơn"
            },
            "review": {
                "rating": 5,
                "title": "Cực kì hài lòng",
                "content": ""
            }
        },
        {
            "reviewer": {
                "name": "Trịnh Văn Du",
                "date": "Đã tham gia 8 năm",
                "reviewCount": "129 Đánh giá",
                "likedCount": "31 Lượt cảm ơn"
            },
            "review": {
                "rating": 5,
                "title": "Cực kì hài lòng",
                "content": "Sách chân thực về theo bước chân Phật"
            }
        },
        {
            "reviewer": {
                "name": "Anh Công",
                "date": "Đã tham gia 6 năm",
                "reviewCount": "9 Đánh giá",
                "likedCount": "0 Lượt cảm ơn"
            },
            "review": {
                "rating": 5,
                "title": "Cực kì hài lòng",
                "content": "Sách đẹp, giao nhanh."
            }
        },
        {
            "reviewer": {
                "name": "Hoàng Trọng Hiến",
                "date": "Đã tham gia 10 năm",
                "reviewCount": "56 Đánh giá",
                "likedCount": "1 Lượt cảm ơn"
            },
            "review": {
                "rating": 5,
                "title": "Cực kì hài lòng",
                "content": "Vô cùng ý nghĩa"
            }
        },
        {
            "reviewer": {
                "name": "Hu Thin Nguyn",
                "date": "Đã tham gia 5 năm",
                "reviewCount": "20 Đánh giá",
                "likedCount": "0 Lượt cảm ơn"
            },
            "review": {
                "rating": 5,
                "title": "Cực kì hài lòng",
                "content": "Đóng gói cẩn thận"
            }
        },
        {
            "reviewer": {
                "name": "Nguyễn Thị Minh Chân",
                "date": "Đã tham gia 6 năm",
                "reviewCount": "2 Đánh giá",
                "likedCount": "0 Lượt cảm ơn"
            },
            "review": {
                "rating": 5,
                "title": "Cực kì hài lòng",
                "content": "Quyển sách rất hay và mỗi người nên đọc một lần trong đời ❤️"
            }
        },
        {
            "reviewer": {
                "name": "Bùi Đoàn",
                "date": "Đã tham gia 11 năm",
                "reviewCount": "27 Đánh giá",
                "likedCount": "2 Lượt cảm ơn"
            },
            "review": {
                "rating": 5,
                "title": "Cực kì hài lòng",
                "content": ""
            }
        },
        {
            "reviewer": {
                "name": "dung bui",
                "date": "Đã tham gia 6 năm",
                "reviewCount": "99 Đánh giá",
                "likedCount": "3 Lượt cảm ơn"
            },
            "review": {
                "rating": 5,
                "title": "Cực kì hài lòng",
                "content": ""
            }
        },
        {
            "reviewer": {
                "name": "Vo ha anh thao",
                "date": "Đã tham gia 7 năm",
                "reviewCount": "12 Đánh giá",
                "likedCount": "0 Lượt cảm ơn"
            },
            "review": {
                "rating": 5,
                "title": "Cực kì hài lòng",
                "content": ""
            }
        },
        {
            "reviewer": {
                "name": "Toi Tran Ngoc",
                "date": "Đã tham gia 7 năm",
                "reviewCount": "7 Đánh giá",
                "likedCount": "0 Lượt cảm ơn"
            },
            "review": {
                "rating": 5,
                "title": "Cực kì hài lòng",
                "content": ""
            }
        },
        {
            "reviewer": {
                "name": "Phạm Thực",
                "date": "Đã tham gia 6 năm",
                "reviewCount": "16 Đánh giá",
                "likedCount": "0 Lượt cảm ơn"
            },
            "review": {
                "rating": 5,
                "title": "Cực kì hài lòng",
                "content": "giao hàng siêu nhanh, bọc gói hàng cẩn thận"
            }
        },
        {
            "reviewer": {
                "name": "Nguyễn Công Phương",
                "date": "Đã tham gia 4 năm",
                "reviewCount": "85 Đánh giá",
                "likedCount": "2 Lượt cảm ơn"
            },
            "review": {
                "rating": 5,
                "title": "Cực kì hài lòng",
                "content": ""
            }
        },
        {
            "reviewer": {
                "name": "Phạm Vàng",
                "date": "Đã tham gia 5 năm",
                "reviewCount": "16 Đánh giá",
                "likedCount": "1 Lượt cảm ơn"
            },
            "review": {
                "rating": 5,
                "title": "Cực kì hài lòng",
                "content": ""
            }
        },
        {
            "reviewer": {
                "name": "Nguyen Ngoc Tuan",
                "date": "Đã tham gia 7 năm",
                "reviewCount": "3 Đánh giá",
                "likedCount": "0 Lượt cảm ơn"
            },
            "review": {
                "rating": 5,
                "title": "Cực kì hài lòng",
                "content": ""
            }
        },
        {
            "reviewer": {
                "name": "Dương Mộc Vy Cầm",
                "date": "Đã tham gia 10 năm",
                "reviewCount": "1 Đánh giá",
                "likedCount": "0 Lượt cảm ơn"
            },
            "review": {
                "rating": 5,
                "title": "Cực kì hài lòng",
                "content": ""
            }
        },
        {
            "reviewer": {
                "name": "Hoàng Thị Lê",
                "date": "Đã tham gia 4 năm",
                "reviewCount": "10 Đánh giá",
                "likedCount": "0 Lượt cảm ơn"
            },
            "review": {
                "rating": 5,
                "title": "Cực kì hài lòng",
                "content": ""
            }
        },
        {
            "reviewer": {
                "name": "Lê Vi Linh",
                "date": "Đã tham gia 6 năm",
                "reviewCount": "2 Đánh giá",
                "likedCount": "0 Lượt cảm ơn"
            },
            "review": {
                "rating": 5,
                "title": "Cực kì hài lòng",
                "content": ""
            }
        },
        {
            "reviewer": {
                "name": "nguyễn thị đang phương",
                "date": "Đã tham gia 5 năm",
                "reviewCount": "1 Đánh giá",
                "likedCount": "0 Lượt cảm ơn"
            },
            "review": {
                "rating": 5,
                "title": "Cực kì hài lòng",
                "content": ""
            }
        },
        {
            "reviewer": {
                "name": "Tran Dat  Apec Group",
                "date": "Đã tham gia 6 năm",
                "reviewCount": "9 Đánh giá",
                "likedCount": "8 Lượt cảm ơn"
            },
            "review": {
                "rating": 5,
                "title": "Cực kì hài lòng",
                "content": ""
            }
        },
        {
            "reviewer": {
                "name": "Học Trần",
                "date": "Đã tham gia 6 năm",
                "reviewCount": "15 Đánh giá",
                "likedCount": "1 Lượt cảm ơn"
            },
            "review": {
                "rating": 5,
                "title": "Cực kì hài lòng",
                "content": ""
            }
        },
        {
            "reviewer": {
                "name": "phan thị thanh tình",
                "date": "Đã tham gia 10 năm",
                "reviewCount": "82 Đánh giá",
                "likedCount": "0 Lượt cảm ơn"
            },
            "review": {
                "rating": 5,
                "title": "Cực kì hài lòng",
                "content": "Sách giao nhanh và đóng gói cẩn thận"
            }
        },
        {
            "reviewer": {
                "name": "Hà Văn Thiện",
                "date": "Đã tham gia 1 năm",
                "reviewCount": "3 Đánh giá",
                "likedCount": "0 Lượt cảm ơn"
            },
            "review": {
                "rating": 5,
                "title": "Cực kì hài lòng",
                "content": ""
            }
        },
        {
            "reviewer": {
                "name": "Nguyễn Thủy",
                "date": "Đã tham gia 6 năm",
                "reviewCount": "20 Đánh giá",
                "likedCount": "0 Lượt cảm ơn"
            },
            "review": {
                "rating": 5,
                "title": "Cực kì hài lòng",
                "content": "Tuyệt hay"
            }
        },
        {
            "reviewer": {
                "name": "Trịnh Dương Kiên",
                "date": "Đã tham gia 4 năm",
                "reviewCount": "13 Đánh giá",
                "likedCount": "0 Lượt cảm ơn"
            },
            "review": {
                "rating": 5,
                "title": "Cực kì hài lòng",
                "content": ""
            }
        },
        {
            "reviewer": {
                "name": "Hà Thị Phượng",
                "date": "Đã tham gia 5 năm",
                "reviewCount": "103 Đánh giá",
                "likedCount": "7 Lượt cảm ơn"
            },
            "review": {
                "rating": 5,
                "title": "Cực kì hài lòng",
                "content": ""
            }
        },
        {
            "reviewer": {
                "name": "Huong Nguyen",
                "date": "Đã tham gia 6 năm",
                "reviewCount": "98 Đánh giá",
                "likedCount": "3 Lượt cảm ơn"
            },
            "review": {
                "rating": 5,
                "title": "Cực kì hài lòng",
                "content": ""
            }
        },
        {
            "reviewer": {
                "name": "Nguyễn Thị Ngọc Thùy",
                "date": "Đã tham gia 5 năm",
                "reviewCount": "7 Đánh giá",
                "likedCount": "0 Lượt cảm ơn"
            },
            "review": {
                "rating": 5,
                "title": "Cực kì hài lòng",
                "content": ""
            }
        },
        {
            "reviewer": {
                "name": "Nguyễn Thị Ngọc Ánh",
                "date": "Đã tham gia 1 năm",
                "reviewCount": "5 Đánh giá",
                "likedCount": "0 Lượt cảm ơn"
            },
            "review": {
                "rating": 5,
                "title": "Cực kì hài lòng",
                "content": ""
            }
        },
        {
            "reviewer": {
                "name": "lê thanh tân",
                "date": "Đã tham gia 6 năm",
                "reviewCount": "8 Đánh giá",
                "likedCount": "0 Lượt cảm ơn"
            },
            "review": {
                "rating": 5,
                "title": "Cực kì hài lòng",
                "content": ""
            }
        },
        {
            "reviewer": {
                "name": "Lê Tuấn",
                "date": "Đã tham gia 5 năm",
                "reviewCount": "13 Đánh giá",
                "likedCount": "0 Lượt cảm ơn"
            },
            "review": {
                "rating": 5,
                "title": "Cực kì hài lòng",
                "content": ""
            }
        },
        {
            "reviewer": {
                "name": "danian kook",
                "date": "Đã tham gia 2 năm",
                "reviewCount": "8 Đánh giá",
                "likedCount": "0 Lượt cảm ơn"
            },
            "review": {
                "rating": 5,
                "title": "Cực kì hài lòng",
                "content": "Sách thật, mới, đẹp"
            }
        },
        {
            "reviewer": {
                "name": "Nguyen Thuy",
                "date": "Đã tham gia 6 năm",
                "reviewCount": "7 Đánh giá",
                "likedCount": "3 Lượt cảm ơn"
            },
            "review": {
                "rating": 5,
                "title": "Cực kì hài lòng",
                "content": ""
            }
        },
        {
            "reviewer": {
                "name": "Nhân Roland",
                "date": "Đã tham gia 1 năm",
                "reviewCount": "25 Đánh giá",
                "likedCount": "0 Lượt cảm ơn"
            },
            "review": {
                "rating": 5,
                "title": "Cực kì hài lòng",
                "content": "Sách đóng gói kĩ, rất hay ạ"
            }
        },
        {
            "reviewer": {
                "name": "Quách Lâm",
                "date": "Đã tham gia 6 năm",
                "reviewCount": "12 Đánh giá",
                "likedCount": "0 Lượt cảm ơn"
            },
            "review": {
                "rating": 5,
                "title": "Cực kì hài lòng",
                "content": ""
            }
        },
        {
            "reviewer": {
                "name": "Vũ Phi Long",
                "date": "Đã tham gia 12 năm",
                "reviewCount": "53 Đánh giá",
                "likedCount": "30 Lượt cảm ơn"
            },
            "review": {
                "rating": 5,
                "title": "Cực kì hài lòng",
                "content": ""
            }
        },
        {
            "reviewer": {
                "name": "Duy Phong",
                "date": "Đã tham gia 8 năm",
                "reviewCount": "22 Đánh giá",
                "likedCount": "0 Lượt cảm ơn"
            },
            "review": {
                "rating": 5,
                "title": "Cực kì hài lòng",
                "content": "Ok"
            }
        },
        {
            "reviewer": {
                "name": "Duc mun",
                "date": "Đã tham gia 3 năm",
                "reviewCount": "5 Đánh giá",
                "likedCount": "4 Lượt cảm ơn"
            },
            "review": {
                "rating": 5,
                "title": "Cực kì hài lòng",
                "content": ""
            }
        },
        {
            "reviewer": {
                "name": "Như Lê",
                "date": "Đã tham gia 3 năm",
                "reviewCount": "23 Đánh giá",
                "likedCount": "0 Lượt cảm ơn"
            },
            "review": {
                "rating": 5,
                "title": "Cực kì hài lòng",
                "content": "Sách hay, bọc kỹ, giao nhanh. Cảm ơn Tiki"
            }
        },
        {
            "reviewer": {
                "name": "Vương Việt",
                "date": "Đã tham gia 6 năm",
                "reviewCount": "426 Đánh giá",
                "likedCount": "19 Lượt cảm ơn"
            },
            "review": {
                "rating": 5,
                "title": "Cực kì hài lòng",
                "content": ""
            }
        },
        {
            "reviewer": {
                "name": "Đặng Thái An",
                "date": "Đã tham gia 5 năm",
                "reviewCount": "185 Đánh giá",
                "likedCount": "47 Lượt cảm ơn"
            },
            "review": {
                "rating": 5,
                "title": "Cực kì hài lòng",
                "content": ""
            }
        },
        {
            "reviewer": {
                "name": "Trung Quyet",
                "date": "Đã tham gia 5 năm",
                "reviewCount": "11 Đánh giá",
                "likedCount": "0 Lượt cảm ơn"
            },
            "review": {
                "rating": 5,
                "title": "Cực kì hài lòng",
                "content": "Tốt"
            }
        },
        {
            "reviewer": {
                "name": "Phạm Tuyến",
                "date": "Đã tham gia 5 năm",
                "reviewCount": "55 Đánh giá",
                "likedCount": "1 Lượt cảm ơn"
            },
            "review": {
                "rating": 5,
                "title": "Cực kì hài lòng",
                "content": ""
            }
        },
        {
            "reviewer": {
                "name": "Chu Quang Hiển",
                "date": "Đã tham gia 11 năm",
                "reviewCount": "43 Đánh giá",
                "likedCount": "1 Lượt cảm ơn"
            },
            "review": {
                "rating": 5,
                "title": "Cực kì hài lòng",
                "content": ""
            }
        },
        {
            "reviewer": {
                "name": "Đỗ Thị Vân Hương",
                "date": "Đã tham gia 3 năm",
                "reviewCount": "112 Đánh giá",
                "likedCount": "9 Lượt cảm ơn"
            },
            "review": {
                "rating": 5,
                "title": "Cực kì hài lòng",
                "content": ""
            }
        },
        {
            "reviewer": {
                "name": "Nguyễn Thị Thu Thủy",
                "date": "Đã tham gia 9 năm",
                "reviewCount": "4 Đánh giá",
                "likedCount": "1 Lượt cảm ơn"
            },
            "review": {
                "rating": 5,
                "title": "Cực kì hài lòng",
                "content": ""
            }
        },
        {
            "reviewer": {
                "name": "Phan Hoàng",
                "date": "Đã tham gia 7 năm",
                "reviewCount": "49 Đánh giá",
                "likedCount": "7 Lượt cảm ơn"
            },
            "review": {
                "rating": 5,
                "title": "Cực kì hài lòng",
                "content": ""
            }
        },
        {
            "reviewer": {
                "name": "Lê Quỳnh Anh",
                "date": "Đã tham gia 7 năm",
                "reviewCount": "473 Đánh giá",
                "likedCount": "50 Lượt cảm ơn"
            },
            "review": {
                "rating": 5,
                "title": "Cực kì hài lòng",
                "content": ""
            }
        },
        {
            "reviewer": {
                "name": "Nhat Bui",
                "date": "Đã tham gia 4 năm",
                "reviewCount": "22 Đánh giá",
                "likedCount": "0 Lượt cảm ơn"
            },
            "review": {
                "rating": 5,
                "title": "Cực kì hài lòng",
                "content": ""
            }
        },
        {
            "reviewer": {
                "name": "Anh Lộc",
                "date": "Đã tham gia 6 năm",
                "reviewCount": "15 Đánh giá",
                "likedCount": "3 Lượt cảm ơn"
            },
            "review": {
                "rating": 5,
                "title": "Cực kì hài lòng",
                "content": ""
            }
        },
        {
            "reviewer": {
                "name": "Thinh Vu",
                "date": "Đã tham gia 4 năm",
                "reviewCount": "13 Đánh giá",
                "likedCount": "0 Lượt cảm ơn"
            },
            "review": {
                "rating": 5,
                "title": "Cực kì hài lòng",
                "content": ""
            }
        },
        {
            "reviewer": {
                "name": "Nguyễn Viên Chi Huyền",
                "date": "Đã tham gia 9 năm",
                "reviewCount": "25 Đánh giá",
                "likedCount": "0 Lượt cảm ơn"
            },
            "review": {
                "rating": 5,
                "title": "Cực kì hài lòng",
                "content": "Hàng chuẩn"
            }
        },
        {
            "reviewer": {
                "name": "Lưu Nguyên Giáp",
                "date": "Đã tham gia 7 năm",
                "reviewCount": "36 Đánh giá",
                "likedCount": "8 Lượt cảm ơn"
            },
            "review": {
                "rating": 5,
                "title": "Cực kì hài lòng",
                "content": ""
            }
        },
        {
            "reviewer": {
                "name": "Hai LM",
                "date": "Đã tham gia 7 năm",
                "reviewCount": "10 Đánh giá",
                "likedCount": "8 Lượt cảm ơn"
            },
            "review": {
                "rating": 5,
                "title": "Cực kì hài lòng",
                "content": ""
            }
        },
        {
            "reviewer": {
                "name": "Hồng Mỹ",
                "date": "Đã tham gia 9 năm",
                "reviewCount": "13 Đánh giá",
                "likedCount": "0 Lượt cảm ơn"
            },
            "review": {
                "rating": 5,
                "title": "Cực kì hài lòng",
                "content": ""
            }
        },
        {
            "reviewer": {
                "name": "Minh Thu",
                "date": "Đã tham gia 9 năm",
                "reviewCount": "121 Đánh giá",
                "likedCount": "9 Lượt cảm ơn"
            },
            "review": {
                "rating": 5,
                "title": "Cực kì hài lòng",
                "content": ""
            }
        },
        {
            "reviewer": {
                "name": "Vũ Thắm",
                "date": "Đã tham gia 3 năm",
                "reviewCount": "1 Đánh giá",
                "likedCount": "0 Lượt cảm ơn"
            },
            "review": {
                "rating": 5,
                "title": "Cực kì hài lòng",
                "content": ""
            }
        },
        {
            "reviewer": {
                "name": "Pham Ngoc Bao",
                "date": "Đã tham gia 8 năm",
                "reviewCount": "80 Đánh giá",
                "likedCount": "1 Lượt cảm ơn"
            },
            "review": {
                "rating": 5,
                "title": "Cực kì hài lòng",
                "content": ""
            }
        },
        {
            "reviewer": {
                "name": "Con Nhà Người Ta",
                "date": "Đã tham gia 6 năm",
                "reviewCount": "13 Đánh giá",
                "likedCount": "2 Lượt cảm ơn"
            },
            "review": {
                "rating": 5,
                "title": "Cực kì hài lòng",
                "content": "Hay"
            }
        },
        {
            "reviewer": {
                "name": "Hà Thái Phạm",
                "date": "Đã tham gia 6 năm",
                "reviewCount": "17 Đánh giá",
                "likedCount": "0 Lượt cảm ơn"
            },
            "review": {
                "rating": 5,
                "title": "Cực kì hài lòng",
                "content": ""
            }
        },
        {
            "reviewer": {
                "name": "Nguyễn Văn Thuần",
                "date": "Đã tham gia 6 năm",
                "reviewCount": "3 Đánh giá",
                "likedCount": "0 Lượt cảm ơn"
            },
            "review": {
                "rating": 5,
                "title": "Cực kì hài lòng",
                "content": ""
            }
        },
        {
            "reviewer": {
                "name": "Văn Thành",
                "date": "Đã tham gia 12 năm",
                "reviewCount": "48 Đánh giá",
                "likedCount": "3 Lượt cảm ơn"
            },
            "review": {
                "rating": 5,
                "title": "Cực kì hài lòng",
                "content": ""
            }
        },
        {
            "reviewer": {
                "name": "Jojo An",
                "date": "Đã tham gia 10 năm",
                "reviewCount": "157 Đánh giá",
                "likedCount": "1 Lượt cảm ơn"
            },
            "review": {
                "rating": 5,
                "title": "Cực kì hài lòng",
                "content": ""
            }
        },
        {
            "reviewer": {
                "name": "Minh Thảo",
                "date": "Đã tham gia 9 năm",
                "reviewCount": "36 Đánh giá",
                "likedCount": "8 Lượt cảm ơn"
            },
            "review": {
                "rating": 5,
                "title": "Cực kì hài lòng",
                "content": "Rất cảm động"
            }
        },
        {
            "reviewer": {
                "name": "Bùi Thanh Diễm",
                "date": "Đã tham gia 6 năm",
                "reviewCount": "13 Đánh giá",
                "likedCount": "0 Lượt cảm ơn"
            },
            "review": {
                "rating": 5,
                "title": "Cực kì hài lòng",
                "content": ""
            }
        },
        {
            "reviewer": {
                "name": "Trần Linh Chi",
                "date": "Đã tham gia 2 năm",
                "reviewCount": "1 Đánh giá",
                "likedCount": "0 Lượt cảm ơn"
            },
            "review": {
                "rating": 5,
                "title": "Cực kì hài lòng",
                "content": ""
            }
        },
        {
            "reviewer": {
                "name": "Mai Nguyễn",
                "date": "Đã tham gia 3 năm",
                "reviewCount": "1 Đánh giá",
                "likedCount": "0 Lượt cảm ơn"
            },
            "review": {
                "rating": 5,
                "title": "Cực kì hài lòng",
                "content": ""
            }
        },
        {
            "reviewer": {
                "name": "Hoàng Lệ Quyên",
                "date": "Đã tham gia 6 năm",
                "reviewCount": "21 Đánh giá",
                "likedCount": "2 Lượt cảm ơn"
            },
            "review": {
                "rating": 5,
                "title": "Cực kì hài lòng",
                "content": "Nội dung hay, in ấn rõ chữ"
            }
        },
        {
            "reviewer": {
                "name": "Ngoc Triu",
                "date": "Đã tham gia 5 năm",
                "reviewCount": "111 Đánh giá",
                "likedCount": "19 Lượt cảm ơn"
            },
            "review": {
                "rating": 5,
                "title": "Cực kì hài lòng",
                "content": ""
            }
        },
        {
            "reviewer": {
                "name": "Trần Thị Ánh Mai",
                "date": "Đã tham gia 4 năm",
                "reviewCount": "20 Đánh giá",
                "likedCount": "1 Lượt cảm ơn"
            },
            "review": {
                "rating": 5,
                "title": "Cực kì hài lòng",
                "content": ""
            }
        },
        {
            "reviewer": {
                "name": "Minh Đức",
                "date": "Đã tham gia 2 năm",
                "reviewCount": "6 Đánh giá",
                "likedCount": "0 Lượt cảm ơn"
            },
            "review": {
                "rating": 5,
                "title": "Cực kì hài lòng",
                "content": ""
            }
        },
        {
            "reviewer": {
                "name": "Nguyễn Hoàng Minh",
                "date": "Đã tham gia 7 năm",
                "reviewCount": "35 Đánh giá",
                "likedCount": "1 Lượt cảm ơn"
            },
            "review": {
                "rating": 5,
                "title": "Cực kì hài lòng",
                "content": ""
            }
        },
        {
            "reviewer": {
                "name": "Trịnh Đức Anh",
                "date": "Đã tham gia 2 năm",
                "reviewCount": "6 Đánh giá",
                "likedCount": "0 Lượt cảm ơn"
            },
            "review": {
                "rating": 5,
                "title": "Cực kì hài lòng",
                "content": ""
            }
        },
        {
            "reviewer": {
                "name": "Nguyễn Thị Bé Chúc",
                "date": "Đã tham gia 5 năm",
                "reviewCount": "33 Đánh giá",
                "likedCount": "7 Lượt cảm ơn"
            },
            "review": {
                "rating": 5,
                "title": "Cực kì hài lòng",
                "content": "Nội dung hay"
            }
        },
        {
            "reviewer": {
                "name": "Le Quy",
                "date": "Đã tham gia 3 năm",
                "reviewCount": "1 Đánh giá",
                "likedCount": "0 Lượt cảm ơn"
            },
            "review": {
                "rating": 5,
                "title": "Cực kì hài lòng",
                "content": ""
            }
        },
        {
            "reviewer": {
                "name": "Cẩm Tú",
                "date": "Đã tham gia 3 năm",
                "reviewCount": "4 Đánh giá",
                "likedCount": "0 Lượt cảm ơn"
            },
            "review": {
                "rating": 5,
                "title": "Cực kì hài lòng",
                "content": ""
            }
        },
        {
            "reviewer": {
                "name": "Phạm Trí Thành",
                "date": "Đã tham gia 1 năm",
                "reviewCount": "1 Đánh giá",
                "likedCount": "0 Lượt cảm ơn"
            },
            "review": {
                "rating": 5,
                "title": "Cực kì hài lòng",
                "content": ""
            }
        },
        {
            "reviewer": {
                "name": "Nguyễn Hưng",
                "date": "Đã tham gia 4 năm",
                "reviewCount": "15 Đánh giá",
                "likedCount": "0 Lượt cảm ơn"
            },
            "review": {
                "rating": 5,
                "title": "Cực kì hài lòng",
                "content": ""
            }
        },
        {
            "reviewer": {
                "name": "Tj Nguyen",
                "date": "Đã tham gia 5 năm",
                "reviewCount": "5 Đánh giá",
                "likedCount": "1 Lượt cảm ơn"
            },
            "review": {
                "rating": 5,
                "title": "Cực kì hài lòng",
                "content": ""
            }
        },
        {
            "reviewer": {
                "name": "Trần Khánh",
                "date": "Đã tham gia 9 năm",
                "reviewCount": "200 Đánh giá",
                "likedCount": "1 Lượt cảm ơn"
            },
            "review": {
                "rating": 5,
                "title": "Cực kì hài lòng",
                "content": ""
            }
        },
        {
            "reviewer": {
                "name": "Nguyễn Phương Nghi",
                "date": "Đã tham gia 9 năm",
                "reviewCount": "8 Đánh giá",
                "likedCount": "0 Lượt cảm ơn"
            },
            "review": {
                "rating": 5,
                "title": "Cực kì hài lòng",
                "content": ""
            }
        },
        {
            "reviewer": {
                "name": "Đỗ Văn Thư",
                "date": "Đã tham gia 6 năm",
                "reviewCount": "7 Đánh giá",
                "likedCount": "0 Lượt cảm ơn"
            },
            "review": {
                "rating": 5,
                "title": "Cực kì hài lòng",
                "content": "giao hàng nhanh chóng"
            }
        },
        {
            "reviewer": {
                "name": "Tam Tran",
                "date": "Đã tham gia 1 năm",
                "reviewCount": "7 Đánh giá",
                "likedCount": "0 Lượt cảm ơn"
            },
            "review": {
                "rating": 5,
                "title": "Cực kì hài lòng",
                "content": ""
            }
        },
        {
            "reviewer": {
                "name": "Vợ của Kwon Ji Yong",
                "date": "Đã tham gia 8 năm",
                "reviewCount": "20 Đánh giá",
                "likedCount": "38 Lượt cảm ơn"
            },
            "review": {
                "rating": 5,
                "title": "Cực kì hài lòng",
                "content": ""
            }
        },
        {
            "reviewer": {
                "name": "Trần Thị Thuý Bình",
                "date": "Đã tham gia 6 năm",
                "reviewCount": "3 Đánh giá",
                "likedCount": "5 Lượt cảm ơn"
            },
            "review": {
                "rating": 5,
                "title": "Cực kì hài lòng",
                "content": ""
            }
        },
        {
            "reviewer": {
                "name": "Phan Trần Đức Trung",
                "date": "Đã tham gia 10 năm",
                "reviewCount": "24 Đánh giá",
                "likedCount": "3 Lượt cảm ơn"
            },
            "review": {
                "rating": 5,
                "title": "Cực kì hài lòng",
                "content": ""
            }
        },
        {
            "reviewer": {
                "name": "Lam Tran",
                "date": "Đã tham gia 3 năm",
                "reviewCount": "111 Đánh giá",
                "likedCount": "1 Lượt cảm ơn"
            },
            "review": {
                "rating": 5,
                "title": "Cực kì hài lòng",
                "content": ""
            }
        },
        {
            "reviewer": {
                "name": "Hiến Nguyễn Văn",
                "date": "Đã tham gia 8 năm",
                "reviewCount": "85 Đánh giá",
                "likedCount": "12 Lượt cảm ơn"
            },
            "review": {
                "rating": 5,
                "title": "Cực kì hài lòng",
                "content": ""
            }
        },
        {
            "reviewer": {
                "name": "Học Bùi",
                "date": "Đã tham gia 4 năm",
                "reviewCount": "12 Đánh giá",
                "likedCount": "0 Lượt cảm ơn"
            },
            "review": {
                "rating": 5,
                "title": "Cực kì hài lòng",
                "content": ""
            }
        },
        {
            "reviewer": {
                "name": "Trác Toàn",
                "date": "Đã tham gia 11 năm",
                "reviewCount": "7 Đánh giá",
                "likedCount": "5 Lượt cảm ơn"
            },
            "review": {
                "rating": 5,
                "title": "Cực kì hài lòng",
                "content": ""
            }
        },
        {
            "reviewer": {
                "name": "Lại Văn Tôn",
                "date": "Đã tham gia 6 năm",
                "reviewCount": "13 Đánh giá",
                "likedCount": "0 Lượt cảm ơn"
            },
            "review": {
                "rating": 5,
                "title": "Cực kì hài lòng",
                "content": ""
            }
        },
        {
            "reviewer": {
                "name": "Thi Minh Phuong Do",
                "date": "Đã tham gia 8 năm",
                "reviewCount": "2 Đánh giá",
                "likedCount": "0 Lượt cảm ơn"
            },
            "review": {
                "rating": 5,
                "title": "Cực kì hài lòng",
                "content": ""
            }
        },
        {
            "reviewer": {
                "name": "Anh Tuấn",
                "date": "Đã tham gia 3 năm",
                "reviewCount": "1 Đánh giá",
                "likedCount": "0 Lượt cảm ơn"
            },
            "review": {
                "rating": 5,
                "title": "Cực kì hài lòng",
                "content": "Good, giao nhanh"
            }
        },
        {
            "reviewer": {
                "name": "Trần Thị Quế Thanh",
                "date": "Đã tham gia 7 năm",
                "reviewCount": "1 Đánh giá",
                "likedCount": "0 Lượt cảm ơn"
            },
            "review": {
                "rating": 5,
                "title": "Cực kì hài lòng",
                "content": ""
            }
        },
        {
            "reviewer": {
                "name": "Nguyễn Huyền Trang",
                "date": "Đã tham gia 1 năm",
                "reviewCount": "12 Đánh giá",
                "likedCount": "0 Lượt cảm ơn"
            },
            "review": {
                "rating": 5,
                "title": "Cực kì hài lòng",
                "content": ""
            }
        },
        {
            "reviewer": {
                "name": "Nguyễn Xuân Cường",
                "date": "Đã tham gia 5 năm",
                "reviewCount": "9 Đánh giá",
                "likedCount": "0 Lượt cảm ơn"
            },
            "review": {
                "rating": 5,
                "title": "Cực kì hài lòng",
                "content": ""
            }
        },
        {
            "reviewer": {
                "name": "bui duy thanh",
                "date": "Đã tham gia 5 năm",
                "reviewCount": "70 Đánh giá",
                "likedCount": "1 Lượt cảm ơn"
            },
            "review": {
                "rating": 5,
                "title": "Cực kì hài lòng",
                "content": ""
            }
        },
        {
            "reviewer": {
                "name": "doan vu",
                "date": "Đã tham gia 4 năm",
                "reviewCount": "16 Đánh giá",
                "likedCount": "1 Lượt cảm ơn"
            },
            "review": {
                "rating": 5,
                "title": "Cực kì hài lòng",
                "content": ""
            }
        },
        {
            "reviewer": {
                "name": "Đức Anh",
                "date": "Đã tham gia 2 năm",
                "reviewCount": "17 Đánh giá",
                "likedCount": "0 Lượt cảm ơn"
            },
            "review": {
                "rating": 5,
                "title": "Cực kì hài lòng",
                "content": ""
            }
        },
        {
            "reviewer": {
                "name": "Tuấn Anh Vương",
                "date": "Đã tham gia 6 năm",
                "reviewCount": "5 Đánh giá",
                "likedCount": "0 Lượt cảm ơn"
            },
            "review": {
                "rating": 5,
                "title": "Cực kì hài lòng",
                "content": ""
            }
        },
        {
            "reviewer": {
                "name": "Hang duc kinh",
                "date": "Đã tham gia 5 năm",
                "reviewCount": "94 Đánh giá",
                "likedCount": "8 Lượt cảm ơn"
            },
            "review": {
                "rating": 5,
                "title": "Cực kì hài lòng",
                "content": ""
            }
        },
        {
            "reviewer": {
                "name": "LE HOANG KHAC VU",
                "date": "Đã tham gia 10 năm",
                "reviewCount": "52 Đánh giá",
                "likedCount": "1 Lượt cảm ơn"
            },
            "review": {
                "rating": 5,
                "title": "Cực kì hài lòng",
                "content": ""
            }
        },
        {
            "reviewer": {
                "name": "DƯƠNG THỊ MỸ KIỀU",
                "date": "Đã tham gia 7 năm",
                "reviewCount": "2 Đánh giá",
                "likedCount": "0 Lượt cảm ơn"
            },
            "review": {
                "rating": 5,
                "title": "Cực kì hài lòng",
                "content": ""
            }
        },
        {
            "reviewer": {
                "name": "Yến Quyên Trần",
                "date": "Đã tham gia 5 năm",
                "reviewCount": "3 Đánh giá",
                "likedCount": "0 Lượt cảm ơn"
            },
            "review": {
                "rating": 5,
                "title": "Cực kì hài lòng",
                "content": ""
            }
        },
        {
            "reviewer": {
                "name": "Phạm Triết",
                "date": "Đã tham gia 6 năm",
                "reviewCount": "29 Đánh giá",
                "likedCount": "0 Lượt cảm ơn"
            },
            "review": {
                "rating": 5,
                "title": "Cực kì hài lòng",
                "content": ""
            }
        },
        {
            "reviewer": {
                "name": "Chí Tài Phùng",
                "date": "Đã tham gia 8 năm",
                "reviewCount": "2 Đánh giá",
                "likedCount": "0 Lượt cảm ơn"
            },
            "review": {
                "rating": 5,
                "title": "Cực kì hài lòng",
                "content": ""
            }
        },
        {
            "reviewer": {
                "name": "Ha Anh Nguyen",
                "date": "Đã tham gia 8 năm",
                "reviewCount": "24 Đánh giá",
                "likedCount": "0 Lượt cảm ơn"
            },
            "review": {
                "rating": 5,
                "title": "Cực kì hài lòng",
                "content": ""
            }
        },
        {
            "reviewer": {
                "name": "Tran Nguyen Bao",
                "date": "Đã tham gia 11 năm",
                "reviewCount": "94 Đánh giá",
                "likedCount": "3 Lượt cảm ơn"
            },
            "review": {
                "rating": 5,
                "title": "Cực kì hài lòng",
                "content": ""
            }
        },
        {
            "reviewer": {
                "name": "Nguyễn Châu Thiên Ngân",
                "date": "Đã tham gia 7 năm",
                "reviewCount": "3 Đánh giá",
                "likedCount": "0 Lượt cảm ơn"
            },
            "review": {
                "rating": 5,
                "title": "Cực kì hài lòng",
                "content": ""
            }
        },
        {
            "reviewer": {
                "name": "Bùi Việt Vương",
                "date": "Đã tham gia 9 năm",
                "reviewCount": "12 Đánh giá",
                "likedCount": "0 Lượt cảm ơn"
            },
            "review": {
                "rating": 5,
                "title": "Cực kì hài lòng",
                "content": ""
            }
        },
        {
            "reviewer": {
                "name": "Lê ngọc Vinh",
                "date": "Đã tham gia 7 năm",
                "reviewCount": "79 Đánh giá",
                "likedCount": "9 Lượt cảm ơn"
            },
            "review": {
                "rating": 5,
                "title": "Cực kì hài lòng",
                "content": ""
            }
        },
        {
            "reviewer": {
                "name": "Quỳnh Phương Võ Nguyễn",
                "date": "Đã tham gia 5 năm",
                "reviewCount": "21 Đánh giá",
                "likedCount": "0 Lượt cảm ơn"
            },
            "review": {
                "rating": 5,
                "title": "Cực kì hài lòng",
                "content": ""
            }
        },
        {
            "reviewer": {
                "name": "rin oozora",
                "date": "Đã tham gia 6 năm",
                "reviewCount": "55 Đánh giá",
                "likedCount": "163 Lượt cảm ơn"
            },
            "review": {
                "rating": 5,
                "title": "Cực kì hài lòng",
                "content": ""
            }
        },
        {
            "reviewer": {
                "name": "Thành Đạt",
                "date": "Đã tham gia 3 năm",
                "reviewCount": "19 Đánh giá",
                "likedCount": "0 Lượt cảm ơn"
            },
            "review": {
                "rating": 5,
                "title": "Cực kì hài lòng",
                "content": ""
            }
        },
        {
            "reviewer": {
                "name": "nguyễn đăng vinh",
                "date": "Đã tham gia 7 năm",
                "reviewCount": "1 Đánh giá",
                "likedCount": "0 Lượt cảm ơn"
            },
            "review": {
                "rating": 5,
                "title": "Cực kì hài lòng",
                "content": ""
            }
        },
        {
            "reviewer": {
                "name": "Nguyễn Nhã",
                "date": "Đã tham gia 6 năm",
                "reviewCount": "3 Đánh giá",
                "likedCount": "0 Lượt cảm ơn"
            },
            "review": {
                "rating": 5,
                "title": "Cực kì hài lòng",
                "content": "Hay. Rất nên đọc"
            }
        },
        {
            "reviewer": {
                "name": "Triệu Vy",
                "date": "Đã tham gia 1 năm",
                "reviewCount": "3 Đánh giá",
                "likedCount": "0 Lượt cảm ơn"
            },
            "review": {
                "rating": 5,
                "title": "Cực kì hài lòng",
                "content": ""
            }
        },
        {
            "reviewer": {
                "name": "Trần Trinh",
                "date": "Đã tham gia 11 năm",
                "reviewCount": "5 Đánh giá",
                "likedCount": "0 Lượt cảm ơn"
            },
            "review": {
                "rating": 5,
                "title": "Cực kì hài lòng",
                "content": ""
            }
        },
        {
            "reviewer": {
                "name": "Truong sanh",
                "date": "Đã tham gia 3 năm",
                "reviewCount": "8 Đánh giá",
                "likedCount": "0 Lượt cảm ơn"
            },
            "review": {
                "rating": 5,
                "title": "Cực kì hài lòng",
                "content": ""
            }
        },
        {
            "reviewer": {
                "name": "Mai Xuân Thanh",
                "date": "Đã tham gia 9 năm",
                "reviewCount": "128 Đánh giá",
                "likedCount": "3 Lượt cảm ơn"
            },
            "review": {
                "rating": 5,
                "title": "Cực kì hài lòng",
                "content": ""
            }
        },
        {
            "reviewer": {
                "name": "Linh Võ",
                "date": "Đã tham gia 4 năm",
                "reviewCount": "4 Đánh giá",
                "likedCount": "0 Lượt cảm ơn"
            },
            "review": {
                "rating": 5,
                "title": "Cực kì hài lòng",
                "content": ""
            }
        },
        {
            "reviewer": {
                "name": "Ceri Tran",
                "date": "Đã tham gia 4 năm",
                "reviewCount": "10 Đánh giá",
                "likedCount": "0 Lượt cảm ơn"
            },
            "review": {
                "rating": 5,
                "title": "Cực kì hài lòng",
                "content": ""
            }
        },
        {
            "reviewer": {
                "name": "Tho Truong",
                "date": "Đã tham gia 4 năm",
                "reviewCount": "35 Đánh giá",
                "likedCount": "0 Lượt cảm ơn"
            },
            "review": {
                "rating": 5,
                "title": "Cực kì hài lòng",
                "content": ""
            }
        },
        {
            "reviewer": {
                "name": "Thảo Vũ",
                "date": "Đã tham gia 3 năm",
                "reviewCount": "21 Đánh giá",
                "likedCount": "0 Lượt cảm ơn"
            },
            "review": {
                "rating": 5,
                "title": "Cực kì hài lòng",
                "content": ""
            }
        },
        {
            "reviewer": {
                "name": "Phan Hoa",
                "date": "Đã tham gia 7 năm",
                "reviewCount": "26 Đánh giá",
                "likedCount": "2 Lượt cảm ơn"
            },
            "review": {
                "rating": 5,
                "title": "Cực kì hài lòng",
                "content": ""
            }
        },
        {
            "reviewer": {
                "name": "Đặng Thu Phương",
                "date": "Đã tham gia 6 năm",
                "reviewCount": "4 Đánh giá",
                "likedCount": "0 Lượt cảm ơn"
            },
            "review": {
                "rating": 5,
                "title": "Cực kì hài lòng",
                "content": ""
            }
        },
        {
            "reviewer": {
                "name": "Lê Minh Tân",
                "date": "Đã tham gia 6 năm",
                "reviewCount": "208 Đánh giá",
                "likedCount": "0 Lượt cảm ơn"
            },
            "review": {
                "rating": 5,
                "title": "Cực kì hài lòng",
                "content": ""
            }
        },
        {
            "reviewer": {
                "name": "Ngô Thành Danh",
                "date": "Đã tham gia 5 năm",
                "reviewCount": "44 Đánh giá",
                "likedCount": "0 Lượt cảm ơn"
            },
            "review": {
                "rating": 5,
                "title": "Cực kì hài lòng",
                "content": ""
            }
        },
        {
            "reviewer": {
                "name": "PT Quý Hậu",
                "date": "Đã tham gia 9 năm",
                "reviewCount": "54 Đánh giá",
                "likedCount": "16 Lượt cảm ơn"
            },
            "review": {
                "rating": 5,
                "title": "Cực kì hài lòng",
                "content": ""
            }
        },
        {
            "reviewer": {
                "name": "Minh Thu",
                "date": "Đã tham gia 6 năm",
                "reviewCount": "26 Đánh giá",
                "likedCount": "0 Lượt cảm ơn"
            },
            "review": {
                "rating": 5,
                "title": "Cực kì hài lòng",
                "content": ""
            }
        },
        {
            "reviewer": {
                "name": "Huỳnh Thanh Toàn",
                "date": "Đã tham gia 4 năm",
                "reviewCount": "5 Đánh giá",
                "likedCount": "0 Lượt cảm ơn"
            },
            "review": {
                "rating": 5,
                "title": "Cực kì hài lòng",
                "content": ""
            }
        },
        {
            "reviewer": {
                "name": "Thu Giang",
                "date": "Đã tham gia 3 năm",
                "reviewCount": "1 Đánh giá",
                "likedCount": "0 Lượt cảm ơn"
            },
            "review": {
                "rating": 5,
                "title": "Cực kì hài lòng",
                "content": ""
            }
        },
        {
            "reviewer": {
                "name": "Nguyễn Duy Thế",
                "date": "Đã tham gia 6 năm",
                "reviewCount": "13 Đánh giá",
                "likedCount": "1 Lượt cảm ơn"
            },
            "review": {
                "rating": 5,
                "title": "Cực kì hài lòng",
                "content": ""
            }
        },
        {
            "reviewer": {
                "name": "Tùng Nguyễn",
                "date": "Đã tham gia 6 năm",
                "reviewCount": "40 Đánh giá",
                "likedCount": "2 Lượt cảm ơn"
            },
            "review": {
                "rating": 5,
                "title": "Cực kì hài lòng",
                "content": ""
            }
        },
        {
            "reviewer": {
                "name": "Thị Vân",
                "date": "Đã tham gia 6 năm",
                "reviewCount": "2 Đánh giá",
                "likedCount": "0 Lượt cảm ơn"
            },
            "review": {
                "rating": 5,
                "title": "Cực kì hài lòng",
                "content": ""
            }
        },
        {
            "reviewer": {
                "name": "La Laa",
                "date": "Đã tham gia 6 năm",
                "reviewCount": "2 Đánh giá",
                "likedCount": "0 Lượt cảm ơn"
            },
            "review": {
                "rating": 5,
                "title": "Cực kì hài lòng",
                "content": ""
            }
        },
        {
            "reviewer": {
                "name": "Nguyễn Trang",
                "date": "Đã tham gia 6 năm",
                "reviewCount": "40 Đánh giá",
                "likedCount": "0 Lượt cảm ơn"
            },
            "review": {
                "rating": 5,
                "title": "Cực kì hài lòng",
                "content": ""
            }
        },
        {
            "reviewer": {
                "name": "Thanh Thanh",
                "date": "Đã tham gia 4 năm",
                "reviewCount": "4 Đánh giá",
                "likedCount": "0 Lượt cảm ơn"
            },
            "review": {
                "rating": 5,
                "title": "Cực kì hài lòng",
                "content": ""
            }
        },
        {
            "reviewer": {
                "name": "Nguyen Luong",
                "date": "Đã tham gia 2 năm",
                "reviewCount": "5 Đánh giá",
                "likedCount": "0 Lượt cảm ơn"
            },
            "review": {
                "rating": 5,
                "title": "Cực kì hài lòng",
                "content": ""
            }
        },
        {
            "reviewer": {
                "name": "Chi Võ",
                "date": "Đã tham gia 6 năm",
                "reviewCount": "45 Đánh giá",
                "likedCount": "0 Lượt cảm ơn"
            },
            "review": {
                "rating": 5,
                "title": "Cực kì hài lòng",
                "content": ""
            }
        },
        {
            "reviewer": {
                "name": "Nguyễn Thanh Trang",
                "date": "Đã tham gia 12 năm",
                "reviewCount": "29 Đánh giá",
                "likedCount": "0 Lượt cảm ơn"
            },
            "review": {
                "rating": 5,
                "title": "Cực kì hài lòng",
                "content": ""
            }
        },
        {
            "reviewer": {
                "name": "Lý Xuân Nguyên",
                "date": "Đã tham gia 1 năm",
                "reviewCount": "6 Đánh giá",
                "likedCount": "0 Lượt cảm ơn"
            },
            "review": {
                "rating": 5,
                "title": "Cực kì hài lòng",
                "content": ""
            }
        },
        {
            "reviewer": {
                "name": "Lương Hoàng Nhi",
                "date": "Đã tham gia 4 năm",
                "reviewCount": "5 Đánh giá",
                "likedCount": "0 Lượt cảm ơn"
            },
            "review": {
                "rating": 5,
                "title": "Cực kì hài lòng",
                "content": ""
            }
        },
        {
            "reviewer": {
                "name": "Võ Thị Kiều Trinh",
                "date": "Đã tham gia 2 năm",
                "reviewCount": "11 Đánh giá",
                "likedCount": "0 Lượt cảm ơn"
            },
            "review": {
                "rating": 5,
                "title": "Cực kì hài lòng",
                "content": ""
            }
        },
        {
            "reviewer": {
                "name": "Thu Biên",
                "date": "Đã tham gia 5 năm",
                "reviewCount": "2 Đánh giá",
                "likedCount": "0 Lượt cảm ơn"
            },
            "review": {
                "rating": 5,
                "title": "Cực kì hài lòng",
                "content": ""
            }
        },
        {
            "reviewer": {
                "name": "Hiep Dang",
                "date": "Đã tham gia 4 năm",
                "reviewCount": "1 Đánh giá",
                "likedCount": "0 Lượt cảm ơn"
            },
            "review": {
                "rating": 5,
                "title": "Cực kì hài lòng",
                "content": ""
            }
        },
        {
            "reviewer": {
                "name": "anh Thư",
                "date": "Đã tham gia 3 năm",
                "reviewCount": "45 Đánh giá",
                "likedCount": "0 Lượt cảm ơn"
            },
            "review": {
                "rating": 5,
                "title": "Cực kì hài lòng",
                "content": ""
            }
        },
        {
            "reviewer": {
                "name": "Nguyễn Toàn",
                "date": "Đã tham gia 8 năm",
                "reviewCount": "6 Đánh giá",
                "likedCount": "0 Lượt cảm ơn"
            },
            "review": {
                "rating": 5,
                "title": "Cực kì hài lòng",
                "content": ""
            }
        },
        {
            "reviewer": {
                "name": "Ninh Trương",
                "date": "Đã tham gia 8 năm",
                "reviewCount": "99 Đánh giá",
                "likedCount": "8 Lượt cảm ơn"
            },
            "review": {
                "rating": 5,
                "title": "Cực kì hài lòng",
                "content": ""
            }
        },
        {
            "reviewer": {
                "name": "Hương Vũ Thiên",
                "date": "Đã tham gia 4 năm",
                "reviewCount": "4 Đánh giá",
                "likedCount": "1 Lượt cảm ơn"
            },
            "review": {
                "rating": 5,
                "title": "Cực kì hài lòng",
                "content": ""
            }
        },
        {
            "reviewer": {
                "name": "HOÀNG THÀNH TÀI",
                "date": "Đã tham gia 7 năm",
                "reviewCount": "35 Đánh giá",
                "likedCount": "1 Lượt cảm ơn"
            },
            "review": {
                "rating": 5,
                "title": "Cực kì hài lòng",
                "content": ""
            }
        },
        {
            "reviewer": {
                "name": "Đoàn Đức Cường",
                "date": "Đã tham gia 4 năm",
                "reviewCount": "41 Đánh giá",
                "likedCount": "0 Lượt cảm ơn"
            },
            "review": {
                "rating": 5,
                "title": "Cực kì hài lòng",
                "content": ""
            }
        },
        {
            "reviewer": {
                "name": "Huynh Hường",
                "date": "Đã tham gia 9 năm",
                "reviewCount": "47 Đánh giá",
                "likedCount": "5 Lượt cảm ơn"
            },
            "review": {
                "rating": 5,
                "title": "Cực kì hài lòng",
                "content": ""
            }
        },
        {
            "reviewer": {
                "name": "Trang Tran",
                "date": "Đã tham gia 5 năm",
                "reviewCount": "157 Đánh giá",
                "likedCount": "0 Lượt cảm ơn"
            },
            "review": {
                "rating": 5,
                "title": "Cực kì hài lòng",
                "content": ""
            }
        },
        {
            "reviewer": {
                "name": "Hà Thành Long",
                "date": "Đã tham gia 6 năm",
                "reviewCount": "568 Đánh giá",
                "likedCount": "6 Lượt cảm ơn"
            },
            "review": {
                "rating": 5,
                "title": "Cực kì hài lòng",
                "content": ""
            }
        },
        {
            "reviewer": {
                "name": "Minh Đa",
                "date": "Đã tham gia 6 năm",
                "reviewCount": "23 Đánh giá",
                "likedCount": "0 Lượt cảm ơn"
            },
            "review": {
                "rating": 5,
                "title": "Cực kì hài lòng",
                "content": ""
            }
        },
        {
            "reviewer": {
                "name": "tuan tuan",
                "date": "Đã tham gia 4 năm",
                "reviewCount": "15 Đánh giá",
                "likedCount": "1 Lượt cảm ơn"
            },
            "review": {
                "rating": 4,
                "title": "Hài lòng",
                "content": "Chất lượng sách tốt,giao nhanh,.nhưng tikki nên kiểm tra và xem lại trách nhiệm người giao hàng,với cách đóng gói nữa,sách giao gì mà móp hết cả 4 góc thế này.haiza"
            }
        },
        {
            "reviewer": {
                "name": "Dương Thị Hồng",
                "date": "Đã tham gia 5 năm",
                "reviewCount": "2 Đánh giá",
                "likedCount": "5 Lượt cảm ơn"
            },
            "review": {
                "rating": 4,
                "title": "Hài lòng",
                "content": "Giao hàng siêu nhanh luôn mà nhận hàng hơi thất vọng, sách bị gãy góc, bù lại thì chất lượng giấy tốt"
            }
        },
        {
            "reviewer": {
                "name": "Nguyễn Thanh Bình",
                "date": "Đã tham gia 10 năm",
                "reviewCount": "102 Đánh giá",
                "likedCount": "51 Lượt cảm ơn"
            },
            "review": {
                "rating": 1,
                "title": "Rất không hài lòng",
                "content": "Tiki giao sách bị rách, Rất không hài lòng về sản phẩm"
            }
        },
        {
            "reviewer": {
                "name": "Nguyễn Tiến Thiện",
                "date": "Đã tham gia 7 năm",
                "reviewCount": "1 Đánh giá",
                "likedCount": "0 Lượt cảm ơn"
            },
            "review": {
                "rating": 1,
                "title": "Rất không hài lòng",
                "content": "Lần đầu tiên thất vọng khi mua sách từ TIKI. Sách sai chính tả rất nhiều gây khó chịu khi đọc. Đặc biệt sách bị thiếu từ trang 2***. Vẫn chưa đọc xong, không biết còn gặp phải lỗi gì nữa!\r\nGiá sách thì cao, mà chất lượng thì quá tệ"
            }
        },
        {
            "reviewer": {
                "name": "Lê Cảnh Hùng",
                "date": "Đã tham gia 4 năm",
                "reviewCount": "22 Đánh giá",
                "likedCount": "0 Lượt cảm ơn"
            },
            "review": {
                "rating": 1,
                "title": "Rất không hài lòng",
                "content": "Sách in như bản photo, mới đọc được vài chương đầu mà lỗi như vậy sao đọc được"
            }
        },
        {
            "reviewer": {
                "name": "Linh Đặng",
                "date": "Đã tham gia 2 năm",
                "reviewCount": "1 Đánh giá",
                "likedCount": "0 Lượt cảm ơn"
            },
            "review": {
                "rating": 4,
                "title": "Hài lòng",
                "content": "Phần góc ở gáy sách bị dập.\r\nChữ in sắc nét, chất lượng giấy in ổn. \r\nGiá rẻ hơn thị trương"
            }
        },
        {
            "reviewer": {
                "name": "Nguyễn Thị Trân Châu",
                "date": "Đã tham gia 9 năm",
                "reviewCount": "16 Đánh giá",
                "likedCount": "7 Lượt cảm ơn"
            },
            "review": {
                "rating": 3,
                "title": "Bình thường",
                "content": "Tôi có chọn option gói quà và tặng thiệp, đã đánh dấu 2 ô và ghi chú lời nhắn tặng nhưng shop giao chỉ cuốn sách trống trơn"
            }
        },
        {
            "reviewer": {
                "name": "Phan Thị Hiền",
                "date": "Đã tham gia 6 năm",
                "reviewCount": "2 Đánh giá",
                "likedCount": "0 Lượt cảm ơn"
            },
            "review": {
                "rating": 3,
                "title": "Bình thường",
                "content": "Bìa đẹp, đóng gói ok , shipper vui vẻ nhưng giấy mỏng, vàng, chữ nhỏ quá"
            }
        },
        {
            "reviewer": {
                "name": "Lê Đình Tuấn",
                "date": "Đã tham gia 6 năm",
                "reviewCount": "37 Đánh giá",
                "likedCount": "7 Lượt cảm ơn"
            },
            "review": {
                "rating": 2,
                "title": "Không hài lòng",
                "content": "Sách in kém sai chính tả nhiều"
            }
        },
        {
            "reviewer": {
                "name": "Nguyễn Thị Ngọc Mai",
                "date": "Đã tham gia 6 năm",
                "reviewCount": "7 Đánh giá",
                "likedCount": "0 Lượt cảm ơn"
            },
            "review": {
                "rating": 4,
                "title": "Hài lòng",
                "content": ""
            }
        },
        {
            "reviewer": {
                "name": "Hiếu Trần",
                "date": "Đã tham gia 6 năm",
                "reviewCount": "4 Đánh giá",
                "likedCount": "0 Lượt cảm ơn"
            },
            "review": {
                "rating": 4,
                "title": "Hài lòng",
                "content": ""
            }
        },
        {
            "reviewer": {
                "name": "Chinh",
                "date": "Đã tham gia 6 năm",
                "reviewCount": "10 Đánh giá",
                "likedCount": "0 Lượt cảm ơn"
            },
            "review": {
                "rating": 4,
                "title": "Hài lòng",
                "content": ""
            }
        }
    ]
}