{
    "url": "https://tiki.vn/thien-tap-cho-nguoi-ban-ron-tai-ban-p251756016.html?spid=251756017",
    "info": {
        "title": "Thiền Tập Cho Người Bận Rộn (Tái Bản)",
        "author": "Thích Nhất Hạnh",
        "imageUrl": "https://salt.tikicdn.com/cache/750x750/ts/product/bc/37/89/5b25bfdcf5858d28fd8a83f443230e15.jpg.webp",
        "soldQuantity": 254,
        "currentPrice": 73000,
        "originalPrice": 99000
    },
    "details": {
        "bookVersion": "Phiên bản thường",
        "publisher": "Phương Nam Book",
        "publishDate": "2023-04-04 00:00:00",
        "dimensions": "10 x 15 cm",
        "coverType": "Bìa cứng",
        "pageCount": "125",
        "publishingHouse": "Nhà Xuất Bản Thế Giới"
    },
    "description": "Thiền Tập Cho Người Bận Rộn (Tái Bản)\nBạn có rất nhiều việc cần làm và bạn rất thích làm những việc ấy. Làm việc đem lại cho bạn nhiều hứng thú và niềm vui, nhưng làm việc nhiều quá, lo toan nhiều quá thì rất mệt. Bạn muốn thực tập thiền quán để được thảnh thơi hơn, để có thêm sự an lạc và niềm vui sống hàng ngày. Thế nhưng bạn không có thì giờ mỗi ngày để dành cho thiền tập. Vậy phải làm sao đây? Cuốn sách này sẽ đem đến giải pháp cho bạn.\nGiá sản phẩm trên Tiki đã bao gồm thuế theo luật hiện hành. Bên cạnh đó, tuỳ vào loại sản phẩm, hình thức và địa chỉ giao hàng mà có thể phát sinh thêm chi phí khác như phí vận chuyển, phụ phí hàng cồng kềnh, thuế nhập khẩu (đối với đơn hàng giao từ nước ngoài có giá trị trên 1 triệu đồng).....",
    "rating": {
        "totalRating": 4.8,
        "numberOfRating": 16
    },
    "reviews": [
        {
            "reviewer": {
                "name": "Nguyễn Văn Hải",
                "date": "Đã tham gia 1 năm",
                "reviewCount": "9 Đánh giá",
                "likedCount": "1 Lượt cảm ơn"
            },
            "review": {
                "rating": 5,
                "title": "Cực kì hài lòng",
                "content": ""
            }
        },
        {
            "reviewer": {
                "name": "Trinh Quyen",
                "date": "Đã tham gia 6 năm",
                "reviewCount": "4 Đánh giá",
                "likedCount": "0 Lượt cảm ơn"
            },
            "review": {
                "rating": 5,
                "title": "Cực kì hài lòng",
                "content": ""
            }
        },
        {
            "reviewer": {
                "name": "Anh Le",
                "date": "Đã tham gia 6 năm",
                "reviewCount": "29 Đánh giá",
                "likedCount": "0 Lượt cảm ơn"
            },
            "review": {
                "rating": 5,
                "title": "Cực kì hài lòng",
                "content": "Sách hay, vừa bằng lòng bàn tay, bỏ túi vừa."
            }
        },
        {
            "reviewer": {
                "name": "Nguyễn Thị Loan",
                "date": "Đã tham gia 3 tháng",
                "reviewCount": "3 Đánh giá",
                "likedCount": "0 Lượt cảm ơn"
            },
            "review": {
                "rating": 5,
                "title": "Cực kì hài lòng",
                "content": ""
            }
        },
        {
            "reviewer": {
                "name": "Chị Linh",
                "date": "Đã tham gia 4 năm",
                "reviewCount": "93 Đánh giá",
                "likedCount": "7 Lượt cảm ơn"
            },
            "review": {
                "rating": 5,
                "title": "Cực kì hài lòng",
                "content": "Nội dung hay, in Ấn rõ nét"
            }
        }
    ]
}