{
    "url": "https://tiki.vn/con-duong-chuyen-hoa-thich-phap-hoa-first-news-p276595379.html?spid=276595380",
    "info": {
        "title": "Con Đường Chuyển Hóa - Thích Pháp Hòa - First News",
        "author": "Sa Môn THÍCH PHÁP HÒA",
        "imageUrl": "https://salt.tikicdn.com/cache/750x750/ts/product/e1/ee/18/8b3feb2219ee56922d93b09663c37f3b.png.webp",
        "soldQuantity": 18,
        "currentPrice": 150400,
        "originalPrice": 188000
    },
    "details": {
        "publisher": "First News - Trí Việt",
        "publishDate": "2024-11-16 10:35:00",
        "coverType": "Bìa mềm",
        "pageCount": "432",
        "publishingHouse": "NXB Dân Trí"
    },
    "description": "Công ty phát hành First News - Trí Việt\nTác giả Sa môn Thích Pháp Hoà\nNgày xuất bản 2024\nKích thước 14,5 x 20,5 cm\nLoại bìa Bìa mềm\nSố trang 432\nGiá Bìa: 188,000 VND\nNhà Xuất Bản NXB Dân Trí\nTHÔNG TIN SÁCH\n\n\nSau khi quyển sách đầu tiên, Chia sẻ từ trái tim - 50 Bài giảng nhân quả thiết thực trong cuộc sống của Sa Môn Thích Pháp Hòa, được xuất bản và nhận được sự ủng hộ của đại chúng ở khắp nơi, First News - Trí Việt thực hiện quyển\nsách tiếp theo, Con đường chuyển hoá - 50 Bài giảng về con đường chân chánh giúp chuyển hóa nỗi khổ niềm đau, cũng là một tuyển tập từ các bài pháp thoại của thầy, nhưng ở góc độ tiếp cận Phật pháp nhiều hơn.\nTrong quyển sách này, quý độc giả yêu mến thầy Thích Pháp Hòa qua những bài giảng của thầy trên YouTube và cả những độc giả muốn tìm hiểu sâu hơn về giáo lý của đức Phật có cơ hội tiếp cận với Phật pháp ở một góc nhìn chân phương, giản dị và khá đầy đủ thông qua những ví dụ và câu chuyện đời thường của thầy. Nhờ đó, những khái niệm thâm sâu nhưng vô cùng thiết yếu của giáo lý nhà Phật trở nên gần gũi và có khả năng ứng dụng được. Trong khi ngôn ngữ của giáo lý thường là rào cản thì những câu chuyện vui, những ví dụ gần với đời thường của thầy Thích Pháp Hòa lại có khả năng mang chúng ta đến gần hơn với các pháp môn tu tập, từ đó giúp chúng ta tìm thấy con đường an lạc và giải thoát cho chính mình.\n\nVỀ TÁC GIẢ\nThầy Thích Pháp Hòa sinh năm 1974 tại Cần Thơ, trong một gia đình có hai con trai và thầy là con trưởng. Cơ duyên của thầy với đạo Phật đã sớm bộc lộ từ khi thầy còn rất nhỏ. Vào năm bảy tuổi, thầy đòi mẹ dẫn vào một tịnh xá xin quy y và phát nguyện ăn chay, tụng kinh, thờ Phật. Tâm niệm xuất gia trong thầy cứ thế mỗi ngày một lớn. Năm mười hai tuổi, thầy và em trai cùng với mẹ của thầy sang Canada để đoàn tụ với cha của thầy. Khi đặt chân đến thành phố Edmonton (Canada), thầy mới vỡ lẽ rằng nơi đây có rất ít người Việt và vì vậy cũng khó tìm thấy một ngôi chùa nào. Dù đối mặt với nhiều trở ngại, tâm bồ đề của thầy chẳng những không thối chuyển mà càng được củng cố mạnh mẽ hơn. Năm mười lăm tuổi, thầy chính thức xuất gia. Khi đó, tu viện Trúc Lâm tại Edmonton còn rất sơ khai.\n\nNăm 1994, khi vừa tròn hai mươi tuổi, thầy được vị bổn sư gửi sang Làng Mai (Pháp) để thọ giới tỳ-kheo và đã được thiền sư Thích Nhất Hạnh trực tiếp truyền giới trong đại giới đàn Hương Tích. Tuy thời gian lưu lại tại Làng Mai ngắn ngủi (chỉ trong vòng một tháng) nhưng thầy đã tiếp nhận và học hỏi được rất nhiều. Từ đó, thầy có thể dung hòa những hình thức tu tập mới vào truyền thống mà thầy đang theo để ngày càng tăng tiến trong đạo. Sau khi nhận truyền đăng từ thiền sư Thích Nhất Hạnh vào năm 1999, thầy lại trở về Canada tiếp tục con đường hoằng pháp của mình. Đến năm 2006, sau một thời gian tu tập và giảng pháp, thầy được vị bổn sư tin cậy giao phó vai trò trụ trì Tu viện Trúc Lâm (tỉnh Alberta, Canada). Năm 2007, sau khi tu viện Tây Thiên được hoàn thành, thầy đảm nhiệm thêm trọng trách trụ trì tu viện Tây Thiên.\nVới phong cách giản dị, gần gũi và khiêm cung và khả năng chuyển tải Phật pháp thâm sâu thành những cách thực hành gần gũi trong đời sống, thầy Thích Pháp Hòa nhận được sự yêu mến của đông đảo đại chúng thông qua những bài giảng pháp trên YouTube.\nGiá sản phẩm trên Tiki đã bao gồm thuế theo luật hiện hành. Bên cạnh đó, tuỳ vào loại sản phẩm, hình thức và địa chỉ giao hàng mà có thể phát sinh thêm chi phí khác như phí vận chuyển, phụ phí hàng cồng kềnh, thuế nhập khẩu (đối với đơn hàng giao từ nước ngoài có giá trị trên 1 triệu đồng).....",
    "rating": {
        "totalRating": 5.0,
        "numberOfRating": 1
    },
    "reviews": [
        {
            "reviewer": {
                "name": "Nguyễn Ngọc Lâm",
                "date": "Đã tham gia 14 năm",
                "reviewCount": "2 Đánh giá",
                "likedCount": "0 Lượt cảm ơn"
            },
            "review": {
                "rating": 5,
                "title": "Cực kì hài lòng",
                "content": ""
            }
        }
    ]
}