{
    "url": "https://tiki.vn/chua-lanh-bang-anh-sang-mat-troi-p274377039.html?spid=274377040",
    "info": {
        "title": "Chữa Lành Bằng Ánh Sáng Mặt Trời",
        "author": "Andreas Moritz",
        "imageUrl": "https://salt.tikicdn.com/cache/750x750/ts/product/9a/fc/87/40efed2f4a28877f31b0e86e3589494a.png.webp",
        "soldQuantity": 120,
        "currentPrice": 99400,
        "originalPrice": 129000
    },
    "details": {
        "Bookcare": "Có",
        "publisher": "Thái Hà",
        "publishDate": "2024-02-01 00:00:00",
        "dimensions": "14.5x20.5cm",
        "translator": "Trang Hà",
        "pageCount": "300",
        "publishingHouse": "Nhà Xuất Bản Thế Giới"
    },
    "description": "Trong Chữa lành bằng ánh sáng mặt trời, Andreas Moritz cung cấp bằng chứng khoa học cho thấy ánh sáng mặt trời rất cần thiết cho sức khỏe và việc thiếu tiếp xúc với ánh sáng mặt trời có thể là nguyên nhân gây ra nhiều căn bệnh ngày nay.\nCó một quan niệm sai lầm rằng ánh nắng mặt trời là thủ phạm chính gây ung thư da, đục thủy tinh thể dẫn đến mù lòa và lão hóa. Nghiên cứu đã chỉ ra rằng hầu hết bệnh ung thư da xảy ra ở những người hiếm khi tiếp xúc với ánh nắng mặt trời hoặc những người sử dụng kem chống nắng chứa hóa chất gây ung thư. Trong nhiều thập kỷ, người ta đã biết rằng những người sống chủ yếu ở ngoài trời, ở vùng cao hoặc gần xích đạo có tỷ lệ mắc bệnh ung thư da thấp nhất và nằm trong số những người khỏe mạnh nhất hành tinh.\nÁnh nắng mặt trời vừa là chất dinh dưỡng vừa là liều thuốc chữa bệnh và luôn có sẵn cho chúng ta. Những bệnh nhân bị bệnh gút, viêm khớp dạng thấp, viêm đại tràng, xơ cứng động mạch, tiểu đường, ung thư, tăng huyết áp, bệnh lao, thiếu máu, viêm bàng quang, chàm, mụn trứng cá, bệnh vẩy nến, đau thần kinh tọa, các vấn đề về thận, hen suyễn, cũng như bỏng đều nhận được lợi ích to lớn từ những tia nắng chữa lành.\nCuốn sách này sẽ giúp bạn hiểu rõ hơn và khai thác tối đa sức mạnh chữa lành của ánh sáng mặt trời để có cuộc sống hạnh phúc, khỏe mạnh hơn.\nTrích đoạn sách hay:\nKhông giống như thuốc, phẫu thuật hay xạ trị, ánh sáng mặt trời không tốn kém gì, không có tác dụng phụ có hại và trên hết, nó khiến bạn cảm thấy dễ chịu. (Trang 182)\nCác bác sĩ giờ đây đã thẳng thắn thừa nhận rằng đã đến lúc chúng ta cho phép mình được tận hưởng và nhận nhiều lợi ích thay vì trốn tránh ánh nắng mặt trời. (Trang 64)\nTiếp xúc thường xuyên với ánh sáng mặt trời dường như vẫn là một trong những biện pháp tốt nhất mà người ta có thể thực hiện để ngăn ngừa ung thư, bao gồm cả ung thư da. (Trang 62)\nĐộng vật nuôi nhốt trong chuồng kín sẽ tăng trọng nhanh hơn, và con người thiếu nắng cũng như vậy. Do đó, nếu bạn muốn giảm cân hoặc tăng cơ săn chắc, hãy tắm nắng thường xuyên.\nBất kỳ ai bị thiếu nắng đều gặp các vấn đề về sức khỏe, cả tinh thần lẫn thể chất. Năng lượng thiết yếu của cơ thể sẽ giảm dần theo thời gian và biểu hiện rõ thông qua chất lượng cuộc sống. Dân số ở các nước Bắc Âu như Na Uy và Phần Lan, những nơi trải qua nhiều tháng mùa đông âm u mỗi năm, có tỷ lệ cáu kỉnh, mệt mỏi, bệnh tật, mất ngủ, trầm cảm, nghiện rượu và tự tử cao hơn so với những người sống ở những nơi đầy nắng trên thế giới. Tỷ lệ ung thư da ở những nước này cũng cao hơn. Ví dụ, tỷ lệ mắc khối u ác tính (ung thư da) ở quần đảo Orkney và Shetland, phía bắc Scotland, cao gấp 10 lần so với các đảo ở Địa Trung Hải. (Trang 29)\n\nGiá sản phẩm trên Tiki đã bao gồm thuế theo luật hiện hành. Bên cạnh đó, tuỳ vào loại sản phẩm, hình thức và địa chỉ giao hàng mà có thể phát sinh thêm chi phí khác như phí vận chuyển, phụ phí hàng cồng kềnh, thuế nhập khẩu (đối với đơn hàng giao từ nước ngoài có giá trị trên 1 triệu đồng).....",
    "rating": {
        "totalRating": 5.0,
        "numberOfRating": 3
    },
    "reviews": [
        {
            "reviewer": {
                "name": "Nguyen Thianhnguyet",
                "date": "Đã tham gia 8 năm",
                "reviewCount": "27 Đánh giá",
                "likedCount": "0 Lượt cảm ơn"
            },
            "review": {
                "rating": 5,
                "title": "Cực kì hài lòng",
                "content": "Thấy review và tên sách hay nên mua, chưa đọc"
            }
        },
        {
            "reviewer": {
                "name": "Ngoc Anh",
                "date": "Đã tham gia 6 năm",
                "reviewCount": "24 Đánh giá",
                "likedCount": "8 Lượt cảm ơn"
            },
            "review": {
                "rating": 5,
                "title": "Cực kì hài lòng",
                "content": "Rất nên đọc"
            }
        },
        {
            "reviewer": {
                "name": "Thanh Hải",
                "date": "Đã tham gia 5 năm",
                "reviewCount": "335 Đánh giá",
                "likedCount": "3 Lượt cảm ơn"
            },
            "review": {
                "rating": 5,
                "title": "Cực kì hài lòng",
                "content": ""
            }
        }
    ]
}