{
    "url": "https://tiki.vn/thien-la-gi-p275923489.html?spid=275923491",
    "info": {
        "title": "Thiền Là Gì ?",
        "author": "J.Krishnamurtri",
        "imageUrl": "https://salt.tikicdn.com/cache/750x750/ts/product/8d/3a/52/f24ff5694d57d17a33085c383fd469e7.png.webp",
        "soldQuantity": 89,
        "currentPrice": 47600,
        "originalPrice": 68000
    },
    "details": {
        "publisher": "First News - Trí Việt",
        "dimensions": "11.5 x 16.5 cm",
        "translator": "Vi Tiếu",
        "coverType": "Bìa mềm tay gấp",
        "pageCount": "128",
        "publishingHouse": "Nhà Xuất Bản Dân Trí"
    },
    "description": "* Về tác giả:Jiddu Krishnamurti (1895 – 1986) là một triết gia và nhà diễn thuyết nổi tiếng về các vấn đềtriết học và tinh thần, các chủ đề bao gồm: mục đích của thiền định, mối quan hệ giữa conngười và phương cách để tạo nên sự thay đổi tích cực cho xã hội.Được sinh ra trong một gia đình thuộc tầng lớp Brahmin tại Ấn Độ, nhưng Krishnamurtikhẳng định rằng mình không thuộc bất cứ quốc tịch, tầng lớp, tôn giáo hay trường phái triếthọc nào. Ông dành suốt quãng đời còn lại của mình đi khắp thế giới như một nhà diễn thuyếtđộc lập.Krishnamurti cũng không tán thành bất kỳ trường phái tư tưởng thuộc học thuyết hay chínhtrị nào. Trái lại, ông quả quyết rằng những trường phái này chính là yếu tố phân chia conngười với con người và tạo ra xung đột, cũng như chiến tranh. Lời dạy của ông vượt trên mọibiên giới, ranh giới do con người tạo ra.Thông tin sách:• Nhà xuất bản: NXB Dân Trí• Tác giả: J. Krishnamurti• Số trang: 128• Khổ sách: 11,5 x 16,5 cm• Quy cách in: Bìa mềm, tay gấp, có hiệu ứng• Giá bìa: 68.000\nGiá sản phẩm trên Tiki đã bao gồm thuế theo luật hiện hành. Bên cạnh đó, tuỳ vào loại sản phẩm, hình thức và địa chỉ giao hàng mà có thể phát sinh thêm chi phí khác như phí vận chuyển, phụ phí hàng cồng kềnh, thuế nhập khẩu (đối với đơn hàng giao từ nước ngoài có giá trị trên 1 triệu đồng).....",
    "rating": {
        "totalRating": 5.0,
        "numberOfRating": 2
    },
    "reviews": [
        {
            "reviewer": {
                "name": "Phạm Vinh",
                "date": "Đã tham gia 13 năm",
                "reviewCount": "44 Đánh giá",
                "likedCount": "3 Lượt cảm ơn"
            },
            "review": {
                "rating": 5,
                "title": "Cực kì hài lòng",
                "content": ""
            }
        },
        {
            "reviewer": {
                "name": "dung bui",
                "date": "Đã tham gia 6 năm",
                "reviewCount": "99 Đánh giá",
                "likedCount": "3 Lượt cảm ơn"
            },
            "review": {
                "rating": 5,
                "title": "Cực kì hài lòng",
                "content": ""
            }
        }
    ]
}