{
    "url": "https://tiki.vn/combo-3-cuon-luat-hap-dan-1980books-p179686470.html?spid=179686471",
    "info": {
        "title": "Combo 3 Cuốn Luật Hấp Dẫn - 1980Books",
        "author": "Prentice Mulford",
        "imageUrl": "https://salt.tikicdn.com/cache/750x750/ts/product/90/ff/05/ea805281e320d8b903d51eb98667fb5e.jpg.webp",
        "soldQuantity": 191,
        "currentPrice": 255668,
        "originalPrice": 397000
    },
    "details": {
        "publisher": "Booklife",
        "coverType": "Bìa mềm",
        "publishingHouse": "Nhà Xuất Bản Thanh Niên"
    },
    "description": "TÁC GIẢ: Prentice Mulford\nNgười dịch: 1980Books dịch\nKích thước khổ: 13x19cm mỗi cuốn\nNXB liên kết: NXB Thanh Niên\nCông ty phát hành: Booklife\nMã EAN: 2022000000087\nNăm xuất bản: 2022\n---\nCOMBO 3 CUỐN SÁCH LUẬT HẤP DẪN\n\nLuật Hấp dẫn (Law of Attraction) là một trong những quy luật phổ quát và mạnh mẽ nhất của vũ trụ. Cũng giống như lực hút của Trái Đất, quy luật này luôn hoạt đồng trong cuộc sống của bạn – vào chính thời điểm này. Bạn luôn ở trong trạng trái sáng tạo. Bạn đang tạo ra thực tế của mình trong mọi khoảnh khắc mỗi ngày. Bạn đang kiến tạo tương lai bằng suy nghĩ của mình – dù là ý thức hay trong tiềm thức.\n\nBộ sách Luật hấp dẫn sẽ giúp bạn tự động thu hút được những điều tốt đẹp và tích cực vào cuộc sống của mình. Đồng thời, bộ ba cuốn sách cũng cung cấp cho bạn bí quyết làm chủ vận mệnh, sống thành công và hạnh phúc.\n\n1. Luật hấp dẫn – Quy luật về sức mạnh tâm trí và phát huy năng lượng tích cực để làm chủ định mệnh.\nCách chúng ta suy nghĩ tạo nên thực tế cuộc sống của chúng ta. Nuôi dưỡng tâm trí và linh hồn chính là nuôi dưỡng con người chân thực của mình, để chữa lành bản thân từ bên trong và khơi gợi những sức mạnh tiềm ẩn.\nCuốn sách này xoay quanh Luật Hấp dẫn, diễn giải những quy luật tâm thức đã luôn tồn tại và không ngừng hiện hữu trong mọi khía cạnh hoạt động của con người, giúp chúng ta thấu hiểu và bắt đầu học cách sử dụng nguồn năng lượng khổng lồ đang ẩn sâu trong cơ thể, để can đảm tiến bước trên hành trình dựng xây sự nghiệp và cuộc đời viên mãn mà ta mong muốn\n\n2. Luật hấp dẫn – Quy luật về sức mạnh của linh hồn và năng lượng chữa lành cơ thể từ bên trong\nTrong cuốn sách này, bạn sẽ bắt đầu với việc khám phá về sức mạnh của suy nghĩ với sự tồn tại của việc thao túng hay chuyên chế vô hình giữa tâm trí này lên tâm trí khác, lựa chọn cách bạn tiếp nhận và kiểm soát dòng năng lượng đến từ xung quanh. Ý nghĩ là vật thể. Ý nghĩ là sức mạnh. Sự khát vọng và khao khát mang lực hấp dẫn. Sự thành thật là nguồn sức mạnh bên trong của con người. Chúng ta sẽ học cách ý thức về sức mạnh nội tại này và chuyển hướng dòng suy nghĩ của mình đến những điều tích cực.\nChào mừng bạn đến với thế giới ý thức, để nắm lấy sức mạnh chữa lành từ bên trong, làm chủ nguồn năng lượng vũ trụ và “hấp dẫn” thành công, sức khỏe và hạnh phúc.\n\n3. Luật hấp dẫn – Quy luật về sự thịnh vượng và thành công\n“Nếu bạn nghĩ về bất cứ điều gì trong một giây, bạn sẽ biến điều đó thành một thực tại không thể thấy được kéo dài một giây. Nếu bạn nghĩ về nó trong nhiều giờ, nhiều ngày và nhiều năm, bằng một cách nào đó, bạn sẽ mang thực tế đó đến với mình trong thế giới vật chất.”\nCuốn sách giới thiệu những quy luật phổ quát được áp dụng trong mọi khía cạnh tâm thức của con người, từ đó giúp chúng ta có thể tận dụng tối đa sức mạnh của tâm trí để thu được thành công tối đa trong cuộc sống và sự nghiệp.\nGiá sản phẩm trên Tiki đã bao gồm thuế theo luật hiện hành. Bên cạnh đó, tuỳ vào loại sản phẩm, hình thức và địa chỉ giao hàng mà có thể phát sinh thêm chi phí khác như phí vận chuyển, phụ phí hàng cồng kềnh, thuế nhập khẩu (đối với đơn hàng giao từ nước ngoài có giá trị trên 1 triệu đồng).....",
    "rating": {
        "totalRating": 4.9,
        "numberOfRating": 30
    },
    "reviews": [
        {
            "reviewer": {
                "name": "Thu Pham",
                "date": "Đã tham gia 3 năm",
                "reviewCount": "39 Đánh giá",
                "likedCount": "11 Lượt cảm ơn"
            },
            "review": {
                "rating": 5,
                "title": "Cực kì hài lòng",
                "content": "Tiki giao hàng khá nhanh & dễ thương, sách được đóng gói cẩn thận, kỹ lưỡng. Nội dung sách đối với mình rất hay, nhưng các bạn phải giữ tâm trí mở khi đọc cuốn sách này"
            }
        },
        {
            "reviewer": {
                "name": "Nguyễn Mai Anh",
                "date": "Đã tham gia 2 năm",
                "reviewCount": "7 Đánh giá",
                "likedCount": "1 Lượt cảm ơn"
            },
            "review": {
                "rating": 5,
                "title": "Cực kì hài lòng",
                "content": "Chất lượng giấy tốt, bìa đẹp. Đóng gói cẩn thận"
            }
        },
        {
            "reviewer": {
                "name": "Thẩm Nhã Nguyệt",
                "date": "Đã tham gia 6 năm",
                "reviewCount": "3 Đánh giá",
                "likedCount": "0 Lượt cảm ơn"
            },
            "review": {
                "rating": 5,
                "title": "Cực kì hài lòng",
                "content": "Bìa sách đẹp, nhỏ và mỏng hơn mình nghĩ. Đóng gói hàng cẩn thận."
            }
        },
        {
            "reviewer": {
                "name": "Quỳnh Nguyễn",
                "date": "Đã tham gia 2 năm",
                "reviewCount": "4 Đánh giá",
                "likedCount": "0 Lượt cảm ơn"
            },
            "review": {
                "rating": 5,
                "title": "Cực kì hài lòng",
                "content": "Có một quyển bị gập hơi nhiều nên hơi nhăn :< đóng hàng chắc chắn"
            }
        },
        {
            "reviewer": {
                "name": "Hien Mss",
                "date": "Đã tham gia 7 năm",
                "reviewCount": "13 Đánh giá",
                "likedCount": "18 Lượt cảm ơn"
            },
            "review": {
                "rating": 5,
                "title": "Cực kì hài lòng",
                "content": "tiki giao hàng nhanh, sách đẹp, đóng gói cẩn thận, quá hài lòng, cho 10 sao"
            }
        },
        {
            "reviewer": {
                "name": "TÔ THI NỘI",
                "date": "Đã tham gia 4 năm",
                "reviewCount": "67 Đánh giá",
                "likedCount": "0 Lượt cảm ơn"
            },
            "review": {
                "rating": 5,
                "title": "Cực kì hài lòng",
                "content": "Hài lòng"
            }
        },
        {
            "reviewer": {
                "name": "Hoa Cỏ May",
                "date": "Đã tham gia 10 năm",
                "reviewCount": "7 Đánh giá",
                "likedCount": "0 Lượt cảm ơn"
            },
            "review": {
                "rating": 5,
                "title": "Cực kì hài lòng",
                "content": "Đóng gói cẩn thận. Hình thức sách đẹp. Nội dung mình chưa đọc. Cảm ơn shop nhé."
            }
        },
        {
            "reviewer": {
                "name": "Vu Hoang Minh Nhat",
                "date": "Đã tham gia 5 năm",
                "reviewCount": "61 Đánh giá",
                "likedCount": "0 Lượt cảm ơn"
            },
            "review": {
                "rating": 5,
                "title": "Cực kì hài lòng",
                "content": ""
            }
        },
        {
            "reviewer": {
                "name": "Vy nguyen",
                "date": "Đã tham gia 3 năm",
                "reviewCount": "1 Đánh giá",
                "likedCount": "0 Lượt cảm ơn"
            },
            "review": {
                "rating": 5,
                "title": "Cực kì hài lòng",
                "content": "sách đẹp"
            }
        },
        {
            "reviewer": {
                "name": "Hà Châu",
                "date": "Đã tham gia 4 năm",
                "reviewCount": "1 Đánh giá",
                "likedCount": "0 Lượt cảm ơn"
            },
            "review": {
                "rating": 5,
                "title": "Cực kì hài lòng",
                "content": "Sách hay, nên đọc, giao hàng nhanh, đóng gói chăc chắn"
            }
        },
        {
            "reviewer": {
                "name": "Lê Thị Kim Trang",
                "date": "Đã tham gia 6 năm",
                "reviewCount": "28 Đánh giá",
                "likedCount": "0 Lượt cảm ơn"
            },
            "review": {
                "rating": 5,
                "title": "Cực kì hài lòng",
                "content": ""
            }
        },
        {
            "reviewer": {
                "name": "Boki Nguyen",
                "date": "Đã tham gia 5 năm",
                "reviewCount": "456 Đánh giá",
                "likedCount": "24 Lượt cảm ơn"
            },
            "review": {
                "rating": 5,
                "title": "Cực kì hài lòng",
                "content": ""
            }
        },
        {
            "reviewer": {
                "name": "Nguyễn Hương Thảo",
                "date": "Đã tham gia 4 năm",
                "reviewCount": "15 Đánh giá",
                "likedCount": "4 Lượt cảm ơn"
            },
            "review": {
                "rating": 5,
                "title": "Cực kì hài lòng",
                "content": ""
            }
        },
        {
            "reviewer": {
                "name": "Vũ Tiến Quang",
                "date": "Đã tham gia 6 năm",
                "reviewCount": "45 Đánh giá",
                "likedCount": "3 Lượt cảm ơn"
            },
            "review": {
                "rating": 5,
                "title": "Cực kì hài lòng",
                "content": ""
            }
        },
        {
            "reviewer": {
                "name": "Tran Anh Vu",
                "date": "Đã tham gia 2 năm",
                "reviewCount": "27 Đánh giá",
                "likedCount": "0 Lượt cảm ơn"
            },
            "review": {
                "rating": 5,
                "title": "Cực kì hài lòng",
                "content": ""
            }
        },
        {
            "reviewer": {
                "name": "Bui Thuy Linh",
                "date": "Đã tham gia 6 năm",
                "reviewCount": "9 Đánh giá",
                "likedCount": "0 Lượt cảm ơn"
            },
            "review": {
                "rating": 5,
                "title": "Cực kì hài lòng",
                "content": ""
            }
        },
        {
            "reviewer": {
                "name": "Thanh Trang",
                "date": "Đã tham gia 2 năm",
                "reviewCount": "1 Đánh giá",
                "likedCount": "0 Lượt cảm ơn"
            },
            "review": {
                "rating": 5,
                "title": "Cực kì hài lòng",
                "content": ""
            }
        },
        {
            "reviewer": {
                "name": "Hoàng Đức chính",
                "date": "Đã tham gia 5 năm",
                "reviewCount": "6 Đánh giá",
                "likedCount": "0 Lượt cảm ơn"
            },
            "review": {
                "rating": 5,
                "title": "Cực kì hài lòng",
                "content": "Ok shop"
            }
        },
        {
            "reviewer": {
                "name": "nguyen lan anh",
                "date": "Đã tham gia 7 năm",
                "reviewCount": "565 Đánh giá",
                "likedCount": "162 Lượt cảm ơn"
            },
            "review": {
                "rating": 5,
                "title": "Cực kì hài lòng",
                "content": "Sách hay, nên mua đọc, ths"
            }
        },
        {
            "reviewer": {
                "name": "Nguyễn Quang Hưng",
                "date": "Đã tham gia 8 năm",
                "reviewCount": "43 Đánh giá",
                "likedCount": "8 Lượt cảm ơn"
            },
            "review": {
                "rating": 5,
                "title": "Cực kì hài lòng",
                "content": ""
            }
        },
        {
            "reviewer": {
                "name": "Đinh Huệ",
                "date": "Đã tham gia 4 năm",
                "reviewCount": "20 Đánh giá",
                "likedCount": "3 Lượt cảm ơn"
            },
            "review": {
                "rating": 5,
                "title": "Cực kì hài lòng",
                "content": ""
            }
        },
        {
            "reviewer": {
                "name": "Phan Nhung",
                "date": "Đã tham gia 9 năm",
                "reviewCount": "43 Đánh giá",
                "likedCount": "6 Lượt cảm ơn"
            },
            "review": {
                "rating": 5,
                "title": "Cực kì hài lòng",
                "content": ""
            }
        },
        {
            "reviewer": {
                "name": "Thanh Duy Võ",
                "date": "Đã tham gia 6 năm",
                "reviewCount": "43 Đánh giá",
                "likedCount": "3 Lượt cảm ơn"
            },
            "review": {
                "rating": 5,
                "title": "Cực kì hài lòng",
                "content": ""
            }
        },
        {
            "reviewer": {
                "name": "que lien",
                "date": "Đã tham gia 4 năm",
                "reviewCount": "9 Đánh giá",
                "likedCount": "2 Lượt cảm ơn"
            },
            "review": {
                "rating": 5,
                "title": "Cực kì hài lòng",
                "content": ""
            }
        },
        {
            "reviewer": {
                "name": "Huyền Con",
                "date": "Đã tham gia 9 năm",
                "reviewCount": "40 Đánh giá",
                "likedCount": "1 Lượt cảm ơn"
            },
            "review": {
                "rating": 5,
                "title": "Cực kì hài lòng",
                "content": ""
            }
        },
        {
            "reviewer": {
                "name": "Phan Cao Sang",
                "date": "Đã tham gia 4 năm",
                "reviewCount": "71 Đánh giá",
                "likedCount": "0 Lượt cảm ơn"
            },
            "review": {
                "rating": 5,
                "title": "Cực kì hài lòng",
                "content": ""
            }
        },
        {
            "reviewer": {
                "name": "Meggie Pham",
                "date": "Đã tham gia 6 năm",
                "reviewCount": "88 Đánh giá",
                "likedCount": "0 Lượt cảm ơn"
            },
            "review": {
                "rating": 5,
                "title": "Cực kì hài lòng",
                "content": ""
            }
        },
        {
            "reviewer": {
                "name": "Lê Đức Hoàng Minh",
                "date": "Đã tham gia 6 năm",
                "reviewCount": "120 Đánh giá",
                "likedCount": "10 Lượt cảm ơn"
            },
            "review": {
                "rating": 5,
                "title": "Cực kì hài lòng",
                "content": ""
            }
        },
        {
            "reviewer": {
                "name": "phạm dạ uyên",
                "date": "Đã tham gia 13 năm",
                "reviewCount": "7 Đánh giá",
                "likedCount": "3 Lượt cảm ơn"
            },
            "review": {
                "rating": 3,
                "title": "Bình thường",
                "content": "Chất lượng giấy và nội dung ổn. Nhưng ban dịch thuật của 1980books còn cần hoàn thiện kỹ năng chuyển ngữ hơn. Nhiều đoạn dịch còn lủng củng và không tự nhiên trg diễn đạt tiếng Việt."
            }
        },
        {
            "reviewer": {
                "name": "Ngoc Anh",
                "date": "Đã tham gia 6 năm",
                "reviewCount": "24 Đánh giá",
                "likedCount": "8 Lượt cảm ơn"
            },
            "review": {
                "rating": 4,
                "title": "Hài lòng",
                "content": "Sách viết hơi dài dòng, lan man!"
            }
        }
    ]
}