{
    "url": "https://tiki.vn/nhin-ky-thay-ro-sihananda-bhikkhu-sang-books-p276624530.html?spid=276624531",
    "info": {
        "title": "Nhìn kỹ! Thấy rõ! - Sihananda Bhikkhu - Sáng Books",
        "author": null,
        "imageUrl": "https://salt.tikicdn.com/cache/750x750/ts/product/c4/30/33/c0b984e4920853050b6862ca52abdf04.png.webp",
        "soldQuantity": 98,
        "currentPrice": 100000,
        "originalPrice": 100000
    },
    "details": {
        "publisher": "Công ty TNHH Sáng World",
        "translator": "Phan Việt",
        "coverType": "Bìa mềm tay gấp",
        "pageCount": "295",
        "publishingHouse": "Nhà Xuất Bản Hội Nhà Văn"
    },
    "description": "Về tác giả Sihananda Bikkhu:Thiền sư Sihananda sinh năm 1950. Xuất thân là một cậu bé mồ côi, ông trải qua một tuổi thơ khó nhọc trước khi tham gia quân ngũ. Trở về từ chiến trường, với mong muốn hồi hướng công đức cho cha mẹ quá cố và những người hy sinh trong chiến tranh, ông xuất gia. Suốt 20 năm, thiền sư tu khổ hạnh trong dãy núi Phu Kradueng, đồng thời đi bộ hành cước tại Thái Lan, Lào, Miến Điện. Ông nổi tiếng về sự tu hành miên mật, những khả năng thần kỳ, một đạo hạnh và uy nghi sấm sét. Bạn sẽ cảm nhận năng lượng đặc biệt này khi đọcNhìn kỹ! Thấy rõ!- cuốn sách mà thiền sư Sihananda,“mãnh hổ hỷ lạc”, ghi lại những ngày tháng tu hành trên đỉnh núi Phu Kradueng.\nGiá sản phẩm trên Tiki đã bao gồm thuế theo luật hiện hành. Bên cạnh đó, tuỳ vào loại sản phẩm, hình thức và địa chỉ giao hàng mà có thể phát sinh thêm chi phí khác như phí vận chuyển, phụ phí hàng cồng kềnh, thuế nhập khẩu (đối với đơn hàng giao từ nước ngoài có giá trị trên 1 triệu đồng).....",
    "rating": {
        "totalRating": 5.0,
        "numberOfRating": 7
    },
    "reviews": [
        {
            "reviewer": {
                "name": "Minh Hue",
                "date": "Đã tham gia 6 năm",
                "reviewCount": "3 Đánh giá",
                "likedCount": "0 Lượt cảm ơn"
            },
            "review": {
                "rating": 5,
                "title": "Cực kì hài lòng",
                "content": "-Sách mới tinh, bọc cần thận nên không hề bị quăn; ship siêu nhanh, bạn giao hàng khá thân thiện. \r\n-Đọc dzui gần chớt!  Nhiều “tấn bi kịch” giản dị được kể lại bằng giọng văn trong trẻo của Phan Việt dưới góc nhìn sự hài hước tinh tế và ấm áp của thiền sư.  Cuốn sách mỏng nhẹ như một làn gió mát mang đến nguồn năng lượng tích cực bất ngờ trong những ngày đầu đông se lạnh. Những \"viên ngọc\" triết lý ẩn sâu đòi hỏi sự chiêm nghiệm, nhưng tấm lòng từ bi rộng lớn của vị thiền sư luôn tỏa sáng xuyên suốt từng trang viết.\r\nMẹ tôi, một người đã từng tìm hiểu Phật pháp qua nhiều kinh sách, mới đọc được 1/2 cuốn sách đã gọi đây là \"món quà pháp bảo\" vì những bài pháp được trình bày súc tích, dễ hiểu, không hề khô khan, mà gần gũi và đầy cảm hứng. \r\nCuốn sách này đã giúp tôi hiểu hơn về bản chất của lòng người, về cách thức lan tỏa yêu thương và sự ấm áp đến với người khác. \r\nChờ Sáng Books tiếp tục ra thêm sách để Tết này có sách hay đọc tiếp nhỉ!"
            }
        },
        {
            "reviewer": {
                "name": "trần  thủy",
                "date": "Đã tham gia 10 năm",
                "reviewCount": "13 Đánh giá",
                "likedCount": "3 Lượt cảm ơn"
            },
            "review": {
                "rating": 5,
                "title": "Cực kì hài lòng",
                "content": "đọc để sáng, tri ân các bậc thầy đã viết và dịch sách cho con đọc"
            }
        },
        {
            "reviewer": {
                "name": "buiphong chau",
                "date": "Đã tham gia 6 năm",
                "reviewCount": "81 Đánh giá",
                "likedCount": "0 Lượt cảm ơn"
            },
            "review": {
                "rating": 5,
                "title": "Cực kì hài lòng",
                "content": ""
            }
        },
        {
            "reviewer": {
                "name": "Linh Do",
                "date": "Đã tham gia 14 năm",
                "reviewCount": "3 Đánh giá",
                "likedCount": "3 Lượt cảm ơn"
            },
            "review": {
                "rating": 5,
                "title": "Cực kì hài lòng",
                "content": ""
            }
        },
        {
            "reviewer": {
                "name": "Kim Do",
                "date": "Đã tham gia 10 năm",
                "reviewCount": "2 Đánh giá",
                "likedCount": "0 Lượt cảm ơn"
            },
            "review": {
                "rating": 5,
                "title": "Cực kì hài lòng",
                "content": ""
            }
        }
    ]
}