{
    "url": "https://tiki.vn/cuon-sach-ban-uoc-cha-me-minh-tung-doc-va-con-ban-se-vui-neu-ban-doc-no-p212992705.html?spid=212992706",
    "info": {
        "title": "Cuốn sách bạn ước cha mẹ mình từng đọc (Và con bạn sẽ vui nếu bạn đọc nó)",
        "author": "Philippa Perry",
        "imageUrl": "https://salt.tikicdn.com/cache/750x750/ts/product/83/c3/2d/82b93d4e61e10ea2d51560bf48ff5161.jpg.webp",
        "soldQuantity": 1000,
        "currentPrice": 89362,
        "originalPrice": 145000
    },
    "details": {
        "bookVersion": "Phiên bản thường",
        "publisher": "Nhã Nam",
        "dimensions": "14 x 20.5 cm",
        "translator": "Cao Việt, Mai Huyền",
        "coverType": "Bìa mềm",
        "pageCount": "339",
        "publishingHouse": "Nhà Xuất Bản Phụ Nữ"
    },
    "description": "\n\n\nGiá sản phẩm trên Tiki đã bao gồm thuế theo luật hiện hành. Bên cạnh đó, tuỳ vào loại sản phẩm, hình thức và địa chỉ giao hàng mà có thể phát sinh thêm chi phí khác như phí vận chuyển, phụ phí hàng cồng kềnh, thuế nhập khẩu (đối với đơn hàng giao từ nước ngoài có giá trị trên 1 triệu đồng).....",
    "rating": {
        "totalRating": 4.9,
        "numberOfRating": 59
    },
    "reviews": [
        {
            "reviewer": {
                "name": "Huynh Tram",
                "date": "Đã tham gia 4 năm",
                "reviewCount": "63 Đánh giá",
                "likedCount": "9 Lượt cảm ơn"
            },
            "review": {
                "rating": 5,
                "title": "Cực kì hài lòng",
                "content": "Nội dung thực tế, gần gũi, văn phong hóm hỉnh, không viết lan man. Đã đọc qua nhiều sách nuôi dạy con, nhưng cuốn này vẫn có điều mới mẻ, hấp dẫn. Mua flash sale giá rẻ 84k."
            }
        },
        {
            "reviewer": {
                "name": "Doan Tu Trinh",
                "date": "Đã tham gia 6 năm",
                "reviewCount": "8 Đánh giá",
                "likedCount": "0 Lượt cảm ơn"
            },
            "review": {
                "rating": 5,
                "title": "Cực kì hài lòng",
                "content": "Một quyển sách hay, chủ đề nói về sự kết nối giữa cha mẹ và con cái. Quyển sách giúp mình thấu hiểu cảm xúc của con hơn, bao dung với những cơn giận của con. Sách cũng đề cập đến sự rạn nứt và hạn gần trong mối quan hệ giữa cha mẹ và con."
            }
        },
        {
            "reviewer": {
                "name": "Đinh Thị Phương Loan",
                "date": "Đã tham gia 6 năm",
                "reviewCount": "47 Đánh giá",
                "likedCount": "24 Lượt cảm ơn"
            },
            "review": {
                "rating": 5,
                "title": "Cực kì hài lòng",
                "content": "Thật sự chưa có quyển sách nào khiến cho mình phải đọc miệt mài như vậy. Một phần vì mình quan tâm đến sức khoẻ tinh thần của con, mặt khác quyển sách này còn giúp mình chữa lành đứa trẻ bên trong bản thân. Câu từ đơn giản dễ hiểu, ko vòng vo như những quyển dịch từ tác giả phương Tây mình từng đọc. Đúng là \"cuốn sách mình ước cha mẹ mình từng đọc\"."
            }
        },
        {
            "reviewer": {
                "name": "Hoàng Thuý",
                "date": "Đã tham gia 3 năm",
                "reviewCount": "21 Đánh giá",
                "likedCount": "2 Lượt cảm ơn"
            },
            "review": {
                "rating": 5,
                "title": "Cực kì hài lòng",
                "content": "Cuốn sách rất hay và đáng đọc. Có thể giúp chữa lành cho chính mình, cho mình sự thấu hiểu, chỉ cho mình cách thức để có hành xử phù hợp vừa hiệu quả mà không gây tổn thương cho con và người khác. Thực sự biết ơn tác giả và những nhân duyên để mình có cuốn sách này trong tay."
            }
        },
        {
            "reviewer": {
                "name": "Ngô Thanh Tuấn",
                "date": "Đã tham gia 12 năm",
                "reviewCount": "4 Đánh giá",
                "likedCount": "3 Lượt cảm ơn"
            },
            "review": {
                "rating": 5,
                "title": "Cực kì hài lòng",
                "content": "Mình đặt nhầm số lượng nên dư 2 quyển (có bookcare nên không đổi trả được). Mình pass lại 100k/ quyển, không hổ trợ ship. Bạn nào có nhu cầu nhắn *** mình *** (Ngô Thanh Tuấn). Xin cảm ơn các bạn nha."
            }
        },
        {
            "reviewer": {
                "name": "Mai Duc Binh",
                "date": "Đã tham gia 9 năm",
                "reviewCount": "101 Đánh giá",
                "likedCount": "23 Lượt cảm ơn"
            },
            "review": {
                "rating": 5,
                "title": "Cực kì hài lòng",
                "content": "Cuốn sách rất nên đọc, vô thức chúng ta k nhận ra những vẫn đề của chính chúng ta trong khi trao đổi và nuôi dạy con cái..."
            }
        },
        {
            "reviewer": {
                "name": "Dương Thảo Ly",
                "date": "Đã tham gia 5 năm",
                "reviewCount": "271 Đánh giá",
                "likedCount": "2 Lượt cảm ơn"
            },
            "review": {
                "rating": 5,
                "title": "Cực kì hài lòng",
                "content": "Nghe tựa sách là thấy bánh cuốn rồi. Hy vọng sẽ hay như mong đợi, khi đọc rì viu thấy giảm 40% là rước ẻm ngay."
            }
        },
        {
            "reviewer": {
                "name": "VŨ THỊ MINH ANH",
                "date": "Đã tham gia 8 năm",
                "reviewCount": "103 Đánh giá",
                "likedCount": "3 Lượt cảm ơn"
            },
            "review": {
                "rating": 5,
                "title": "Cực kì hài lòng",
                "content": "Đã mua, chưa đọc nhưng nghe mọi người đánh giá nội dung ổn, sách in đẹp ạ. Giao hàng thì siêu nhanh"
            }
        },
        {
            "reviewer": {
                "name": "Trang Trang",
                "date": "Đã tham gia 5 năm",
                "reviewCount": "18 Đánh giá",
                "likedCount": "0 Lượt cảm ơn"
            },
            "review": {
                "rating": 5,
                "title": "Cực kì hài lòng",
                "content": "Nội dung sách hay, bổ ích, trình bày bố cục dễ hiểu"
            }
        },
        {
            "reviewer": {
                "name": "Linh Đoàn",
                "date": "Đã tham gia 6 năm",
                "reviewCount": "72 Đánh giá",
                "likedCount": "4 Lượt cảm ơn"
            },
            "review": {
                "rating": 5,
                "title": "Cực kì hài lòng",
                "content": "Hài lòng với Tiki lắm lắm luôn. Cám ơn nhiều."
            }
        },
        {
            "reviewer": {
                "name": "Hoàng Hương Trang",
                "date": "Đã tham gia 6 năm",
                "reviewCount": "61 Đánh giá",
                "likedCount": "2 Lượt cảm ơn"
            },
            "review": {
                "rating": 5,
                "title": "Cực kì hài lòng",
                "content": "Nhiều nội dung hữu ích!"
            }
        },
        {
            "reviewer": {
                "name": "Ngọc Mai",
                "date": "Đã tham gia 4 năm",
                "reviewCount": "3 Đánh giá",
                "likedCount": "0 Lượt cảm ơn"
            },
            "review": {
                "rating": 5,
                "title": "Cực kì hài lòng",
                "content": ""
            }
        },
        {
            "reviewer": {
                "name": "Anzu Lê",
                "date": "Đã tham gia 6 năm",
                "reviewCount": "9 Đánh giá",
                "likedCount": "2 Lượt cảm ơn"
            },
            "review": {
                "rating": 5,
                "title": "Cực kì hài lòng",
                "content": "Mình mua tặng nên k biết đọc ntn. Đóng gói ok, giao nhanh"
            }
        },
        {
            "reviewer": {
                "name": "Trần Ân Dương",
                "date": "Đã tham gia 4 năm",
                "reviewCount": "14 Đánh giá",
                "likedCount": "5 Lượt cảm ơn"
            },
            "review": {
                "rating": 5,
                "title": "Cực kì hài lòng",
                "content": ""
            }
        },
        {
            "reviewer": {
                "name": "Phạm Trần Ngọc Anh",
                "date": "Đã tham gia 4 năm",
                "reviewCount": "2 Đánh giá",
                "likedCount": "0 Lượt cảm ơn"
            },
            "review": {
                "rating": 5,
                "title": "Cực kì hài lòng",
                "content": "Nội dung ổn"
            }
        },
        {
            "reviewer": {
                "name": "Phạm Nguyễn Hoàng Linh",
                "date": "Đã tham gia 10 năm",
                "reviewCount": "16 Đánh giá",
                "likedCount": "0 Lượt cảm ơn"
            },
            "review": {
                "rating": 5,
                "title": "Cực kì hài lòng",
                "content": ""
            }
        },
        {
            "reviewer": {
                "name": "Huyền Thương",
                "date": "Đã tham gia 5 năm",
                "reviewCount": "9 Đánh giá",
                "likedCount": "0 Lượt cảm ơn"
            },
            "review": {
                "rating": 5,
                "title": "Cực kì hài lòng",
                "content": "nội dung của cuốn sách viết đúng điều mà mình đang tìm kiếm"
            }
        },
        {
            "reviewer": {
                "name": "Nguyễn Vũ Giáp",
                "date": "Đã tham gia 6 năm",
                "reviewCount": "116 Đánh giá",
                "likedCount": "83 Lượt cảm ơn"
            },
            "review": {
                "rating": 5,
                "title": "Cực kì hài lòng",
                "content": ""
            }
        },
        {
            "reviewer": {
                "name": "Nguyễn Minh",
                "date": "Đã tham gia 8 năm",
                "reviewCount": "159 Đánh giá",
                "likedCount": "2 Lượt cảm ơn"
            },
            "review": {
                "rating": 5,
                "title": "Cực kì hài lòng",
                "content": ""
            }
        },
        {
            "reviewer": {
                "name": "Phuong Thao",
                "date": "Đã tham gia 4 năm",
                "reviewCount": "20 Đánh giá",
                "likedCount": "0 Lượt cảm ơn"
            },
            "review": {
                "rating": 5,
                "title": "Cực kì hài lòng",
                "content": ""
            }
        },
        {
            "reviewer": {
                "name": "Thanh Phạm",
                "date": "Đã tham gia 4 năm",
                "reviewCount": "31 Đánh giá",
                "likedCount": "0 Lượt cảm ơn"
            },
            "review": {
                "rating": 5,
                "title": "Cực kì hài lòng",
                "content": ""
            }
        },
        {
            "reviewer": {
                "name": "Toan Tran",
                "date": "Đã tham gia 2 năm",
                "reviewCount": "66 Đánh giá",
                "likedCount": "0 Lượt cảm ơn"
            },
            "review": {
                "rating": 5,
                "title": "Cực kì hài lòng",
                "content": ""
            }
        },
        {
            "reviewer": {
                "name": "Nguyễn Thị Thùy Linh",
                "date": "Đã tham gia 11 năm",
                "reviewCount": "31 Đánh giá",
                "likedCount": "2 Lượt cảm ơn"
            },
            "review": {
                "rating": 5,
                "title": "Cực kì hài lòng",
                "content": ""
            }
        },
        {
            "reviewer": {
                "name": "KA H",
                "date": "Đã tham gia 10 năm",
                "reviewCount": "26 Đánh giá",
                "likedCount": "0 Lượt cảm ơn"
            },
            "review": {
                "rating": 5,
                "title": "Cực kì hài lòng",
                "content": ""
            }
        },
        {
            "reviewer": {
                "name": "Thuý Hằng",
                "date": "Đã tham gia 5 năm",
                "reviewCount": "12 Đánh giá",
                "likedCount": "0 Lượt cảm ơn"
            },
            "review": {
                "rating": 5,
                "title": "Cực kì hài lòng",
                "content": ""
            }
        },
        {
            "reviewer": {
                "name": "Vương Hoàng Phụng",
                "date": "Đã tham gia 10 năm",
                "reviewCount": "43 Đánh giá",
                "likedCount": "0 Lượt cảm ơn"
            },
            "review": {
                "rating": 5,
                "title": "Cực kì hài lòng",
                "content": ""
            }
        },
        {
            "reviewer": {
                "name": "Ngoc Tran",
                "date": "Đã tham gia 4 năm",
                "reviewCount": "98 Đánh giá",
                "likedCount": "1 Lượt cảm ơn"
            },
            "review": {
                "rating": 5,
                "title": "Cực kì hài lòng",
                "content": "Sách đẹp giao hàng nhanh"
            }
        },
        {
            "reviewer": {
                "name": "HOÀNG THỊ THU HƯƠNG",
                "date": "Đã tham gia 7 năm",
                "reviewCount": "52 Đánh giá",
                "likedCount": "1 Lượt cảm ơn"
            },
            "review": {
                "rating": 5,
                "title": "Cực kì hài lòng",
                "content": ""
            }
        },
        {
            "reviewer": {
                "name": "Phương Anh",
                "date": "Đã tham gia 5 năm",
                "reviewCount": "35 Đánh giá",
                "likedCount": "1 Lượt cảm ơn"
            },
            "review": {
                "rating": 5,
                "title": "Cực kì hài lòng",
                "content": ""
            }
        },
        {
            "reviewer": {
                "name": "Không tên",
                "date": "Đã tham gia 7 năm",
                "reviewCount": "93 Đánh giá",
                "likedCount": "1 Lượt cảm ơn"
            },
            "review": {
                "rating": 5,
                "title": "Cực kì hài lòng",
                "content": ""
            }
        },
        {
            "reviewer": {
                "name": "ĐẶNG NHUNG",
                "date": "Đã tham gia 1 năm",
                "reviewCount": "2 Đánh giá",
                "likedCount": "0 Lượt cảm ơn"
            },
            "review": {
                "rating": 5,
                "title": "Cực kì hài lòng",
                "content": ""
            }
        },
        {
            "reviewer": {
                "name": "Đậu Thị Phương Thanh",
                "date": "Đã tham gia 4 năm",
                "reviewCount": "36 Đánh giá",
                "likedCount": "0 Lượt cảm ơn"
            },
            "review": {
                "rating": 5,
                "title": "Cực kì hài lòng",
                "content": ""
            }
        },
        {
            "reviewer": {
                "name": "Nguyễn Thị Tuyết Mai",
                "date": "Đã tham gia 5 năm",
                "reviewCount": "116 Đánh giá",
                "likedCount": "2 Lượt cảm ơn"
            },
            "review": {
                "rating": 5,
                "title": "Cực kì hài lòng",
                "content": ""
            }
        },
        {
            "reviewer": {
                "name": "Xuân Xuân",
                "date": "Đã tham gia 7 năm",
                "reviewCount": "78 Đánh giá",
                "likedCount": "3 Lượt cảm ơn"
            },
            "review": {
                "rating": 5,
                "title": "Cực kì hài lòng",
                "content": ""
            }
        },
        {
            "reviewer": {
                "name": "Trịnh Thới An",
                "date": "Đã tham gia 6 năm",
                "reviewCount": "72 Đánh giá",
                "likedCount": "1 Lượt cảm ơn"
            },
            "review": {
                "rating": 5,
                "title": "Cực kì hài lòng",
                "content": "Sách hay cho phụ huynh"
            }
        },
        {
            "reviewer": {
                "name": "Nguyễn Hồng Lụa",
                "date": "Đã tham gia 7 năm",
                "reviewCount": "56 Đánh giá",
                "likedCount": "1 Lượt cảm ơn"
            },
            "review": {
                "rating": 5,
                "title": "Cực kì hài lòng",
                "content": ""
            }
        },
        {
            "reviewer": {
                "name": "Hà Hùng",
                "date": "Đã tham gia 2 năm",
                "reviewCount": "62 Đánh giá",
                "likedCount": "3 Lượt cảm ơn"
            },
            "review": {
                "rating": 5,
                "title": "Cực kì hài lòng",
                "content": ""
            }
        },
        {
            "reviewer": {
                "name": "Nhu Y Nguyen",
                "date": "Đã tham gia 4 năm",
                "reviewCount": "52 Đánh giá",
                "likedCount": "3 Lượt cảm ơn"
            },
            "review": {
                "rating": 5,
                "title": "Cực kì hài lòng",
                "content": ""
            }
        },
        {
            "reviewer": {
                "name": "vu ngoc",
                "date": "Đã tham gia 4 năm",
                "reviewCount": "20 Đánh giá",
                "likedCount": "0 Lượt cảm ơn"
            },
            "review": {
                "rating": 5,
                "title": "Cực kì hài lòng",
                "content": ""
            }
        },
        {
            "reviewer": {
                "name": "Nguyen Hong Loan",
                "date": "Đã tham gia 6 năm",
                "reviewCount": "12 Đánh giá",
                "likedCount": "0 Lượt cảm ơn"
            },
            "review": {
                "rating": 5,
                "title": "Cực kì hài lòng",
                "content": ""
            }
        },
        {
            "reviewer": {
                "name": "Phạm Văn Lộc",
                "date": "Đã tham gia 6 năm",
                "reviewCount": "1 Đánh giá",
                "likedCount": "0 Lượt cảm ơn"
            },
            "review": {
                "rating": 5,
                "title": "Cực kì hài lòng",
                "content": ""
            }
        },
        {
            "reviewer": {
                "name": "Hồng Phúc",
                "date": "Đã tham gia 9 năm",
                "reviewCount": "1 Đánh giá",
                "likedCount": "0 Lượt cảm ơn"
            },
            "review": {
                "rating": 5,
                "title": "Cực kì hài lòng",
                "content": ""
            }
        },
        {
            "reviewer": {
                "name": "Nguyễn Quốc Thông",
                "date": "Đã tham gia 7 năm",
                "reviewCount": "4 Đánh giá",
                "likedCount": "0 Lượt cảm ơn"
            },
            "review": {
                "rating": 5,
                "title": "Cực kì hài lòng",
                "content": ""
            }
        },
        {
            "reviewer": {
                "name": "K' Thanh",
                "date": "Đã tham gia 12 năm",
                "reviewCount": "5 Đánh giá",
                "likedCount": "0 Lượt cảm ơn"
            },
            "review": {
                "rating": 5,
                "title": "Cực kì hài lòng",
                "content": ""
            }
        },
        {
            "reviewer": {
                "name": "Lưu Thanh Thảo",
                "date": "Đã tham gia 5 năm",
                "reviewCount": "137 Đánh giá",
                "likedCount": "1 Lượt cảm ơn"
            },
            "review": {
                "rating": 5,
                "title": "Cực kì hài lòng",
                "content": ""
            }
        },
        {
            "reviewer": {
                "name": "Đỗ Minh Hằng",
                "date": "Đã tham gia 8 năm",
                "reviewCount": "77 Đánh giá",
                "likedCount": "3 Lượt cảm ơn"
            },
            "review": {
                "rating": 5,
                "title": "Cực kì hài lòng",
                "content": ""
            }
        },
        {
            "reviewer": {
                "name": "Kim Dung",
                "date": "Đã tham gia 4 năm",
                "reviewCount": "15 Đánh giá",
                "likedCount": "0 Lượt cảm ơn"
            },
            "review": {
                "rating": 5,
                "title": "Cực kì hài lòng",
                "content": ""
            }
        },
        {
            "reviewer": {
                "name": "Lưu Thị Thu Thảo",
                "date": "Đã tham gia 7 năm",
                "reviewCount": "67 Đánh giá",
                "likedCount": "1 Lượt cảm ơn"
            },
            "review": {
                "rating": 5,
                "title": "Cực kì hài lòng",
                "content": ""
            }
        },
        {
            "reviewer": {
                "name": "Nguyễn Công Phương",
                "date": "Đã tham gia 4 năm",
                "reviewCount": "85 Đánh giá",
                "likedCount": "2 Lượt cảm ơn"
            },
            "review": {
                "rating": 5,
                "title": "Cực kì hài lòng",
                "content": ""
            }
        },
        {
            "reviewer": {
                "name": "Phạm Thế Hùng",
                "date": "Đã tham gia 11 năm",
                "reviewCount": "19 Đánh giá",
                "likedCount": "4 Lượt cảm ơn"
            },
            "review": {
                "rating": 5,
                "title": "Cực kì hài lòng",
                "content": ""
            }
        },
        {
            "reviewer": {
                "name": "Nguyễn Anh Thương",
                "date": "Đã tham gia 7 năm",
                "reviewCount": "344 Đánh giá",
                "likedCount": "5 Lượt cảm ơn"
            },
            "review": {
                "rating": 5,
                "title": "Cực kì hài lòng",
                "content": ""
            }
        },
        {
            "reviewer": {
                "name": "Huy Trần",
                "date": "Đã tham gia 6 năm",
                "reviewCount": "4 Đánh giá",
                "likedCount": "0 Lượt cảm ơn"
            },
            "review": {
                "rating": 5,
                "title": "Cực kì hài lòng",
                "content": ""
            }
        },
        {
            "reviewer": {
                "name": "Nguyễn Thị Kim Ngân",
                "date": "Đã tham gia 7 năm",
                "reviewCount": "357 Đánh giá",
                "likedCount": "13 Lượt cảm ơn"
            },
            "review": {
                "rating": 5,
                "title": "Cực kì hài lòng",
                "content": ""
            }
        },
        {
            "reviewer": {
                "name": "Chu Tuan",
                "date": "Đã tham gia 5 năm",
                "reviewCount": "5 Đánh giá",
                "likedCount": "0 Lượt cảm ơn"
            },
            "review": {
                "rating": 3,
                "title": "Bình thường",
                "content": "Nội dung hữu ích, tiki now giao hàng nhanh 2h đóng gói cẩn thận nhưng bên trong sách lem nhem vết tay và giấy vụn khá nhiều. Cần kiểm tra kỹ hơn khi giao."
            }
        },
        {
            "reviewer": {
                "name": "Trần Văn Kiên",
                "date": "Đã tham gia 6 năm",
                "reviewCount": "14 Đánh giá",
                "likedCount": "0 Lượt cảm ơn"
            },
            "review": {
                "rating": 4,
                "title": "Hài lòng",
                "content": ""
            }
        },
        {
            "reviewer": {
                "name": "Nguyễn Đức Tuấn",
                "date": "Đã tham gia 6 năm",
                "reviewCount": "16 Đánh giá",
                "likedCount": "0 Lượt cảm ơn"
            },
            "review": {
                "rating": 4,
                "title": "Hài lòng",
                "content": ""
            }
        },
        {
            "reviewer": {
                "name": "Trân Nguyễn",
                "date": "Đã tham gia 4 năm",
                "reviewCount": "4 Đánh giá",
                "likedCount": "0 Lượt cảm ơn"
            },
            "review": {
                "rating": 4,
                "title": "Hài lòng",
                "content": ""
            }
        },
        {
            "reviewer": {
                "name": "Le Minh Anh",
                "date": "Đã tham gia 6 năm",
                "reviewCount": "134 Đánh giá",
                "likedCount": "13 Lượt cảm ơn"
            },
            "review": {
                "rating": 4,
                "title": "Hài lòng",
                "content": "Tham khảo."
            }
        },
        {
            "reviewer": {
                "name": "Hoàng Ngọc Hiền",
                "date": "Đã tham gia 12 năm",
                "reviewCount": "56 Đánh giá",
                "likedCount": "1 Lượt cảm ơn"
            },
            "review": {
                "rating": 4,
                "title": "Hài lòng",
                "content": ""
            }
        }
    ]
}