{
    "url": "https://tiki.vn/happy-children-hieu-ve-su-phat-trien-cua-tre-de-nuoi-con-an-lac-va-hanh-phuc-p270677758.html?spid=270677760",
    "info": {
        "title": "Happy Children - Hiểu về sự phát triển của trẻ để nuôi con an lạc và hạnh phúc",
        "author": "Hà Vĩnh Thọ",
        "imageUrl": "https://salt.tikicdn.com/cache/750x750/ts/product/95/08/b7/b8d0a13b9bd20b66368c7d6e40d0214b.jpg.webp",
        "soldQuantity": 606,
        "currentPrice": 126000,
        "originalPrice": 179000
    },
    "details": {
        "bookVersion": "Phiên bản thường",
        "publisher": "Thái Hà",
        "publishDate": "2023-07-01 00:00:00",
        "dimensions": "15 x 23 cm",
        "coverType": "Bìa cứng",
        "pageCount": "416",
        "publishingHouse": "Nhà Xuất Bản Lao Động"
    },
    "description": "\n\nGiá sản phẩm trên Tiki đã bao gồm thuế theo luật hiện hành. Bên cạnh đó, tuỳ vào loại sản phẩm, hình thức và địa chỉ giao hàng mà có thể phát sinh thêm chi phí khác như phí vận chuyển, phụ phí hàng cồng kềnh, thuế nhập khẩu (đối với đơn hàng giao từ nước ngoài có giá trị trên 1 triệu đồng).....",
    "rating": {
        "totalRating": 5.0,
        "numberOfRating": 18
    },
    "reviews": [
        {
            "reviewer": {
                "name": "Dũng Trần Ngọc",
                "date": "Đã tham gia 6 năm",
                "reviewCount": "202 Đánh giá",
                "likedCount": "11 Lượt cảm ơn"
            },
            "review": {
                "rating": 5,
                "title": "Cực kì hài lòng",
                "content": "OK nè"
            }
        },
        {
            "reviewer": {
                "name": "Nguyen Thi Ngoc Oanh",
                "date": "Đã tham gia 7 năm",
                "reviewCount": "24 Đánh giá",
                "likedCount": "16 Lượt cảm ơn"
            },
            "review": {
                "rating": 5,
                "title": "Cực kì hài lòng",
                "content": "Sách hay, đáng đọc"
            }
        },
        {
            "reviewer": {
                "name": "Nguyen Thianhnguyet",
                "date": "Đã tham gia 8 năm",
                "reviewCount": "27 Đánh giá",
                "likedCount": "0 Lượt cảm ơn"
            },
            "review": {
                "rating": 5,
                "title": "Cực kì hài lòng",
                "content": "Mới đọc mục lục nhưng thấy hay nha, giá tốt"
            }
        },
        {
            "reviewer": {
                "name": "Van Anh Nguyen Anna",
                "date": "Đã tham gia 4 năm",
                "reviewCount": "15 Đánh giá",
                "likedCount": "1 Lượt cảm ơn"
            },
            "review": {
                "rating": 5,
                "title": "Cực kì hài lòng",
                "content": ""
            }
        },
        {
            "reviewer": {
                "name": "Nguyễn Thị Thùy Dương",
                "date": "Đã tham gia 6 năm",
                "reviewCount": "20 Đánh giá",
                "likedCount": "3 Lượt cảm ơn"
            },
            "review": {
                "rating": 5,
                "title": "Cực kì hài lòng",
                "content": ""
            }
        }
    ]
}