{
    "url": "https://tiki.vn/su-sup-do-cua-nghe-lam-cha-me-p42459036.html?spid=42459037",
    "info": {
        "title": "Sự Sụp Đổ Của Nghề Làm Cha Mẹ",
        "author": "Leonard Sax",
        "imageUrl": "https://salt.tikicdn.com/cache/750x750/ts/product/e3/9e/a6/62104b1ef723bb68349bcccca35842b5.JPG.webp",
        "soldQuantity": 3000,
        "currentPrice": 85700,
        "originalPrice": 119000
    },
    "details": {
        "bookVersion": "Phiên bản thường",
        "publisher": "Thái Hà",
        "publishDate": "2019-01-11 00:00:00",
        "dimensions": "14.5 x 20.5 cm",
        "translator": "Đinh Hương Ly, Nguyễn Chí Hiếu",
        "coverType": "Bìa mềm",
        "pageCount": "273",
        "publishingHouse": "Nhà Xuất Bản Lao Động"
    },
    "description": "Leonard Saxlà một cái tên không còn xa lạ trong lĩnh vực giáo dục và tâm lý học. Ông là một nhà tâm lý học và bác sĩ gia đình người Mỹ, nổi tiếng với những nghiên cứu và phân tích sâu sắc về sự khác biệt giới tính và những thách thức mà các bậc phụ huynh đang đối mặt trong việc nuôi dạy con cái.\nNhững đóng góp nổi bật của Leonard Sax:\nTrước những biểu hiện tiêu cực trong quá trình phát triển của những đứa trẻ ngày nay, như tình trạng béo phì gia tăng, sự sa đà, lún sâu vào các thiết bị công nghệ (điện thoại, máy tính, TV…), sự thiếu tôn trọng đối với những người xung quanh, đặc biệt là thói quen ỷ nại, phó thác mọi việc cho người lớn… thì “bộ mặt thật” của những ông bố bà mẹ cũng dần được lộ tẩy, đó là bộ mặt của những người thiếu kiến thức, kém linh hoạt trong việc nuôi dạy con. Nói như Tiến sĩ – Bác sĩ Leonard Sax – chuyên gia hàng đầu trong lĩnh vực giáo dục trẻ em – thì đó làSự Sụp Đổ Của Nghề Làm Cha Mẹ.\nNhẹ nhàng nhưng cũng không kém phần nghiêm khắc và sắc sảo, Leonard Sax đã chỉ ra những vấn đề thường thấy trong cách nuôi dạy trẻ hiện nay. Từ những sai lầm của các bậc phụ huynh Mỹ nói riêng, Tiến sĩ đã phác họa lại một bức tranh toàn cảnh về sai lầm của các bậc phụ huynh trên toàn thế giới nói chung. Ở đó, tác giả đặc biệt nhấn mạnh đến hậu quả của việc thỏa hiệp quá dễ dàng từ phía cha mẹ đã hình thành nhân cách, thói quen xấu cho con.\nKhai thác vấn đề theo chiều sâu, không dừng lại ở việc “vạch tội”, tác giả – dưới cái nhìn tận tâm và thông suốt – đã dành hẳn một chương dài trong cuốn sách chỉ có hai chương để nói về những giải pháp. Câu chuyện thực tế, ví dụ đi kèm, sự phân tích, phán đoán, các số liệu, và lời khuyên chân thành, Leonard Sax không “bỏ mặc” các bậc cha mẹ trong sự hổ thẹn vì những sai lầm, trái lại, ông đồng hành với họ để tìm ra hướng đi đúng cho hành trình nuôi dạy con vốn có nhiều thử thách và đầy ngã rẽ.\nSự thấu tình đạt lý được thể hiện dưới ngòi bút của một chuyên gia đã khiến Sự Sụp Đổ Của Nghề Làm Cha Mẹ trở thành cuốn “kinh thánh” trong giáo dục gia đình hiện đại. Nó đã nhận về vô số lời khen thưởng, tán dương của bạn đọc và các chuyên gia, nhà phê bình, đồng thời trở thành cuốn sách “best seller” theo sếp hạng của tờ New York Times.\n“Với nhiều năm kinh nghiệm nghiên cứu và làm việc trực tiếp với các bậc phụ huynh và trẻ em, bác sĩ Leonard Sax cung cấp một cách nhìn quan trọng về việc nuôi dạy con trong thời hiện đại, cha mẹ đã sai ở đâu và cách khắc phục. Việc làm cha mẹ chưa bao giờ quan trọng hơn, bác sĩ Sax giải thích cách tránh những cạm bẫy và nuôi dạy con tốt”. - (Tiến sĩ Bill Bennett, Nguyên Bộ trưởng Bộ Giáo dục Hoa Kỳ)\n“Nếu bạn chỉ định đọc một cuốn sách nuôi dạy con trong năm nay, hãy chọn cuốn Sự sụp đổ của nghề làm cha mẹ” của Leonard Sax. Điều làm nên một cuốn sách hướng dẫn có giá trị chính là một tác giả dày dạn kinh nghiệm thực tế về chủ đề và cách viết lôi cuốn. Leonard Sax có cả hai điều này… Đây đơn giản là một cuốn sách hay, rất dễ đọc và đưa ra những lời khuyên hợp lý về việc trao cho con cái cơ hội tốt nhất để thành công trong cuộc sống”.  - (Tạp chí Sách New York)\n“Dựa trên nhiều năm kinh nghiệm thực hành lâm sàng lẫn phỏng vấn học sinh và phụ huynh trên toàn thế giới, Sax đưa ra một bức tranh thực tế và đáng báo động về sự sụp đổ của việc nuôi dạy con trên đất nước này. Nhưng ông không để cho người đọc tuyệt vọng; ông đưa ra những giải pháp đơn giản, dễ dàng, cung cấp cho cha mẹ một hướng dẫn dễ tiếp cận để giúp họ lấy lại vai trò chính đáng của mình”. - (Tiến sĩ Nancy Kehoe, Giáo sư Tâm lý học tại Trường Y Harvard)\nNếu bạn là một bậc phụ huynh đang gặp khó khăn trong việc nuôi dạy con, cuốn sách này sẽ là một người bạn đồng hành đáng tin cậy. Cuốn sách sẽ giúp bạn:\nGiá sản phẩm trên Tiki đã bao gồm thuế theo luật hiện hành. Bên cạnh đó, tuỳ vào loại sản phẩm, hình thức và địa chỉ giao hàng mà có thể phát sinh thêm chi phí khác như phí vận chuyển, phụ phí hàng cồng kềnh, thuế nhập khẩu (đối với đơn hàng giao từ nước ngoài có giá trị trên 1 triệu đồng).....",
    "rating": {
        "totalRating": 4.7,
        "numberOfRating": 159
    },
    "reviews": [
        {
            "reviewer": {
                "name": "Nguyen Thi My Huong",
                "date": "Đã tham gia 8 năm",
                "reviewCount": "32 Đánh giá",
                "likedCount": "6 Lượt cảm ơn"
            },
            "review": {
                "rating": 5,
                "title": "Cực kì hài lòng",
                "content": "Cuốn sách thực sự rất hữu ích, tác giả đã nắm bắt đúng các vấn đề nhiều phụ huynh đang gặp phải. Mình rất tâm đắc về việc dạy con là phải dạy ý thức và sự khiêm nhường. Như vậy, trẻ sẽ kiểm soát được cảm xúc cũng như vững vàng hơn trong cuộc sống sau này."
            }
        },
        {
            "reviewer": {
                "name": "Hồng Ánh",
                "date": "Đã tham gia 6 năm",
                "reviewCount": "32 Đánh giá",
                "likedCount": "25 Lượt cảm ơn"
            },
            "review": {
                "rating": 5,
                "title": "Cực kì hài lòng",
                "content": "Xem mục lục và chọn 1 vài chương cảm thấy thú vị để đọc sơ qua vài trang, mình đã thấy cực kì thích cuốn sách này. \r\n\r\n- Văn phong dịch rất dễ hiểu và mượt mà.\r\n- Tác giả trình bày vấn đề logic và dễ hiểu, tất nhiên có một vài khái niệm trong tâm lý học có thể khiến người đọc ko chuyên khó hiểu.\r\n- Hệ thống tài liệu tham khảo đồ sộ, thuận lợi cho việc tìm hiểu các vấn đề liên quan nếu muốn hiểu sâu hơn. Mình đánh giá rất cao những cuốn sách có tài liệu tham khảo rõ ràng, vừa thể hiện tác giả rất tâm huyết và nghiên cứu nghiêm túc/là nhà nghiên cứu uy tín, vừa là minh chứng cho việc những gì viết trong sách không đơn thuần là quan điểm cá nhân của tác giả -> nhìn nhận khách quan hơn.\r\n- Cực kì giá trị cho cha mẹ để đồng hành, giáo dục con tại nhà trong thời kì đầy cám dỗ và dễ lạc lối đối với thanh thiếu niên hiện nay."
            }
        },
        {
            "reviewer": {
                "name": "Vũ Thùy Linh",
                "date": "Đã tham gia 3 năm",
                "reviewCount": "11 Đánh giá",
                "likedCount": "2 Lượt cảm ơn"
            },
            "review": {
                "rating": 5,
                "title": "Cực kì hài lòng",
                "content": "Tiki giao thần tốc luôn ấy, huhu. Mình đặt tối qua mà sáng nay đã nhận được. Sách thì mình được cô giáo giới thiệu, nội dung thì nếu có thể đc update mình sẽ quay lại sau."
            }
        },
        {
            "reviewer": {
                "name": "Thanh Hoa",
                "date": "Đã tham gia 6 năm",
                "reviewCount": "20 Đánh giá",
                "likedCount": "32 Lượt cảm ơn"
            },
            "review": {
                "rating": 5,
                "title": "Cực kì hài lòng",
                "content": "Mình là gười mua hàng khá thường xuyên ở tiki. Hầu như mình cũng ít khi đánh giá, nhưng gần đây có quan tâm dịch vụ chu đáo của tiki nên chăm chỉ đánh giá hơn trước\nQuyển sách này bạn mình giới thiệu và khen ngợi nên mình đã đặt mua ngay, lướt sơ nội dung chứ chưa đọc hết nhưng mình khá hài lòng rồi nên lên đây quất 5 sao luôn \nCó 1 điều mình ko hài lòng ở tiki, đó là đa số các đánh giá 5 sao của mình chỉ kiểm duyệt nhoáng phát đã xuất hiện trên trang. Có duy nhất 1 đánh giá 3 sao thì mãi ko đc kiểm duyệt để đăng\nMình thật sự bức xúc và ko hài lòng về điều này. Đề nghị tiki xem xét lại cách bán hành và giải quyết trả lời thoả đáng. Tránh để sp đến lúc ko còn hạn bảo hành mới thông qua phản hồi làm mất quyền lợi của khách hàng"
            }
        },
        {
            "reviewer": {
                "name": "Thu Pham",
                "date": "Đã tham gia 5 năm",
                "reviewCount": "3 Đánh giá",
                "likedCount": "8 Lượt cảm ơn"
            },
            "review": {
                "rating": 5,
                "title": "Cực kì hài lòng",
                "content": "Sách rất hay, đánh thẳng vào tâm lý nuông chiều con và cho con quá nhiều sự tự do của các bậc cha mẹ thời hiện đại. Sau khi đọc quyển sách này, chắc chắn không ít người trong chúng ta thấy mình ở đâu đó được nhắc tới và cần điều chỉnh cách thức nuôi dạy con để tránh s"
            }
        },
        {
            "reviewer": {
                "name": "Nguyễn Thị Phương",
                "date": "Đã tham gia 8 năm",
                "reviewCount": "1 Đánh giá",
                "likedCount": "1 Lượt cảm ơn"
            },
            "review": {
                "rating": 1,
                "title": "Một cuốn sách rất đáng đọc",
                "content": "Sách viết về những thay đổi trong quan hệ giữa cha mẹ và con cái ở Mỹ trong ba thập kỉ gần đây và những hệ lụy của nó. Dù viết về tình trạng ở Mỹ nhưng có nhiều điểm cũng tương đồng với văn hóa Việt Nam. Cuốn sách do một bác sĩ viết và trích dẫn nhiều nghiên cứu nên khi đọc thấy rất bị thuyết phục."
            }
        },
        {
            "reviewer": {
                "name": "Do Thi Hong Hanh",
                "date": "Đã tham gia 5 năm",
                "reviewCount": "18 Đánh giá",
                "likedCount": "0 Lượt cảm ơn"
            },
            "review": {
                "rating": 5,
                "title": "Cực kì hài lòng",
                "content": "Sách viết rất hay, nội dung ổn, trình bày dễ hiểu, nên mua đọc nhé mn ơi"
            }
        },
        {
            "reviewer": {
                "name": "Đạt Trần",
                "date": "Đã tham gia 7 năm",
                "reviewCount": "85 Đánh giá",
                "likedCount": "41 Lượt cảm ơn"
            },
            "review": {
                "rating": 5,
                "title": "Cực kì hài lòng",
                "content": "Cuốn sách đưa ra một bức tranh thực tế và đáng báo động về sự sụp đổ của việc nuôi dạy con, đồng thời cung cấp những giải pháp giúp ngăn chặn điều này."
            }
        },
        {
            "reviewer": {
                "name": "Le Hang",
                "date": "Đã tham gia 7 năm",
                "reviewCount": "125 Đánh giá",
                "likedCount": "16 Lượt cảm ơn"
            },
            "review": {
                "rating": 1,
                "title": "Rất hài lòng",
                "content": "Sách hay, mỗi cha mẹ nên có quyển này để định hướng cách nuôi dạy con !!!"
            }
        },
        {
            "reviewer": {
                "name": "Trung Nguyen",
                "date": "Đã tham gia 9 năm",
                "reviewCount": "36 Đánh giá",
                "likedCount": "26 Lượt cảm ơn"
            },
            "review": {
                "rating": 5,
                "title": "Cực kì hài lòng",
                "content": "Sách hay"
            }
        },
        {
            "reviewer": {
                "name": "Nguyễn Thị Minh Ngọc",
                "date": "Đã tham gia 6 năm",
                "reviewCount": "263 Đánh giá",
                "likedCount": "31 Lượt cảm ơn"
            },
            "review": {
                "rating": 5,
                "title": "Cực kì hài lòng",
                "content": "Sách hay, tiki giao hàng nhanh và cẩn thận"
            }
        },
        {
            "reviewer": {
                "name": "Diep Chi Nam Tran",
                "date": "Đã tham gia 4 năm",
                "reviewCount": "6 Đánh giá",
                "likedCount": "0 Lượt cảm ơn"
            },
            "review": {
                "rating": 5,
                "title": "Cực kì hài lòng",
                "content": ""
            }
        },
        {
            "reviewer": {
                "name": "An Tran",
                "date": "Đã tham gia 4 năm",
                "reviewCount": "13 Đánh giá",
                "likedCount": "0 Lượt cảm ơn"
            },
            "review": {
                "rating": 5,
                "title": "Cực kì hài lòng",
                "content": "Đọc hay, sâu sắc. Áp dụng phù hợp cho thực tế."
            }
        },
        {
            "reviewer": {
                "name": "Hồng Châu",
                "date": "Đã tham gia 9 năm",
                "reviewCount": "651 Đánh giá",
                "likedCount": "29 Lượt cảm ơn"
            },
            "review": {
                "rating": 5,
                "title": "Cực kì hài lòng",
                "content": "Sách tham khảo tốt, hữu ích. Tiki đóng gói cẩn thận, giao hàng nhanh. Cám ơn nhiều!"
            }
        },
        {
            "reviewer": {
                "name": "Văn Quang Sang",
                "date": "Đã tham gia 10 năm",
                "reviewCount": "40 Đánh giá",
                "likedCount": "2 Lượt cảm ơn"
            },
            "review": {
                "rating": 5,
                "title": "Cực kì hài lòng",
                "content": ""
            }
        },
        {
            "reviewer": {
                "name": "Phạm Văn Giáp",
                "date": "Đã tham gia 5 năm",
                "reviewCount": "29 Đánh giá",
                "likedCount": "0 Lượt cảm ơn"
            },
            "review": {
                "rating": 5,
                "title": "Cực kì hài lòng",
                "content": ""
            }
        },
        {
            "reviewer": {
                "name": "Phạm Loan",
                "date": "Đã tham gia 5 năm",
                "reviewCount": "23 Đánh giá",
                "likedCount": "1 Lượt cảm ơn"
            },
            "review": {
                "rating": 5,
                "title": "Cực kì hài lòng",
                "content": "Mình rất thích tựa đề sách được làm nổi bật. Sách đẹp, giao hành nhanh. Nội dung phải chờ đọc mới biết được"
            }
        },
        {
            "reviewer": {
                "name": "Nguyễn Hoài Ngọc",
                "date": "Đã tham gia 8 năm",
                "reviewCount": "443 Đánh giá",
                "likedCount": "113 Lượt cảm ơn"
            },
            "review": {
                "rating": 5,
                "title": "Cực kì hài lòng",
                "content": "cuốn sách hay, giải tỏa giúp mình phần nào vai trò người ác, người thiện trong 1 gia đình khi nuôi dạy con. Yêu thương có nguyên tắc sẽ giúp con phát triển tốt hơn."
            }
        },
        {
            "reviewer": {
                "name": "Trần Văn Quân",
                "date": "Đã tham gia 6 năm",
                "reviewCount": "17 Đánh giá",
                "likedCount": "0 Lượt cảm ơn"
            },
            "review": {
                "rating": 5,
                "title": "Cực kì hài lòng",
                "content": ""
            }
        },
        {
            "reviewer": {
                "name": "Mark Tú Huỳnh",
                "date": "Đã tham gia 5 năm",
                "reviewCount": "874 Đánh giá",
                "likedCount": "31 Lượt cảm ơn"
            },
            "review": {
                "rating": 5,
                "title": "Cực kì hài lòng",
                "content": ""
            }
        },
        {
            "reviewer": {
                "name": "Tuyet Nguyen",
                "date": "Đã tham gia 3 năm",
                "reviewCount": "46 Đánh giá",
                "likedCount": "1 Lượt cảm ơn"
            },
            "review": {
                "rating": 5,
                "title": "Cực kì hài lòng",
                "content": ""
            }
        },
        {
            "reviewer": {
                "name": "Mai Duc Binh",
                "date": "Đã tham gia 9 năm",
                "reviewCount": "101 Đánh giá",
                "likedCount": "23 Lượt cảm ơn"
            },
            "review": {
                "rating": 5,
                "title": "Cực kì hài lòng",
                "content": "Giao nhanh, chưa đọc"
            }
        },
        {
            "reviewer": {
                "name": "Nguyen Le Bang",
                "date": "Đã tham gia 5 năm",
                "reviewCount": "94 Đánh giá",
                "likedCount": "21 Lượt cảm ơn"
            },
            "review": {
                "rating": 5,
                "title": "Cực kì hài lòng",
                "content": ""
            }
        },
        {
            "reviewer": {
                "name": "Viet Linh Nguyen",
                "date": "Đã tham gia 6 năm",
                "reviewCount": "232 Đánh giá",
                "likedCount": "1 Lượt cảm ơn"
            },
            "review": {
                "rating": 5,
                "title": "Cực kì hài lòng",
                "content": ""
            }
        },
        {
            "reviewer": {
                "name": "Lan Dong",
                "date": "Đã tham gia 5 năm",
                "reviewCount": "64 Đánh giá",
                "likedCount": "6 Lượt cảm ơn"
            },
            "review": {
                "rating": 1,
                "title": "hữu ích cho gia đình trẻ",
                "content": "cuốn sách cần có cho những gia đình trẻ, để biết cách nuôi dạy trẻ để không vướng vào những sai lầm của thời đại"
            }
        },
        {
            "reviewer": {
                "name": "Nguyễn Phi Sơn",
                "date": "Đã tham gia 5 năm",
                "reviewCount": "88 Đánh giá",
                "likedCount": "2 Lượt cảm ơn"
            },
            "review": {
                "rating": 5,
                "title": "Cực kì hài lòng",
                "content": "Cuốn sách rất hay và lôi cuốn! Tôi rất thích và hài lòng!"
            }
        },
        {
            "reviewer": {
                "name": "Lưu Thanh Thảo",
                "date": "Đã tham gia 5 năm",
                "reviewCount": "137 Đánh giá",
                "likedCount": "1 Lượt cảm ơn"
            },
            "review": {
                "rating": 5,
                "title": "Cực kì hài lòng",
                "content": ""
            }
        },
        {
            "reviewer": {
                "name": "Dieu",
                "date": "Đã tham gia 8 năm",
                "reviewCount": "74 Đánh giá",
                "likedCount": "0 Lượt cảm ơn"
            },
            "review": {
                "rating": 5,
                "title": "Cực kì hài lòng",
                "content": "Sách hay"
            }
        },
        {
            "reviewer": {
                "name": "Đặng Thị Lệ Thu",
                "date": "Đã tham gia 9 năm",
                "reviewCount": "23 Đánh giá",
                "likedCount": "0 Lượt cảm ơn"
            },
            "review": {
                "rating": 5,
                "title": "Cực kì hài lòng",
                "content": ""
            }
        },
        {
            "reviewer": {
                "name": "Khang Khang",
                "date": "Đã tham gia 9 năm",
                "reviewCount": "68 Đánh giá",
                "likedCount": "63 Lượt cảm ơn"
            },
            "review": {
                "rating": 4,
                "title": "Hài lòng",
                "content": "Nội dung liên quan đến giáo dục, phù hợp với người học và làm tâm lý, sư phạm và các bậc phụ huynh. Sách đẹp, giao hàng nhanh."
            }
        },
        {
            "reviewer": {
                "name": "Lê Thành Đạt",
                "date": "Đã tham gia 10 năm",
                "reviewCount": "58 Đánh giá",
                "likedCount": "10 Lượt cảm ơn"
            },
            "review": {
                "rating": 5,
                "title": "Cực kì hài lòng",
                "content": ""
            }
        },
        {
            "reviewer": {
                "name": "Ngọc Hằng",
                "date": "Đã tham gia 6 năm",
                "reviewCount": "33 Đánh giá",
                "likedCount": "0 Lượt cảm ơn"
            },
            "review": {
                "rating": 5,
                "title": "Cực kì hài lòng",
                "content": ""
            }
        },
        {
            "reviewer": {
                "name": "Hong Duyen",
                "date": "Đã tham gia 11 năm",
                "reviewCount": "8 Đánh giá",
                "likedCount": "0 Lượt cảm ơn"
            },
            "review": {
                "rating": 5,
                "title": "Cực kì hài lòng",
                "content": "Sách có nội dung rất phù hợp cho các bậc cha mẹ còn lúng túng trong việc định hướng giáo dục con cái mình."
            }
        },
        {
            "reviewer": {
                "name": "Nguyễn Ngọc Linh",
                "date": "Đã tham gia 6 năm",
                "reviewCount": "11 Đánh giá",
                "likedCount": "0 Lượt cảm ơn"
            },
            "review": {
                "rating": 5,
                "title": "Cực kì hài lòng",
                "content": "hình thức rất ổn, nội dung rất đáng đọc... một cuốn sách hay"
            }
        },
        {
            "reviewer": {
                "name": "Nguyễn Hồng Vân",
                "date": "Đã tham gia 7 năm",
                "reviewCount": "265 Đánh giá",
                "likedCount": "2 Lượt cảm ơn"
            },
            "review": {
                "rating": 5,
                "title": "Cực kì hài lòng",
                "content": ""
            }
        },
        {
            "reviewer": {
                "name": "Mai Hoà",
                "date": "Đã tham gia 7 năm",
                "reviewCount": "111 Đánh giá",
                "likedCount": "2 Lượt cảm ơn"
            },
            "review": {
                "rating": 5,
                "title": "Cực kì hài lòng",
                "content": "Sách mới nhưng cần bọc nilon kẻo nhỡ ướt khi vận chuyển"
            }
        },
        {
            "reviewer": {
                "name": "Dìu Hỷ Văn",
                "date": "Đã tham gia 11 năm",
                "reviewCount": "85 Đánh giá",
                "likedCount": "30 Lượt cảm ơn"
            },
            "review": {
                "rating": 5,
                "title": "Cực kì hài lòng",
                "content": "sách hay lắm vk mình đọc bảo có nhiều cái để học"
            }
        },
        {
            "reviewer": {
                "name": "Nguyễn Hải Anh",
                "date": "Đã tham gia 8 năm",
                "reviewCount": "70 Đánh giá",
                "likedCount": "2 Lượt cảm ơn"
            },
            "review": {
                "rating": 5,
                "title": "Cực kì hài lòng",
                "content": ""
            }
        },
        {
            "reviewer": {
                "name": "Đậu Cường",
                "date": "Đã tham gia 3 năm",
                "reviewCount": "1 Đánh giá",
                "likedCount": "0 Lượt cảm ơn"
            },
            "review": {
                "rating": 5,
                "title": "Cực kì hài lòng",
                "content": ""
            }
        },
        {
            "reviewer": {
                "name": "Tommyy Lrphong",
                "date": "Đã tham gia 4 năm",
                "reviewCount": "5 Đánh giá",
                "likedCount": "0 Lượt cảm ơn"
            },
            "review": {
                "rating": 5,
                "title": "Cực kì hài lòng",
                "content": "ý nghĩa"
            }
        },
        {
            "reviewer": {
                "name": "nguyễn vương tùng lâm",
                "date": "Đã tham gia 9 năm",
                "reviewCount": "5 Đánh giá",
                "likedCount": "0 Lượt cảm ơn"
            },
            "review": {
                "rating": 5,
                "title": "Cực kì hài lòng",
                "content": "nội dung khá là hay và quan trọng vs những bố mẹ trẻ"
            }
        },
        {
            "reviewer": {
                "name": "Khôi Nguyên",
                "date": "Đã tham gia 4 năm",
                "reviewCount": "2 Đánh giá",
                "likedCount": "0 Lượt cảm ơn"
            },
            "review": {
                "rating": 5,
                "title": "Cực kì hài lòng",
                "content": ""
            }
        },
        {
            "reviewer": {
                "name": "Phạm Thuỷ Vân",
                "date": "Đã tham gia 7 năm",
                "reviewCount": "12 Đánh giá",
                "likedCount": "1 Lượt cảm ơn"
            },
            "review": {
                "rating": 5,
                "title": "Cực kì hài lòng",
                "content": "Sách mới , đẹp. Nội dung hay , dễ đọc , thực tế"
            }
        },
        {
            "reviewer": {
                "name": "Trần Văn Kiên",
                "date": "Đã tham gia 6 năm",
                "reviewCount": "14 Đánh giá",
                "likedCount": "0 Lượt cảm ơn"
            },
            "review": {
                "rating": 5,
                "title": "Cực kì hài lòng",
                "content": ""
            }
        },
        {
            "reviewer": {
                "name": "Nguyen thanh tai",
                "date": "Đã tham gia 5 năm",
                "reviewCount": "10 Đánh giá",
                "likedCount": "0 Lượt cảm ơn"
            },
            "review": {
                "rating": 5,
                "title": "Cực kì hài lòng",
                "content": "Hay và tuyệt vời. chỉ ra được các khía cạnh của ba mẹ"
            }
        },
        {
            "reviewer": {
                "name": "phan thị phin",
                "date": "Đã tham gia 6 năm",
                "reviewCount": "6 Đánh giá",
                "likedCount": "0 Lượt cảm ơn"
            },
            "review": {
                "rating": 5,
                "title": "Cực kì hài lòng",
                "content": ""
            }
        },
        {
            "reviewer": {
                "name": "Nguyễn Văn Dũng",
                "date": "Đã tham gia 3 năm",
                "reviewCount": "41 Đánh giá",
                "likedCount": "0 Lượt cảm ơn"
            },
            "review": {
                "rating": 5,
                "title": "Cực kì hài lòng",
                "content": ""
            }
        },
        {
            "reviewer": {
                "name": "PHẠM HỮU LỘC",
                "date": "Đã tham gia 9 năm",
                "reviewCount": "168 Đánh giá",
                "likedCount": "7 Lượt cảm ơn"
            },
            "review": {
                "rating": 5,
                "title": "Cực kì hài lòng",
                "content": "Sách hay, bao đẹp, giá hợp lý, sẽ tiếp tục ủng hộ."
            }
        },
        {
            "reviewer": {
                "name": "Mr Tây",
                "date": "Đã tham gia 6 năm",
                "reviewCount": "5 Đánh giá",
                "likedCount": "0 Lượt cảm ơn"
            },
            "review": {
                "rating": 5,
                "title": "Cực kì hài lòng",
                "content": ""
            }
        },
        {
            "reviewer": {
                "name": "bach hoang",
                "date": "Đã tham gia 6 năm",
                "reviewCount": "8 Đánh giá",
                "likedCount": "0 Lượt cảm ơn"
            },
            "review": {
                "rating": 5,
                "title": "Cực kì hài lòng",
                "content": ""
            }
        },
        {
            "reviewer": {
                "name": "Giang Thi",
                "date": "Đã tham gia 6 năm",
                "reviewCount": "6 Đánh giá",
                "likedCount": "0 Lượt cảm ơn"
            },
            "review": {
                "rating": 5,
                "title": "Cực kì hài lòng",
                "content": "Sách dành cho bậc cha mẹ,hãy đọc để yêu thương con đúng cách"
            }
        },
        {
            "reviewer": {
                "name": "Hue Kute",
                "date": "Đã tham gia 7 năm",
                "reviewCount": "54 Đánh giá",
                "likedCount": "0 Lượt cảm ơn"
            },
            "review": {
                "rating": 5,
                "title": "Cực kì hài lòng",
                "content": ""
            }
        },
        {
            "reviewer": {
                "name": "Trần Chí Mạnh",
                "date": "Đã tham gia 6 năm",
                "reviewCount": "30 Đánh giá",
                "likedCount": "0 Lượt cảm ơn"
            },
            "review": {
                "rating": 5,
                "title": "Cực kì hài lòng",
                "content": ""
            }
        },
        {
            "reviewer": {
                "name": "viet phuong nguyen",
                "date": "Đã tham gia 9 năm",
                "reviewCount": "67 Đánh giá",
                "likedCount": "3 Lượt cảm ơn"
            },
            "review": {
                "rating": 5,
                "title": "Cực kì hài lòng",
                "content": "sản phẩm tốt, đúng như miêu tả, giao hàng nhanh, hi vọng sản phẩm sẽ bền & hoạt động tốt"
            }
        },
        {
            "reviewer": {
                "name": "Chí Trung Dũng",
                "date": "Đã tham gia 6 năm",
                "reviewCount": "35 Đánh giá",
                "likedCount": "3 Lượt cảm ơn"
            },
            "review": {
                "rating": 5,
                "title": "Cực kì hài lòng",
                "content": ""
            }
        },
        {
            "reviewer": {
                "name": "Tien Phung Trieu",
                "date": "Đã tham gia 6 năm",
                "reviewCount": "14 Đánh giá",
                "likedCount": "3 Lượt cảm ơn"
            },
            "review": {
                "rating": 5,
                "title": "Cực kì hài lòng",
                "content": ""
            }
        },
        {
            "reviewer": {
                "name": "Minh Vo",
                "date": "Đã tham gia 3 năm",
                "reviewCount": "4 Đánh giá",
                "likedCount": "0 Lượt cảm ơn"
            },
            "review": {
                "rating": 5,
                "title": "Cực kì hài lòng",
                "content": ""
            }
        },
        {
            "reviewer": {
                "name": "Anh Nguyên Nguyên",
                "date": "Đã tham gia 9 năm",
                "reviewCount": "22 Đánh giá",
                "likedCount": "0 Lượt cảm ơn"
            },
            "review": {
                "rating": 5,
                "title": "Cực kì hài lòng",
                "content": ""
            }
        },
        {
            "reviewer": {
                "name": "luu trinh",
                "date": "Đã tham gia 8 năm",
                "reviewCount": "21 Đánh giá",
                "likedCount": "0 Lượt cảm ơn"
            },
            "review": {
                "rating": 5,
                "title": "Cực kì hài lòng",
                "content": ""
            }
        },
        {
            "reviewer": {
                "name": "Pham Hien",
                "date": "Đã tham gia 3 năm",
                "reviewCount": "2 Đánh giá",
                "likedCount": "0 Lượt cảm ơn"
            },
            "review": {
                "rating": 5,
                "title": "Cực kì hài lòng",
                "content": ""
            }
        },
        {
            "reviewer": {
                "name": "Ngọc Trần",
                "date": "Đã tham gia 4 năm",
                "reviewCount": "13 Đánh giá",
                "likedCount": "0 Lượt cảm ơn"
            },
            "review": {
                "rating": 5,
                "title": "Cực kì hài lòng",
                "content": "Đóng gói cẩn thận"
            }
        },
        {
            "reviewer": {
                "name": "Ynhi Huu Ngo",
                "date": "Đã tham gia 5 năm",
                "reviewCount": "15 Đánh giá",
                "likedCount": "8 Lượt cảm ơn"
            },
            "review": {
                "rating": 5,
                "title": "Cực kì hài lòng",
                "content": "Đọc quyển này bạn sẽ giật mình ngỡ ngàng thì ra bấy lâu nay mình đã làm chưa đúng !"
            }
        },
        {
            "reviewer": {
                "name": "Diem Hang",
                "date": "Đã tham gia 4 năm",
                "reviewCount": "6 Đánh giá",
                "likedCount": "0 Lượt cảm ơn"
            },
            "review": {
                "rating": 5,
                "title": "Cực kì hài lòng",
                "content": "nên đọc nhé mm"
            }
        },
        {
            "reviewer": {
                "name": "Trần Thương",
                "date": "Đã tham gia 6 năm",
                "reviewCount": "1 Đánh giá",
                "likedCount": "0 Lượt cảm ơn"
            },
            "review": {
                "rating": 5,
                "title": "Cực kì hài lòng",
                "content": "Sách đẹp, bọc cẩn thận, giao hàng nhanh ạ."
            }
        },
        {
            "reviewer": {
                "name": "Jack’s store",
                "date": "Đã tham gia 8 năm",
                "reviewCount": "9 Đánh giá",
                "likedCount": "1 Lượt cảm ơn"
            },
            "review": {
                "rating": 5,
                "title": "Cực kì hài lòng",
                "content": "Rất bổ ích cho các bậc phụ huynh"
            }
        },
        {
            "reviewer": {
                "name": "Nguyen Nhu Quynh",
                "date": "Đã tham gia 3 năm",
                "reviewCount": "4 Đánh giá",
                "likedCount": "0 Lượt cảm ơn"
            },
            "review": {
                "rating": 5,
                "title": "Cực kì hài lòng",
                "content": ""
            }
        },
        {
            "reviewer": {
                "name": "Nguyễn Thị Hoài",
                "date": "Đã tham gia 5 năm",
                "reviewCount": "23 Đánh giá",
                "likedCount": "0 Lượt cảm ơn"
            },
            "review": {
                "rating": 5,
                "title": "Cực kì hài lòng",
                "content": "cuốn sách có nội dung hay rất ý nghĩa cho các bậc làm cha mẹ"
            }
        },
        {
            "reviewer": {
                "name": "Duong Thi Linh",
                "date": "Đã tham gia 5 năm",
                "reviewCount": "9 Đánh giá",
                "likedCount": "1 Lượt cảm ơn"
            },
            "review": {
                "rating": 5,
                "title": "Cực kì hài lòng",
                "content": ""
            }
        },
        {
            "reviewer": {
                "name": "Thịnh Phạm",
                "date": "Đã tham gia 4 năm",
                "reviewCount": "20 Đánh giá",
                "likedCount": "0 Lượt cảm ơn"
            },
            "review": {
                "rating": 5,
                "title": "Cực kì hài lòng",
                "content": ""
            }
        },
        {
            "reviewer": {
                "name": "ĐOÀN MINH KÍNH",
                "date": "Đã tham gia 6 năm",
                "reviewCount": "45 Đánh giá",
                "likedCount": "1 Lượt cảm ơn"
            },
            "review": {
                "rating": 5,
                "title": "Cực kì hài lòng",
                "content": ""
            }
        },
        {
            "reviewer": {
                "name": "Thoan Đặng",
                "date": "Đã tham gia 8 năm",
                "reviewCount": "12 Đánh giá",
                "likedCount": "0 Lượt cảm ơn"
            },
            "review": {
                "rating": 5,
                "title": "Cực kì hài lòng",
                "content": ""
            }
        },
        {
            "reviewer": {
                "name": "Nguyen Thi T Kim Hue",
                "date": "Đã tham gia 9 năm",
                "reviewCount": "59 Đánh giá",
                "likedCount": "8 Lượt cảm ơn"
            },
            "review": {
                "rating": 5,
                "title": "Cực kì hài lòng",
                "content": "Một quyển sách đáng xem"
            }
        },
        {
            "reviewer": {
                "name": "Nguyễn Phương Thúy",
                "date": "Đã tham gia 10 năm",
                "reviewCount": "20 Đánh giá",
                "likedCount": "0 Lượt cảm ơn"
            },
            "review": {
                "rating": 5,
                "title": "Cực kì hài lòng",
                "content": ""
            }
        },
        {
            "reviewer": {
                "name": "Nguyễn Giáng Huyên",
                "date": "Đã tham gia 10 năm",
                "reviewCount": "26 Đánh giá",
                "likedCount": "9 Lượt cảm ơn"
            },
            "review": {
                "rating": 5,
                "title": "Cực kì hài lòng",
                "content": "Sách đẹp, gáy bìa chưa thấy bong như mấy lần trước"
            }
        },
        {
            "reviewer": {
                "name": "Nguyễn Quỳnh Hương",
                "date": "Đã tham gia 14 năm",
                "reviewCount": "131 Đánh giá",
                "likedCount": "2 Lượt cảm ơn"
            },
            "review": {
                "rating": 5,
                "title": "Cực kì hài lòng",
                "content": ""
            }
        },
        {
            "reviewer": {
                "name": "Phuong",
                "date": "Đã tham gia 9 năm",
                "reviewCount": "19 Đánh giá",
                "likedCount": "13 Lượt cảm ơn"
            },
            "review": {
                "rating": 5,
                "title": "Cực kì hài lòng",
                "content": "Nội dung hay và đáng suy ngẫm về dạy con."
            }
        },
        {
            "reviewer": {
                "name": "Nguyễn thị Thảo",
                "date": "Đã tham gia 5 năm",
                "reviewCount": "6 Đánh giá",
                "likedCount": "0 Lượt cảm ơn"
            },
            "review": {
                "rating": 5,
                "title": "Cực kì hài lòng",
                "content": ""
            }
        },
        {
            "reviewer": {
                "name": "Lê Thị Thùy",
                "date": "Đã tham gia 4 năm",
                "reviewCount": "2 Đánh giá",
                "likedCount": "0 Lượt cảm ơn"
            },
            "review": {
                "rating": 5,
                "title": "Cực kì hài lòng",
                "content": ""
            }
        },
        {
            "reviewer": {
                "name": "trần quốc  thái",
                "date": "Đã tham gia 12 năm",
                "reviewCount": "22 Đánh giá",
                "likedCount": "0 Lượt cảm ơn"
            },
            "review": {
                "rating": 5,
                "title": "Cực kì hài lòng",
                "content": ""
            }
        },
        {
            "reviewer": {
                "name": "Nguyen Lam Hong Mai",
                "date": "Đã tham gia 8 năm",
                "reviewCount": "33 Đánh giá",
                "likedCount": "0 Lượt cảm ơn"
            },
            "review": {
                "rating": 5,
                "title": "Cực kì hài lòng",
                "content": ""
            }
        },
        {
            "reviewer": {
                "name": "Nguyen Quang Vinh",
                "date": "Đã tham gia 8 năm",
                "reviewCount": "17 Đánh giá",
                "likedCount": "2 Lượt cảm ơn"
            },
            "review": {
                "rating": 5,
                "title": "Cực kì hài lòng",
                "content": ""
            }
        },
        {
            "reviewer": {
                "name": "Phạm Quí Phúc",
                "date": "Đã tham gia 9 năm",
                "reviewCount": "2 Đánh giá",
                "likedCount": "0 Lượt cảm ơn"
            },
            "review": {
                "rating": 5,
                "title": "Cực kì hài lòng",
                "content": ""
            }
        },
        {
            "reviewer": {
                "name": "Võ Thị Bảo Ly",
                "date": "Đã tham gia 13 năm",
                "reviewCount": "7 Đánh giá",
                "likedCount": "0 Lượt cảm ơn"
            },
            "review": {
                "rating": 5,
                "title": "Cực kì hài lòng",
                "content": ""
            }
        },
        {
            "reviewer": {
                "name": "Truong Thi Thuy Nga",
                "date": "Đã tham gia 9 năm",
                "reviewCount": "2 Đánh giá",
                "likedCount": "0 Lượt cảm ơn"
            },
            "review": {
                "rating": 5,
                "title": "Cực kì hài lòng",
                "content": ""
            }
        },
        {
            "reviewer": {
                "name": "Hoàng Hải Yến",
                "date": "Đã tham gia 6 năm",
                "reviewCount": "93 Đánh giá",
                "likedCount": "40 Lượt cảm ơn"
            },
            "review": {
                "rating": 5,
                "title": "Cực kì hài lòng",
                "content": "hài lòng"
            }
        },
        {
            "reviewer": {
                "name": "Đàm Thị Thơm",
                "date": "Đã tham gia 8 năm",
                "reviewCount": "49 Đánh giá",
                "likedCount": "3 Lượt cảm ơn"
            },
            "review": {
                "rating": 5,
                "title": "Cực kì hài lòng",
                "content": ""
            }
        },
        {
            "reviewer": {
                "name": "Hồ Thị Mỹ Phương",
                "date": "Đã tham gia 10 năm",
                "reviewCount": "8 Đánh giá",
                "likedCount": "4 Lượt cảm ơn"
            },
            "review": {
                "rating": 5,
                "title": "Cực kì hài lòng",
                "content": "sách hay, đóng gói cẩn thận, giao hàng nhanh chóng"
            }
        },
        {
            "reviewer": {
                "name": "Anh Trần",
                "date": "Đã tham gia 6 năm",
                "reviewCount": "38 Đánh giá",
                "likedCount": "3 Lượt cảm ơn"
            },
            "review": {
                "rating": 5,
                "title": "Cực kì hài lòng",
                "content": ""
            }
        },
        {
            "reviewer": {
                "name": "Tô Giang",
                "date": "Đã tham gia 8 năm",
                "reviewCount": "13 Đánh giá",
                "likedCount": "0 Lượt cảm ơn"
            },
            "review": {
                "rating": 5,
                "title": "Cực kì hài lòng",
                "content": ""
            }
        },
        {
            "reviewer": {
                "name": "Hoàng Long",
                "date": "Đã tham gia 6 năm",
                "reviewCount": "30 Đánh giá",
                "likedCount": "0 Lượt cảm ơn"
            },
            "review": {
                "rating": 5,
                "title": "Cực kì hài lòng",
                "content": ""
            }
        },
        {
            "reviewer": {
                "name": "Mo Tran",
                "date": "Đã tham gia 9 năm",
                "reviewCount": "18 Đánh giá",
                "likedCount": "3 Lượt cảm ơn"
            },
            "review": {
                "rating": 5,
                "title": "Cực kì hài lòng",
                "content": "Sách rất hay, ý nghĩa, thực tế với các bậc cha mẹ."
            }
        },
        {
            "reviewer": {
                "name": "Dao Huong",
                "date": "Đã tham gia 6 năm",
                "reviewCount": "7 Đánh giá",
                "likedCount": "0 Lượt cảm ơn"
            },
            "review": {
                "rating": 5,
                "title": "Cực kì hài lòng",
                "content": ""
            }
        },
        {
            "reviewer": {
                "name": "Đặng Thành Quyết",
                "date": "Đã tham gia 7 năm",
                "reviewCount": "40 Đánh giá",
                "likedCount": "0 Lượt cảm ơn"
            },
            "review": {
                "rating": 5,
                "title": "Cực kì hài lòng",
                "content": ""
            }
        },
        {
            "reviewer": {
                "name": "Aihpos Do",
                "date": "Đã tham gia 8 năm",
                "reviewCount": "20 Đánh giá",
                "likedCount": "1 Lượt cảm ơn"
            },
            "review": {
                "rating": 5,
                "title": "Cực kì hài lòng",
                "content": ""
            }
        },
        {
            "reviewer": {
                "name": "Huỳnh Thị Ngọc Mai",
                "date": "Đã tham gia 7 năm",
                "reviewCount": "7 Đánh giá",
                "likedCount": "0 Lượt cảm ơn"
            },
            "review": {
                "rating": 5,
                "title": "Cực kì hài lòng",
                "content": ""
            }
        },
        {
            "reviewer": {
                "name": "Khuat thi vui",
                "date": "Đã tham gia 9 năm",
                "reviewCount": "11 Đánh giá",
                "likedCount": "10 Lượt cảm ơn"
            },
            "review": {
                "rating": 5,
                "title": "Cực kì hài lòng",
                "content": ""
            }
        },
        {
            "reviewer": {
                "name": "Nguyen DuyLam",
                "date": "Đã tham gia 10 năm",
                "reviewCount": "1 Đánh giá",
                "likedCount": "0 Lượt cảm ơn"
            },
            "review": {
                "rating": 5,
                "title": "Cực kì hài lòng",
                "content": ""
            }
        },
        {
            "reviewer": {
                "name": "Anh Linh",
                "date": "Đã tham gia 7 năm",
                "reviewCount": "54 Đánh giá",
                "likedCount": "3 Lượt cảm ơn"
            },
            "review": {
                "rating": 5,
                "title": "Cực kì hài lòng",
                "content": ""
            }
        },
        {
            "reviewer": {
                "name": "Phan Tú",
                "date": "Đã tham gia 12 năm",
                "reviewCount": "5 Đánh giá",
                "likedCount": "0 Lượt cảm ơn"
            },
            "review": {
                "rating": 5,
                "title": "Cực kì hài lòng",
                "content": ""
            }
        },
        {
            "reviewer": {
                "name": "Nguyễn Bích Hạnh",
                "date": "Đã tham gia 11 năm",
                "reviewCount": "11 Đánh giá",
                "likedCount": "46 Lượt cảm ơn"
            },
            "review": {
                "rating": 5,
                "title": "Cực kì hài lòng",
                "content": ""
            }
        },
        {
            "reviewer": {
                "name": "Nguyễn Hiên",
                "date": "Đã tham gia 6 năm",
                "reviewCount": "17 Đánh giá",
                "likedCount": "1 Lượt cảm ơn"
            },
            "review": {
                "rating": 5,
                "title": "Cực kì hài lòng",
                "content": ""
            }
        },
        {
            "reviewer": {
                "name": "Thanh Hoàn",
                "date": "Đã tham gia 6 năm",
                "reviewCount": "6 Đánh giá",
                "likedCount": "0 Lượt cảm ơn"
            },
            "review": {
                "rating": 5,
                "title": "Cực kì hài lòng",
                "content": ""
            }
        },
        {
            "reviewer": {
                "name": "Trần Trang",
                "date": "Đã tham gia 12 năm",
                "reviewCount": "4 Đánh giá",
                "likedCount": "13 Lượt cảm ơn"
            },
            "review": {
                "rating": 5,
                "title": "Cực kì hài lòng",
                "content": ""
            }
        },
        {
            "reviewer": {
                "name": "Nguyễn Huyền",
                "date": "Đã tham gia 5 năm",
                "reviewCount": "67 Đánh giá",
                "likedCount": "0 Lượt cảm ơn"
            },
            "review": {
                "rating": 5,
                "title": "Cực kì hài lòng",
                "content": ""
            }
        },
        {
            "reviewer": {
                "name": "Nguyễn Hải Anh",
                "date": "Đã tham gia 7 năm",
                "reviewCount": "15 Đánh giá",
                "likedCount": "2 Lượt cảm ơn"
            },
            "review": {
                "rating": 5,
                "title": "Cực kì hài lòng",
                "content": "Cuốn sách tuyệt vời, giao hàng nhanh"
            }
        },
        {
            "reviewer": {
                "name": "Trần Long",
                "date": "Đã tham gia 14 năm",
                "reviewCount": "1338 Đánh giá",
                "likedCount": "146 Lượt cảm ơn"
            },
            "review": {
                "rating": 5,
                "title": "Cực kì hài lòng",
                "content": ""
            }
        },
        {
            "reviewer": {
                "name": "Phạm Thư",
                "date": "Đã tham gia 13 năm",
                "reviewCount": "167 Đánh giá",
                "likedCount": "55 Lượt cảm ơn"
            },
            "review": {
                "rating": 5,
                "title": "Cực kì hài lòng",
                "content": ""
            }
        },
        {
            "reviewer": {
                "name": "Cẩm Giang",
                "date": "Đã tham gia 5 năm",
                "reviewCount": "46 Đánh giá",
                "likedCount": "2 Lượt cảm ơn"
            },
            "review": {
                "rating": 5,
                "title": "Cực kì hài lòng",
                "content": ""
            }
        },
        {
            "reviewer": {
                "name": "Nguyễn Vân Thu",
                "date": "Đã tham gia 5 năm",
                "reviewCount": "116 Đánh giá",
                "likedCount": "5 Lượt cảm ơn"
            },
            "review": {
                "rating": 5,
                "title": "Cực kì hài lòng",
                "content": ""
            }
        },
        {
            "reviewer": {
                "name": "Đặng Thị Thanh Xuân",
                "date": "Đã tham gia 6 năm",
                "reviewCount": "20 Đánh giá",
                "likedCount": "0 Lượt cảm ơn"
            },
            "review": {
                "rating": 5,
                "title": "Cực kì hài lòng",
                "content": ""
            }
        },
        {
            "reviewer": {
                "name": "Trương Thị Yến",
                "date": "Đã tham gia 8 năm",
                "reviewCount": "38 Đánh giá",
                "likedCount": "18 Lượt cảm ơn"
            },
            "review": {
                "rating": 5,
                "title": "Cực kì hài lòng",
                "content": ""
            }
        },
        {
            "reviewer": {
                "name": "dương thị thanh hà",
                "date": "Đã tham gia 9 năm",
                "reviewCount": "18 Đánh giá",
                "likedCount": "0 Lượt cảm ơn"
            },
            "review": {
                "rating": 5,
                "title": "Cực kì hài lòng",
                "content": ""
            }
        },
        {
            "reviewer": {
                "name": "Phùng Thế Trâm Anh",
                "date": "Đã tham gia 10 năm",
                "reviewCount": "255 Đánh giá",
                "likedCount": "17 Lượt cảm ơn"
            },
            "review": {
                "rating": 5,
                "title": "Cực kì hài lòng",
                "content": ""
            }
        },
        {
            "reviewer": {
                "name": "Phạm Thị Hương",
                "date": "Đã tham gia 5 năm",
                "reviewCount": "34 Đánh giá",
                "likedCount": "0 Lượt cảm ơn"
            },
            "review": {
                "rating": 5,
                "title": "Cực kì hài lòng",
                "content": ""
            }
        },
        {
            "reviewer": {
                "name": "Pham Thi Minh Tam",
                "date": "Đã tham gia 9 năm",
                "reviewCount": "15 Đánh giá",
                "likedCount": "0 Lượt cảm ơn"
            },
            "review": {
                "rating": 5,
                "title": "Cực kì hài lòng",
                "content": ""
            }
        },
        {
            "reviewer": {
                "name": "Cao Anh",
                "date": "Đã tham gia 8 năm",
                "reviewCount": "1354 Đánh giá",
                "likedCount": "29 Lượt cảm ơn"
            },
            "review": {
                "rating": 5,
                "title": "Cực kì hài lòng",
                "content": ""
            }
        },
        {
            "reviewer": {
                "name": "Linh Nguyễn",
                "date": "Đã tham gia 5 năm",
                "reviewCount": "4 Đánh giá",
                "likedCount": "0 Lượt cảm ơn"
            },
            "review": {
                "rating": 5,
                "title": "Cực kì hài lòng",
                "content": ""
            }
        },
        {
            "reviewer": {
                "name": "Hong Tt t",
                "date": "Đã tham gia 5 năm",
                "reviewCount": "17 Đánh giá",
                "likedCount": "2 Lượt cảm ơn"
            },
            "review": {
                "rating": 5,
                "title": "Cực kì hài lòng",
                "content": ""
            }
        },
        {
            "reviewer": {
                "name": "Đỗ Vương Nhi",
                "date": "Đã tham gia 9 năm",
                "reviewCount": "336 Đánh giá",
                "likedCount": "48 Lượt cảm ơn"
            },
            "review": {
                "rating": 5,
                "title": "Cực kì hài lòng",
                "content": ""
            }
        },
        {
            "reviewer": {
                "name": "Củ Cà Rốt",
                "date": "Đã tham gia 6 năm",
                "reviewCount": "23 Đánh giá",
                "likedCount": "1 Lượt cảm ơn"
            },
            "review": {
                "rating": 5,
                "title": "Cực kì hài lòng",
                "content": ""
            }
        },
        {
            "reviewer": {
                "name": "Bùi Trung Thiệu",
                "date": "Đã tham gia 6 năm",
                "reviewCount": "1 Đánh giá",
                "likedCount": "0 Lượt cảm ơn"
            },
            "review": {
                "rating": 5,
                "title": "Cực kì hài lòng",
                "content": ""
            }
        },
        {
            "reviewer": {
                "name": "TRAN THI HUONG TRA",
                "date": "Đã tham gia 9 năm",
                "reviewCount": "19 Đánh giá",
                "likedCount": "2 Lượt cảm ơn"
            },
            "review": {
                "rating": 5,
                "title": "Cực kì hài lòng",
                "content": ""
            }
        },
        {
            "reviewer": {
                "name": "Đinh Thuyết",
                "date": "Đã tham gia 8 năm",
                "reviewCount": "8 Đánh giá",
                "likedCount": "1 Lượt cảm ơn"
            },
            "review": {
                "rating": 5,
                "title": "Cực kì hài lòng",
                "content": ""
            }
        },
        {
            "reviewer": {
                "name": "Hai Au Vuong",
                "date": "Đã tham gia 9 năm",
                "reviewCount": "3 Đánh giá",
                "likedCount": "0 Lượt cảm ơn"
            },
            "review": {
                "rating": 5,
                "title": "Cực kì hài lòng",
                "content": ""
            }
        },
        {
            "reviewer": {
                "name": "Trần Phụng",
                "date": "Đã tham gia 7 năm",
                "reviewCount": "8 Đánh giá",
                "likedCount": "2 Lượt cảm ơn"
            },
            "review": {
                "rating": 5,
                "title": "Cực kì hài lòng",
                "content": ""
            }
        },
        {
            "reviewer": {
                "name": "Thao Pham",
                "date": "Đã tham gia 8 năm",
                "reviewCount": "26 Đánh giá",
                "likedCount": "1 Lượt cảm ơn"
            },
            "review": {
                "rating": 5,
                "title": "Cực kì hài lòng",
                "content": ""
            }
        },
        {
            "reviewer": {
                "name": "Mũi Tẹt",
                "date": "Đã tham gia 8 năm",
                "reviewCount": "17 Đánh giá",
                "likedCount": "2 Lượt cảm ơn"
            },
            "review": {
                "rating": 5,
                "title": "Cực kì hài lòng",
                "content": ""
            }
        },
        {
            "reviewer": {
                "name": "Nguyet Ton Nu Nhu",
                "date": "Đã tham gia 8 năm",
                "reviewCount": "14 Đánh giá",
                "likedCount": "0 Lượt cảm ơn"
            },
            "review": {
                "rating": 5,
                "title": "Cực kì hài lòng",
                "content": ""
            }
        },
        {
            "reviewer": {
                "name": "Nguyễn Thị Ngọc Lan",
                "date": "Đã tham gia 7 năm",
                "reviewCount": "19 Đánh giá",
                "likedCount": "1 Lượt cảm ơn"
            },
            "review": {
                "rating": 5,
                "title": "Cực kì hài lòng",
                "content": ""
            }
        },
        {
            "reviewer": {
                "name": "Nguyễn Thị Giang",
                "date": "Đã tham gia 6 năm",
                "reviewCount": "5 Đánh giá",
                "likedCount": "1 Lượt cảm ơn"
            },
            "review": {
                "rating": 5,
                "title": "Cực kì hài lòng",
                "content": ""
            }
        },
        {
            "reviewer": {
                "name": "Hồng Xuyến",
                "date": "Đã tham gia 8 năm",
                "reviewCount": "24 Đánh giá",
                "likedCount": "0 Lượt cảm ơn"
            },
            "review": {
                "rating": 5,
                "title": "Cực kì hài lòng",
                "content": ""
            }
        },
        {
            "reviewer": {
                "name": "Huong Ngo",
                "date": "Đã tham gia 4 năm",
                "reviewCount": "20 Đánh giá",
                "likedCount": "2 Lượt cảm ơn"
            },
            "review": {
                "rating": 4,
                "title": "Hài lòng",
                "content": "Nội dung hơi khô khan, nhưng kết luận thì cũng được ! Cũng đáng để tham khảo !"
            }
        },
        {
            "reviewer": {
                "name": "Nguyen Huu Thang",
                "date": "Đã tham gia 6 năm",
                "reviewCount": "6 Đánh giá",
                "likedCount": "5 Lượt cảm ơn"
            },
            "review": {
                "rating": 1,
                "title": "Sách giao bị rách",
                "content": "Sách mới đọc được vài trang đầu, cảm nhận tốt. Mặc dù vậy thì vẫn không được vui khi quyển sách đã bị rách mất bìa"
            }
        },
        {
            "reviewer": {
                "name": "Thu Thủy",
                "date": "Đã tham gia 5 năm",
                "reviewCount": "6 Đánh giá",
                "likedCount": "6 Lượt cảm ơn"
            },
            "review": {
                "rating": 4,
                "title": "Hài lòng",
                "content": "Mình mua đồ của tiki lâu rồi, nhưng phong cách của tiki là thi thoảng mới gói sách, để sách trong hộp xóc qua xóc lại vậy, nên sách hay bị quăn ở mép. Mong tiki khắc phục, chỉ cần bọc qua lớp báo ở ngoài là ok mà"
            }
        },
        {
            "reviewer": {
                "name": "Phạm Tăng Linh",
                "date": "Đã tham gia 8 năm",
                "reviewCount": "14 Đánh giá",
                "likedCount": "0 Lượt cảm ơn"
            },
            "review": {
                "rating": 3,
                "title": "Bình thường",
                "content": "Đóng gói quá sơ Sài."
            }
        },
        {
            "reviewer": {
                "name": "Tuấn La",
                "date": "Đã tham gia 6 năm",
                "reviewCount": "9 Đánh giá",
                "likedCount": "11 Lượt cảm ơn"
            },
            "review": {
                "rating": 3,
                "title": "Bình thường",
                "content": "Vì sao sách bẩn và nhìn như sách cũ vậy nhỉ?"
            }
        },
        {
            "reviewer": {
                "name": "Nguyễn Thị  Quỳnh Trang",
                "date": "Đã tham gia 6 năm",
                "reviewCount": "12 Đánh giá",
                "likedCount": "1 Lượt cảm ơn"
            },
            "review": {
                "rating": 4,
                "title": "Hài lòng",
                "content": ""
            }
        },
        {
            "reviewer": {
                "name": "Nguyen Tung",
                "date": "Đã tham gia 9 năm",
                "reviewCount": "27 Đánh giá",
                "likedCount": "0 Lượt cảm ơn"
            },
            "review": {
                "rating": 4,
                "title": "Hài lòng",
                "content": "Nhiều thông tin hữu ích cho cuộc sống gia đình"
            }
        },
        {
            "reviewer": {
                "name": "Bùi Vũ Duy",
                "date": "Đã tham gia 9 năm",
                "reviewCount": "115 Đánh giá",
                "likedCount": "4 Lượt cảm ơn"
            },
            "review": {
                "rating": 2,
                "title": "Không hài lòng",
                "content": "Số đen lại được nhận quyển bìa bị gấp như sách cũ... \nNhưng không sao vì cũng bị lần thứ 3 rồi:))"
            }
        },
        {
            "reviewer": {
                "name": "Hong Thu",
                "date": "Đã tham gia 9 năm",
                "reviewCount": "10 Đánh giá",
                "likedCount": "9 Lượt cảm ơn"
            },
            "review": {
                "rating": 4,
                "title": "Hài lòng",
                "content": "đọc tiếng Anh sẽ hiểu được nhiều hơn, sách dịch nên nhiều khi ko truyền tải hết đc ý của tác giả"
            }
        },
        {
            "reviewer": {
                "name": "Thắng nguyễn",
                "date": "Đã tham gia 5 năm",
                "reviewCount": "4 Đánh giá",
                "likedCount": "0 Lượt cảm ơn"
            },
            "review": {
                "rating": 4,
                "title": "Hài lòng",
                "content": "sách ko bộc giấy bóng như ở hiệu sách, đóng gói mỗi vỏ hộp tiki, nền sách màu ám vàng dịu mắt."
            }
        },
        {
            "reviewer": {
                "name": "Nguyễn Thị Thuỳ",
                "date": "Đã tham gia 6 năm",
                "reviewCount": "77 Đánh giá",
                "likedCount": "0 Lượt cảm ơn"
            },
            "review": {
                "rating": 4,
                "title": "Hài lòng",
                "content": ""
            }
        },
        {
            "reviewer": {
                "name": "Tran Xuân Minh Thu",
                "date": "Đã tham gia 7 năm",
                "reviewCount": "28 Đánh giá",
                "likedCount": "1 Lượt cảm ơn"
            },
            "review": {
                "rating": 2,
                "title": "Không hài lòng",
                "content": "sách gập góc. k có bọc ngoài . sách này như đã đọc rồi!"
            }
        },
        {
            "reviewer": {
                "name": "Bùi Thị Kim Duyên",
                "date": "Đã tham gia 6 năm",
                "reviewCount": "12 Đánh giá",
                "likedCount": "0 Lượt cảm ơn"
            },
            "review": {
                "rating": 4,
                "title": "Hài lòng",
                "content": "giao hàng nhanh. giấy đẹp. sách ok"
            }
        },
        {
            "reviewer": {
                "name": "Ngo Ngan",
                "date": "Đã tham gia 12 năm",
                "reviewCount": "13 Đánh giá",
                "likedCount": "5 Lượt cảm ơn"
            },
            "review": {
                "rating": 4,
                "title": "Hài lòng",
                "content": "sách viết hơi dài dòng, tuy nhiên tóm lại các ý thì cũng hữu ích"
            }
        },
        {
            "reviewer": {
                "name": "Lê Thuỳ Linh",
                "date": "Đã tham gia 5 năm",
                "reviewCount": "15 Đánh giá",
                "likedCount": "0 Lượt cảm ơn"
            },
            "review": {
                "rating": 4,
                "title": "Hài lòng",
                "content": "Sách hay"
            }
        },
        {
            "reviewer": {
                "name": "vương thị hồng",
                "date": "Đã tham gia 5 năm",
                "reviewCount": "2 Đánh giá",
                "likedCount": "0 Lượt cảm ơn"
            },
            "review": {
                "rating": 4,
                "title": "Hài lòng",
                "content": "Là một cuốn sách mọi người nếu muốn giáo dục con."
            }
        },
        {
            "reviewer": {
                "name": "Nguyen thu Ha",
                "date": "Đã tham gia 6 năm",
                "reviewCount": "9 Đánh giá",
                "likedCount": "2 Lượt cảm ơn"
            },
            "review": {
                "rating": 4,
                "title": "Hài lòng",
                "content": ""
            }
        },
        {
            "reviewer": {
                "name": "Nguyễn Sang Thanh",
                "date": "Đã tham gia 10 năm",
                "reviewCount": "10 Đánh giá",
                "likedCount": "2 Lượt cảm ơn"
            },
            "review": {
                "rating": 4,
                "title": "Hài lòng",
                "content": "Sách chia sẻ 1 góc nhìn mới về cách dạy con."
            }
        },
        {
            "reviewer": {
                "name": "Hoanganh Thuy",
                "date": "Đã tham gia 8 năm",
                "reviewCount": "2 Đánh giá",
                "likedCount": "0 Lượt cảm ơn"
            },
            "review": {
                "rating": 3,
                "title": "Bình thường",
                "content": ""
            }
        },
        {
            "reviewer": {
                "name": "Tran Thao Trang",
                "date": "Đã tham gia 6 năm",
                "reviewCount": "7 Đánh giá",
                "likedCount": "0 Lượt cảm ơn"
            },
            "review": {
                "rating": 3,
                "title": "Bình thường",
                "content": ""
            }
        },
        {
            "reviewer": {
                "name": "Lê Linh",
                "date": "Đã tham gia 5 năm",
                "reviewCount": "22 Đánh giá",
                "likedCount": "0 Lượt cảm ơn"
            },
            "review": {
                "rating": 4,
                "title": "Hài lòng",
                "content": "tôi hài lòng, tôi hài lòng, tôi hài lòng"
            }
        },
        {
            "reviewer": {
                "name": "Diem Nga",
                "date": "Đã tham gia 8 năm",
                "reviewCount": "5 Đánh giá",
                "likedCount": "0 Lượt cảm ơn"
            },
            "review": {
                "rating": 4,
                "title": "Hài lòng",
                "content": ""
            }
        },
        {
            "reviewer": {
                "name": "Nguyễn Thu Ngàn",
                "date": "Đã tham gia 6 năm",
                "reviewCount": "12 Đánh giá",
                "likedCount": "0 Lượt cảm ơn"
            },
            "review": {
                "rating": 3,
                "title": "Bình thường",
                "content": ""
            }
        },
        {
            "reviewer": {
                "name": "Hoàng Hiền",
                "date": "Đã tham gia 6 năm",
                "reviewCount": "3 Đánh giá",
                "likedCount": "0 Lượt cảm ơn"
            },
            "review": {
                "rating": 3,
                "title": "Bình thường",
                "content": "Ko dc Bọc nilon cẩn thận sách"
            }
        },
        {
            "reviewer": {
                "name": "Nguyễn Ngọc Tuệ",
                "date": "Đã tham gia 9 năm",
                "reviewCount": "42 Đánh giá",
                "likedCount": "3 Lượt cảm ơn"
            },
            "review": {
                "rating": 3,
                "title": "Bình thường",
                "content": ""
            }
        },
        {
            "reviewer": {
                "name": "Hoàng Thị Thu Chang",
                "date": "Đã tham gia 5 năm",
                "reviewCount": "3 Đánh giá",
                "likedCount": "0 Lượt cảm ơn"
            },
            "review": {
                "rating": 4,
                "title": "Hài lòng",
                "content": ""
            }
        },
        {
            "reviewer": {
                "name": "Lê Đình Úy",
                "date": "Đã tham gia 5 năm",
                "reviewCount": "9 Đánh giá",
                "likedCount": "0 Lượt cảm ơn"
            },
            "review": {
                "rating": 3,
                "title": "Bình thường",
                "content": ""
            }
        },
        {
            "reviewer": {
                "name": "Luong Thi Hai Yen",
                "date": "Đã tham gia 9 năm",
                "reviewCount": "21 Đánh giá",
                "likedCount": "0 Lượt cảm ơn"
            },
            "review": {
                "rating": 4,
                "title": "Hài lòng",
                "content": ""
            }
        },
        {
            "reviewer": {
                "name": "Huong Nguyen",
                "date": "Đã tham gia 5 năm",
                "reviewCount": "39 Đánh giá",
                "likedCount": "8 Lượt cảm ơn"
            },
            "review": {
                "rating": 4,
                "title": "Hài lòng",
                "content": ""
            }
        },
        {
            "reviewer": {
                "name": "Nguyễn thị xuyến",
                "date": "Đã tham gia 5 năm",
                "reviewCount": "5 Đánh giá",
                "likedCount": "1 Lượt cảm ơn"
            },
            "review": {
                "rating": 2,
                "title": "Không hài lòng",
                "content": ""
            }
        }
    ]
}