{
    "url": "https://tiki.vn/trong-mot-nguoi-cha-giao-len-nguoi-me-do-day-hanh-phuc-vao-nhung-dua-tre-p275503303.html?spid=275503305",
    "info": {
        "title": "Trồng Một Người Cha Giao Lên Người Mẹ & đổ đầy hạnh phúc vào những đứa trẻ",
        "author": "Hoàng Anh Tú",
        "imageUrl": "https://salt.tikicdn.com/cache/750x750/ts/product/64/e1/cb/2efda66cb077b8c70459113266c1695d.png.webp",
        "soldQuantity": 66,
        "currentPrice": 55100,
        "originalPrice": 78000
    },
    "details": {
        "Bookcare": "Có",
        "publisher": "Nhà xuất bản Phụ Nữ Việt Nam",
        "dimensions": "20 x 13 cm",
        "coverType": "Bìa mềm",
        "pageCount": "216",
        "publishingHouse": "Nhà Xuất Bản Phụ Nữ Việt Nam"
    },
    "description": "[Hôn nhân của cha mẹ dạy con cái điều gì?]TRỒNG MỘT NGƯỜI CHAGIEO LÊN NGƯỜI MẸ& Đổ đầy Hạnh phúc vào những đứa trẻ\nHôn nhân và Nuôi dạy con cái có mối liên quan trực tiếp và tác động qua lại với nhau vô cùng mạnh. Một cuộc Hôn nhân Hạnh Phúc sẽ tạo ra những đứa trẻ Hạnh Phúc. Và ngược lại, chính những đứa trẻ là chất keo gắn kết và nuôi dưỡng Hôn nhân bền vững hơn. Ngay cả khi cuộc Hôn nhân đó không còn lành lặn, nếu người cha, người mẹ vẫn yêu thương con cái, mong muốn điều tốt đẹp nhất cho con thì Ly dị không phải là bi kịch với lũ trẻ.Cuốn sách là một liệu pháp tinh thần để giúp người phụ nữ nào cũng là Mẹ Hạnh Phúc, đàn ông nào cũng là Bố Hạnh Phúc, trẻ con nào cũng là Con Hạnh Phúc, Hôn nhân nào cũng là Hôn nhân Hạnh Phúc, kể cả Ly dị, làm mẹ đơn thân, cha đơn thân thì Ly dị cũng phải Hạnh Phúc, mẹ đơn thân cũng Hạnh Phúc, cha đơn thân cũng Hạnh Phúc.Hãy lật từng trang sách để Hạnh Phúc hơn chính mình ngày hôm qua!\nNhà xuất bản Phụ nữ Việt Nam xin trân trọng giới thiệu\n\nGiá sản phẩm trên Tiki đã bao gồm thuế theo luật hiện hành. Bên cạnh đó, tuỳ vào loại sản phẩm, hình thức và địa chỉ giao hàng mà có thể phát sinh thêm chi phí khác như phí vận chuyển, phụ phí hàng cồng kềnh, thuế nhập khẩu (đối với đơn hàng giao từ nước ngoài có giá trị trên 1 triệu đồng).....",
    "rating": {
        "totalRating": 5.0,
        "numberOfRating": 1
    },
    "reviews": [
        {
            "reviewer": {
                "name": "Luong Pham",
                "date": "Đã tham gia 6 năm",
                "reviewCount": "2 Đánh giá",
                "likedCount": "0 Lượt cảm ơn"
            },
            "review": {
                "rating": 5,
                "title": "Cực kì hài lòng",
                "content": "Quá hay các bác ạ, anh Chánh Văn viết gần gũi quá, mình gạch đỏ cả sách rồi, phải mua thêm 5 cuốn để tặng bạn bè."
            }
        }
    ]
}