{
    "url": "https://tiki.vn/an-dam-kieu-nhat-tai-ban-p139979522.html?spid=139979523",
    "info": {
        "title": "Ăn Dặm Kiểu Nhật (Tái Bản)",
        "author": "Tsutsumi Chiharu",
        "imageUrl": "https://salt.tikicdn.com/cache/750x750/ts/product/1b/fa/e5/bef82f4d139dbea5102fe70a24bdb0d0.jpg.webp",
        "soldQuantity": 1000,
        "currentPrice": 133000,
        "originalPrice": 189000
    },
    "details": {
        "bookVersion": "Phiên bản thường",
        "publisher": "Thái Hà",
        "publishDate": "2021-11-11 00:00:00",
        "dimensions": "21 x 23.5 cm",
        "translator": "Nguyễn Thị Hoa",
        "coverType": "Bìa mềm",
        "pageCount": "176",
        "publishingHouse": "Nhà Xuất Bản Lao Động"
    },
    "description": "Bạn đã làm cha mẹ. Và bạn có lúng túng với bước đầu cho bé yêu ăn dặm?\nGiai đoạn ăn dặm có vai trò là giai đoạn chuẩn bị để trẻ chuyển từ bú mẹ, uống sữa ngoài sang “nhai nát và nuốt”. Điều quan trọng của giai đoạn này không chỉ là cho trẻ ăn và theo dõi đảm bảo sự phát triển của trẻ mà còn phải theo dõi chức năng ăn và lôi kéo hợp lý sự ham thích ăn của trẻ, làm cho trẻ tự lập. Để làm được những việc đó, thống nhất quan điểm là rất quan trọng, phải thống nhất về việc lựa chọn thực phẩm, lượng ăn, cách ăn, những người lớn xung quanh giúp đỡ như thế nào. Tuy nhiên việc ăn dặm là việc hàng ngày. Bạn có đang băn khoăn trăn trở nên cho trẻ ăn gì, ăn bao nhiêu, ăn như thế nào không. Trong giai đoạn lần đầu tiên bé tiếp xúc với thức ăn, nếu mọi người xung quanh bé quá nhạy cảm, lo lắng về bữa ăn dặm của trẻ, lo lắng đó sẽ truyền sang bé và thường làm mất đi không khí của bữa ăn vốn dĩ là vui vẻ.\nChính vì thế, đúng như tiêu đề của cuốn sách, tôi giới thiệu những công thức nấu ăn đơn giản mà ai cũng có thể làm được trong thời gian ngắn bởi nó “đơn giản”, “dễ làm” và những công thức nấu ăn phong phú sáng tạo ví dụ như chia từ thức ăn của người lớn, thực đơn sử dụng baby food … Ngoài ra còn nói rất cẩn thận về những thực phẩm cần phải cân nhắc khi trẻ bị ốm, dị ứng thực phẩm. Hơn nữa, cuốn sách cũng có cả những công thức nấu ăn khi bị dị ứng để bữa ăn dặm không trở nên nhàm chán.\nNgoài ra, chắc hẳn theo từng lứa tuổi, các bạn cũng nhiều điều nghi hoặc như “con tôi tỏ ra thích không thích nhiều thứ, liệu có vấn đề gì không”, “nên cân bằng sữa mẹ và ăn dặm như thế nào”??? Cuốn sách này cũng đã chuẩn bị những câu trả lời dễ hiểu cho những câu hỏi như vậy ở phần Q&A. Nếu đọc phần đó bạn sẽ dễ dàng hiểu được từ bây giờ nên làm cái gì, như thế nào và bạn có thể đối diện với trẻ bằng sự rộng lượng bao dung của mình.\nHãy tiếp xúc với trẻ bằng tấm lòng bao dung, rộng mở và chia sẻ cùng trẻ bữa ăn dặm vui vẻ. Mong rằng cuốn sách này sẽ trở thành cẩm nang giúp bạn chia sẻ thời gian ăn dặm vui vẻ cùng với trẻ.\n\"Cân bằng dinh dưỡng\nKhi trẻ đã ăn được nhiều món, vấn đề cân bằng dinh dưỡng trở nên quan trọng. Chúng ta cần chú ý đến một thực đơn thúc đẩy sự tăng trưởng của trẻ.\nCân bằng dinh dưỡng tốt liên quan đến việc tạo thói quen ăn uống khoa học cho trẻ.\nĐồ ăn dặm giúp trẻ bổ sung năng lượng và dinh dưỡng mà sữa mẹ và sữa ngoài chưa đủ. Lúc đầu chúng ta cho trẻ ăn dặm song song với việc bú sữa mẹ và uống sữa ngoài, nhưng từ giai đoạn ăn dặm nếu chúng ta suy nghĩ cho trẻ một thực đơn cân bằng dinh dưỡng tốt sẽ thúc đẩy sự tăng trưởng của trẻ đồng thời có thể giáo dục ăn uống cho trẻ.\nDù vậy, việc chuẩn bị bữa ăn là công việc hàng ngày nên bạn đừng để mình bị áp lực quá. Nếu bạn cảm thấy “việc duy trì hàng ngày thật khó” bạn có thể điều chỉnh trong 1 ngày hoặc 2~3 ngày cũng không sao.\nTừ khi trẻ được 9 tháng tuổi cần chú ý đến thực đơn\nỞ giai đoạn nuốt chửng và giai đoạn nhai nhồm nhoàm trẻ bị hạn chế bởi những thực phẩm và lượng có thể ăn nên bạn hãy coi trọng việc cho trẻ làm quen với đồ ăn hơn là vấn đề năng lượng và dinh dưỡng. Điều quan trọng là bạn cho trẻ ăn đồ ăn phù hợp với sự phát triển của trẻ, hoặc khi cho trẻ ăn loại thức ăn mới phải quan sát phản ứng của trẻ rồi mới tiếp tục.Khi trẻ được khoảng 9 tháng tuổi đã ăn 3 bữa 1 ngày chúng ta cần suy nghĩ đến thực đơn cân bằng dinh dưỡng tốt cho trẻ. Bởi lúc này bữa ăn cung cấp nguồn năng lượng và dinh dưỡng chính cho trẻ là chính chứ không phải sữa mẹ và sữa ngoài. Chúng ta cần chú ý cho trẻ có bữa cơm nhiều màu sắc với thực đơn cơ bản bao gồm “Thực phẩm chính (chất đường bột)” + “Thức ăn chính (Chất đạm)” + Thức ăn phụ (vitamin và khoáng chất)” + “Canh, Súp”.\nTôi muốn các bạn chú ý đưa các nguyên liệu giàu sắt vào thực đơn ví dụ như gan hay tảo nâu. Vì đến giai đoạn này thành phần sắt mà trẻ đã nhận được từ mẹ trong thời kỳ mang thai bắt đầu giảm dần.\nBạn có thể tập trung chủ yếu vào thực đơn theo kiểu Nhật có sử dụng nhiều loại nguyên liệu với ít dầu mỡ là rất tốt.\nĐiểm chú ý khi lên thực đơn\nĐiều cơ bản là cho trẻ ăn nhạt hạn chế lượng muối. Chế biết giữ được hương vị của nguyên liệu.Đối với trẻ các cơ quan nội tạng chưa phát triển hoàn thiện nên cần hạn chế lượng muối. Trong thời kỳ nuốt chửng vị của chính các nguyên liệu là đủ đối với trẻ. Ở giai đoạn nhai nhồm nhoàm chúng ta sẽ tạo thêm hương vị. Từ giai đoạn nhai tóp tép về sau chúng ta cũng nên nấu cho trẻ ăn nhạt cố gắng phát huy được hương vị của nguyên liệu.Từ 9 tháng tuổi trở ra chúng ta phải chú ý đến cân bằng dinh dưỡng khi nấu ăn cho trẻTừ 9 tháng tuổi sau sinh trở ra trẻ sẽ ăn 1 ngày 3 bữa, trẻ chủ yếu lấy năng lượng và dinh dưỡng thông qua bữa cơm. Để có bữa ăn cân bằng dinh dưỡng cho trẻ chúng ta cần chú ý đảm bảo bữa ăn có thực phẩm chính như cháo, thức ăn chính như thịt cá, thức ăn phụ như rau xanh và bổ sung thành phần dinh dưỡng còn thiếu bằng canh, súp.\nBạn cần suy nghĩ một thực đơn với nhiều màu sắc\nNếu bạn sử dụng nhiều loại nguyên liệu với nhiều màu sắc như màu đỏ (cà chua, cà rốt), màu xanh (cải bó xôi, súp lơ xanh), màu vàng (lòng đỏ trứng, bí ngô), màu trắng (đậu, cá trắng nhỏ)…sẽ có được bữa ăn cân bằng dinh dưỡng. Nếu biết cách sử dụng tốt các loại rau theo mùa bạn sẽ có được bữa ăn hấp dẫn cho trẻ.\nKhuyến khích thực đơn kiểu Nhật sử dụng ít dầu mỡ\nNếu sử dụng nước dùng dashi nấu từ tảo bẹ và cá thu bào bạn vẫn nấu được vị ngọt mà không cần cho muối. Hơn nữa, nếu là một thực đơn theo kiểu Nhật bạn có thể hạn chế lượng dầu mỡ, như vậy là một mũi tên trúng hai đích. Chúng ta hãy cùng suy nghĩ một thực đơn sử dụng chính là nước luộc rau….”\n------------------------------------------------------------\nCông ty Cổ phần Sách Thái Hà trân trọng giới thiệu!\nGiá sản phẩm trên Tiki đã bao gồm thuế theo luật hiện hành. Bên cạnh đó, tuỳ vào loại sản phẩm, hình thức và địa chỉ giao hàng mà có thể phát sinh thêm chi phí khác như phí vận chuyển, phụ phí hàng cồng kềnh, thuế nhập khẩu (đối với đơn hàng giao từ nước ngoài có giá trị trên 1 triệu đồng).....",
    "rating": {
        "totalRating": 4.9,
        "numberOfRating": 177
    },
    "reviews": [
        {
            "reviewer": {
                "name": "Thảo Nguyễn",
                "date": "Đã tham gia 7 năm",
                "reviewCount": "33 Đánh giá",
                "likedCount": "23 Lượt cảm ơn"
            },
            "review": {
                "rating": 5,
                "title": "Cực kì hài lòng",
                "content": "Đóng gói: đủ hàng, tuy nhiên cứ lần nào quyển sách mình mang tặng thì lại ko đc bọc, những quyển khác mk ko cần thì lại bọc và dán băng dính rất kỹ @@ \r\nChất lượng: giấy đẹp, hình ảnh, chữ đều đẹp, ko có lỗi\r\nNội dung: sách mình mang tặng bạn ấy, nên chỉ lướt qua thôi, thấy rất cụ thể, chi tiết, ngoài các món ăn dặm cho bé còn có hướng dẫn lợi ích cụ thể, phương pháp giúp các mẹ cho bé ăn dặm đủ chất dinh dưỡng, các loại thực phẩm phù hợp với độ tuổi của bé."
            }
        },
        {
            "reviewer": {
                "name": "Hoàng Thị Thu Hường",
                "date": "Đã tham gia 11 năm",
                "reviewCount": "7 Đánh giá",
                "likedCount": "0 Lượt cảm ơn"
            },
            "review": {
                "rating": 5,
                "title": "Cực kì hài lòng",
                "content": "-Sách màu sắc bắt mắt, chất lượng in rất đẹp, trình bày nội dung rõ ràng kèm thực đơn gợi ý ăn dặm. Mình rất thích. \r\n-giao hàng cực nhanh HCM 2h là nhận dc.\r\n-Có 1 số trang trình bày chữ bị nhỏ, đọc hơi ngán. \r\n-sách trên tiki rẻ hơn nhà sách, yên tâm sách gốc. Nên mua nhé"
            }
        },
        {
            "reviewer": {
                "name": "Pham Ngoc Anh",
                "date": "Đã tham gia 4 năm",
                "reviewCount": "12 Đánh giá",
                "likedCount": "0 Lượt cảm ơn"
            },
            "review": {
                "rating": 5,
                "title": "Cực kì hài lòng",
                "content": "Sách màu đẹp... Còn có công thức món ăn cho bé nữa ...ok lắm nha"
            }
        },
        {
            "reviewer": {
                "name": "Phạm Oanh",
                "date": "Đã tham gia 8 năm",
                "reviewCount": "4 Đánh giá",
                "likedCount": "3 Lượt cảm ơn"
            },
            "review": {
                "rating": 5,
                "title": "Cực kì hài lòng",
                "content": "Giao hàng nhanh, sách đẹp, giá ổn"
            }
        },
        {
            "reviewer": {
                "name": "Phạm Phú Bảo Châu",
                "date": "Đã tham gia 8 năm",
                "reviewCount": "9 Đánh giá",
                "likedCount": "4 Lượt cảm ơn"
            },
            "review": {
                "rating": 5,
                "title": "Cực kì hài lòng",
                "content": "sách rất đầy đủ, chi tiết: từ cách làm từng món, bao nhiêu tháng ăn dc món gì, thực đơn gợi ý, trả lời câu hỏi thắc mắc trong quá trình ăn dặm và cách xử lý khi bé bị táo bón, kiết... Rất hữu dụng cho những mẹ chuẩn bị ăn dặm cho bé lần đầu tiên."
            }
        },
        {
            "reviewer": {
                "name": "Bùi Giang",
                "date": "Đã tham gia 6 năm",
                "reviewCount": "14 Đánh giá",
                "likedCount": "2 Lượt cảm ơn"
            },
            "review": {
                "rating": 5,
                "title": "Cực kì hài lòng",
                "content": "Sách rất đẹp. Tiki giao hàng có miếng giấy đệm phía trong hộp. Thành ra sách không bị trầy xước. Thanks!"
            }
        },
        {
            "reviewer": {
                "name": "Hoang Hoai",
                "date": "Đã tham gia 6 năm",
                "reviewCount": "3 Đánh giá",
                "likedCount": "0 Lượt cảm ơn"
            },
            "review": {
                "rating": 5,
                "title": "Cực kì hài lòng",
                "content": ""
            }
        },
        {
            "reviewer": {
                "name": "Kim Ngân",
                "date": "Đã tham gia 4 năm",
                "reviewCount": "37 Đánh giá",
                "likedCount": "2 Lượt cảm ơn"
            },
            "review": {
                "rating": 5,
                "title": "Cực kì hài lòng",
                "content": "Sách chi tiết, hình ảnh đẹp nhưng shop giao hàng chậm."
            }
        },
        {
            "reviewer": {
                "name": "Nguyễn Quỳnh Anh",
                "date": "Đã tham gia 3 năm",
                "reviewCount": "8 Đánh giá",
                "likedCount": "0 Lượt cảm ơn"
            },
            "review": {
                "rating": 5,
                "title": "Cực kì hài lòng",
                "content": "Thực đơn rõ ràng, sách in màu hấp dẫn"
            }
        },
        {
            "reviewer": {
                "name": "Thanh Thảo",
                "date": "Đã tham gia 6 năm",
                "reviewCount": "40 Đánh giá",
                "likedCount": "2 Lượt cảm ơn"
            },
            "review": {
                "rating": 5,
                "title": "Cực kì hài lòng",
                "content": "Sách hay, bố cục rõ ràng, nhiều sáng tạo, tiki giao nhanh, sách rẻ, ủng hộ shop lần sau"
            }
        },
        {
            "reviewer": {
                "name": "Thị Nhiên",
                "date": "Đã tham gia 6 năm",
                "reviewCount": "17 Đánh giá",
                "likedCount": "0 Lượt cảm ơn"
            },
            "review": {
                "rating": 5,
                "title": "Cực kì hài lòng",
                "content": "Sách đẹp, tiki trading giao hàng nhanh, có sách gì hay mọi người giới thiệu mình đọc với."
            }
        },
        {
            "reviewer": {
                "name": "Nguyễn Thảo",
                "date": "Đã tham gia 7 năm",
                "reviewCount": "9 Đánh giá",
                "likedCount": "2 Lượt cảm ơn"
            },
            "review": {
                "rating": 5,
                "title": "Cực kì hài lòng",
                "content": "Trình bài đẹp, bắt mắt"
            }
        },
        {
            "reviewer": {
                "name": "Lê Thiên Lý",
                "date": "Đã tham gia 14 năm",
                "reviewCount": "23 Đánh giá",
                "likedCount": "4 Lượt cảm ơn"
            },
            "review": {
                "rating": 5,
                "title": "Cực kì hài lòng",
                "content": "Săn sale giá rẻ hơn so với các trang khác. Sách giao nguyên vẹn. Giao hàng nhanh mà freeship nữa"
            }
        },
        {
            "reviewer": {
                "name": "Nguyễn Thị Bích Ngọc",
                "date": "Đã tham gia 5 năm",
                "reviewCount": "2 Đánh giá",
                "likedCount": "0 Lượt cảm ơn"
            },
            "review": {
                "rating": 5,
                "title": "Cực kì hài lòng",
                "content": "Sách màu sắc rõ nét, nội dung chi tiết mình thấy rất hợp lý"
            }
        },
        {
            "reviewer": {
                "name": "Đinh Thị Kim Tuyền",
                "date": "Đã tham gia 6 năm",
                "reviewCount": "10 Đánh giá",
                "likedCount": "0 Lượt cảm ơn"
            },
            "review": {
                "rating": 5,
                "title": "Cực kì hài lòng",
                "content": "Giao hàng nhanh, sách đẹp"
            }
        },
        {
            "reviewer": {
                "name": "Bunny mommy",
                "date": "Đã tham gia 1 năm",
                "reviewCount": "17 Đánh giá",
                "likedCount": "0 Lượt cảm ơn"
            },
            "review": {
                "rating": 5,
                "title": "Cực kì hài lòng",
                "content": ""
            }
        },
        {
            "reviewer": {
                "name": "Tu Tu",
                "date": "Đã tham gia 5 năm",
                "reviewCount": "16 Đánh giá",
                "likedCount": "0 Lượt cảm ơn"
            },
            "review": {
                "rating": 5,
                "title": "Cực kì hài lòng",
                "content": "Sách hay, có menu chi tiết"
            }
        },
        {
            "reviewer": {
                "name": "Trinh Trần",
                "date": "Đã tham gia 10 năm",
                "reviewCount": "17 Đánh giá",
                "likedCount": "2 Lượt cảm ơn"
            },
            "review": {
                "rating": 5,
                "title": "Cực kì hài lòng",
                "content": ""
            }
        },
        {
            "reviewer": {
                "name": "Mạch Lam Ngọc",
                "date": "Đã tham gia 6 năm",
                "reviewCount": "3 Đánh giá",
                "likedCount": "0 Lượt cảm ơn"
            },
            "review": {
                "rating": 5,
                "title": "Cực kì hài lòng",
                "content": "Chưa đọc thấy review ok nên mua"
            }
        },
        {
            "reviewer": {
                "name": "Bùi Thị Thanh",
                "date": "Đã tham gia 5 năm",
                "reviewCount": "31 Đánh giá",
                "likedCount": "4 Lượt cảm ơn"
            },
            "review": {
                "rating": 5,
                "title": "Cực kì hài lòng",
                "content": "Tiki giao hàng nhanh, sách đẹp như hình, rất hài lòng"
            }
        },
        {
            "reviewer": {
                "name": "TRAN NGOC ANH",
                "date": "Đã tham gia 4 năm",
                "reviewCount": "36 Đánh giá",
                "likedCount": "1 Lượt cảm ơn"
            },
            "review": {
                "rating": 5,
                "title": "Cực kì hài lòng",
                "content": ""
            }
        },
        {
            "reviewer": {
                "name": "Hồng Ân",
                "date": "Đã tham gia 6 năm",
                "reviewCount": "3 Đánh giá",
                "likedCount": "0 Lượt cảm ơn"
            },
            "review": {
                "rating": 5,
                "title": "Cực kì hài lòng",
                "content": "Sách rất hữu ích, hướng dẫn chi tiết về cân đối dd và cách chế biến"
            }
        },
        {
            "reviewer": {
                "name": "Siêu Bự",
                "date": "Đã tham gia 11 năm",
                "reviewCount": "8 Đánh giá",
                "likedCount": "0 Lượt cảm ơn"
            },
            "review": {
                "rating": 5,
                "title": "Cực kì hài lòng",
                "content": "Ok"
            }
        },
        {
            "reviewer": {
                "name": "Phạm Ngọc Anh",
                "date": "Đã tham gia 6 năm",
                "reviewCount": "19 Đánh giá",
                "likedCount": "0 Lượt cảm ơn"
            },
            "review": {
                "rating": 5,
                "title": "Cực kì hài lòng",
                "content": ""
            }
        },
        {
            "reviewer": {
                "name": "Thien Phuc",
                "date": "Đã tham gia 1 năm",
                "reviewCount": "1 Đánh giá",
                "likedCount": "0 Lượt cảm ơn"
            },
            "review": {
                "rating": 5,
                "title": "Cực kì hài lòng",
                "content": ""
            }
        },
        {
            "reviewer": {
                "name": "Lữ Thanh Lịch",
                "date": "Đã tham gia 8 năm",
                "reviewCount": "74 Đánh giá",
                "likedCount": "3 Lượt cảm ơn"
            },
            "review": {
                "rating": 5,
                "title": "Cực kì hài lòng",
                "content": "giao hàng siêu nhanh, sản phẩm đẹp ảnh màu"
            }
        },
        {
            "reviewer": {
                "name": "Nhật linh",
                "date": "Đã tham gia 5 năm",
                "reviewCount": "7 Đánh giá",
                "likedCount": "0 Lượt cảm ơn"
            },
            "review": {
                "rating": 5,
                "title": "Cực kì hài lòng",
                "content": ""
            }
        },
        {
            "reviewer": {
                "name": "Nguyễn Diễm",
                "date": "Đã tham gia 1 năm",
                "reviewCount": "17 Đánh giá",
                "likedCount": "0 Lượt cảm ơn"
            },
            "review": {
                "rating": 5,
                "title": "Cực kì hài lòng",
                "content": ""
            }
        },
        {
            "reviewer": {
                "name": "Sakura Huệ",
                "date": "Đã tham gia 6 năm",
                "reviewCount": "14 Đánh giá",
                "likedCount": "1 Lượt cảm ơn"
            },
            "review": {
                "rating": 5,
                "title": "Cực kì hài lòng",
                "content": "gói hàng cẩn thận"
            }
        },
        {
            "reviewer": {
                "name": "Thai Nguyen",
                "date": "Đã tham gia 4 năm",
                "reviewCount": "13 Đánh giá",
                "likedCount": "0 Lượt cảm ơn"
            },
            "review": {
                "rating": 5,
                "title": "Cực kì hài lòng",
                "content": ""
            }
        },
        {
            "reviewer": {
                "name": "Huỳnh thuỷ",
                "date": "Đã tham gia 4 năm",
                "reviewCount": "3 Đánh giá",
                "likedCount": "0 Lượt cảm ơn"
            },
            "review": {
                "rating": 5,
                "title": "Cực kì hài lòng",
                "content": "Bổ ý, giúp em ăn dặm kết hợp"
            }
        },
        {
            "reviewer": {
                "name": "Ly Nguyn",
                "date": "Đã tham gia 5 năm",
                "reviewCount": "11 Đánh giá",
                "likedCount": "0 Lượt cảm ơn"
            },
            "review": {
                "rating": 5,
                "title": "Cực kì hài lòng",
                "content": "Mua để chuẩn bị cho con ăn dặm, đống gói tốt chất lượng giấy đẹp"
            }
        },
        {
            "reviewer": {
                "name": "D Thien",
                "date": "Đã tham gia 5 năm",
                "reviewCount": "20 Đánh giá",
                "likedCount": "0 Lượt cảm ơn"
            },
            "review": {
                "rating": 5,
                "title": "Cực kì hài lòng",
                "content": "Sách hữu ích"
            }
        },
        {
            "reviewer": {
                "name": "Đặng Việt Hà",
                "date": "Đã tham gia 6 năm",
                "reviewCount": "141 Đánh giá",
                "likedCount": "8 Lượt cảm ơn"
            },
            "review": {
                "rating": 5,
                "title": "Cực kì hài lòng",
                "content": "Chi tiết lắm ạ"
            }
        },
        {
            "reviewer": {
                "name": "Trần Nhàn",
                "date": "Đã tham gia 4 năm",
                "reviewCount": "12 Đánh giá",
                "likedCount": "0 Lượt cảm ơn"
            },
            "review": {
                "rating": 5,
                "title": "Cực kì hài lòng",
                "content": "Sách hay các mom nên mua."
            }
        },
        {
            "reviewer": {
                "name": "Ngân Hà",
                "date": "Đã tham gia 8 năm",
                "reviewCount": "4 Đánh giá",
                "likedCount": "0 Lượt cảm ơn"
            },
            "review": {
                "rating": 5,
                "title": "Cực kì hài lòng",
                "content": ""
            }
        },
        {
            "reviewer": {
                "name": "Naomi dinner",
                "date": "Đã tham gia 6 năm",
                "reviewCount": "6 Đánh giá",
                "likedCount": "1 Lượt cảm ơn"
            },
            "review": {
                "rating": 5,
                "title": "Cực kì hài lòng",
                "content": "giao hàng nhanh, sách đẹp ko bị cong vênh, đáng mua nha mng ơi"
            }
        },
        {
            "reviewer": {
                "name": "Tran Thi Hong Hanh",
                "date": "Đã tham gia 7 năm",
                "reviewCount": "48 Đánh giá",
                "likedCount": "0 Lượt cảm ơn"
            },
            "review": {
                "rating": 5,
                "title": "Cực kì hài lòng",
                "content": "Sách đẹp"
            }
        },
        {
            "reviewer": {
                "name": "Trần Ngọc Đoan Huyền",
                "date": "Đã tham gia 6 năm",
                "reviewCount": "10 Đánh giá",
                "likedCount": "0 Lượt cảm ơn"
            },
            "review": {
                "rating": 5,
                "title": "Cực kì hài lòng",
                "content": ""
            }
        },
        {
            "reviewer": {
                "name": "Cai Minh Phụng",
                "date": "Đã tham gia 4 năm",
                "reviewCount": "1 Đánh giá",
                "likedCount": "0 Lượt cảm ơn"
            },
            "review": {
                "rating": 5,
                "title": "Cực kì hài lòng",
                "content": ""
            }
        },
        {
            "reviewer": {
                "name": "Thảo Lê",
                "date": "Đã tham gia 4 năm",
                "reviewCount": "8 Đánh giá",
                "likedCount": "0 Lượt cảm ơn"
            },
            "review": {
                "rating": 5,
                "title": "Cực kì hài lòng",
                "content": "hữu ích"
            }
        },
        {
            "reviewer": {
                "name": "Lê Thị Tuyết Hạnh",
                "date": "Đã tham gia 5 năm",
                "reviewCount": "9 Đánh giá",
                "likedCount": "0 Lượt cảm ơn"
            },
            "review": {
                "rating": 5,
                "title": "Cực kì hài lòng",
                "content": ""
            }
        },
        {
            "reviewer": {
                "name": "Hoàng Linh",
                "date": "Đã tham gia 3 năm",
                "reviewCount": "14 Đánh giá",
                "likedCount": "0 Lượt cảm ơn"
            },
            "review": {
                "rating": 5,
                "title": "Cực kì hài lòng",
                "content": ""
            }
        },
        {
            "reviewer": {
                "name": "Quốc Bảo Trần",
                "date": "Đã tham gia 7 năm",
                "reviewCount": "2 Đánh giá",
                "likedCount": "0 Lượt cảm ơn"
            },
            "review": {
                "rating": 5,
                "title": "Cực kì hài lòng",
                "content": ""
            }
        },
        {
            "reviewer": {
                "name": "Nguyễn Thị Giang",
                "date": "Đã tham gia 6 năm",
                "reviewCount": "38 Đánh giá",
                "likedCount": "0 Lượt cảm ơn"
            },
            "review": {
                "rating": 5,
                "title": "Cực kì hài lòng",
                "content": ""
            }
        },
        {
            "reviewer": {
                "name": "Phạm Lê Phương Lan",
                "date": "Đã tham gia 12 năm",
                "reviewCount": "13 Đánh giá",
                "likedCount": "1 Lượt cảm ơn"
            },
            "review": {
                "rating": 5,
                "title": "Cực kì hài lòng",
                "content": "Cuốn sách hữu ích"
            }
        },
        {
            "reviewer": {
                "name": "Đỗ Trần Thuỷ Tiên",
                "date": "Đã tham gia 2 năm",
                "reviewCount": "9 Đánh giá",
                "likedCount": "0 Lượt cảm ơn"
            },
            "review": {
                "rating": 5,
                "title": "Cực kì hài lòng",
                "content": ""
            }
        },
        {
            "reviewer": {
                "name": "Minh Nguyễn",
                "date": "Đã tham gia 4 năm",
                "reviewCount": "15 Đánh giá",
                "likedCount": "0 Lượt cảm ơn"
            },
            "review": {
                "rating": 5,
                "title": "Cực kì hài lòng",
                "content": ""
            }
        },
        {
            "reviewer": {
                "name": "Thùy Siro",
                "date": "Đã tham gia 2 năm",
                "reviewCount": "1 Đánh giá",
                "likedCount": "0 Lượt cảm ơn"
            },
            "review": {
                "rating": 5,
                "title": "Cực kì hài lòng",
                "content": ""
            }
        },
        {
            "reviewer": {
                "name": "Tô Ngọc Vũ",
                "date": "Đã tham gia 9 năm",
                "reviewCount": "10 Đánh giá",
                "likedCount": "0 Lượt cảm ơn"
            },
            "review": {
                "rating": 5,
                "title": "Cực kì hài lòng",
                "content": ""
            }
        },
        {
            "reviewer": {
                "name": "Trần Thị Mỹ Kim",
                "date": "Đã tham gia 10 năm",
                "reviewCount": "227 Đánh giá",
                "likedCount": "32 Lượt cảm ơn"
            },
            "review": {
                "rating": 5,
                "title": "Cực kì hài lòng",
                "content": "Sách rõ ràng chi tiết bổ ích"
            }
        },
        {
            "reviewer": {
                "name": "pham anhthu",
                "date": "Đã tham gia 9 năm",
                "reviewCount": "41 Đánh giá",
                "likedCount": "9 Lượt cảm ơn"
            },
            "review": {
                "rating": 5,
                "title": "Cực kì hài lòng",
                "content": ""
            }
        },
        {
            "reviewer": {
                "name": "Thanh Thủy",
                "date": "Đã tham gia 5 năm",
                "reviewCount": "112 Đánh giá",
                "likedCount": "1 Lượt cảm ơn"
            },
            "review": {
                "rating": 5,
                "title": "Cực kì hài lòng",
                "content": ""
            }
        },
        {
            "reviewer": {
                "name": "Nguyen Minh Vu",
                "date": "Đã tham gia 8 năm",
                "reviewCount": "27 Đánh giá",
                "likedCount": "0 Lượt cảm ơn"
            },
            "review": {
                "rating": 5,
                "title": "Cực kì hài lòng",
                "content": ""
            }
        },
        {
            "reviewer": {
                "name": "Tú Phan",
                "date": "Đã tham gia 3 năm",
                "reviewCount": "6 Đánh giá",
                "likedCount": "0 Lượt cảm ơn"
            },
            "review": {
                "rating": 5,
                "title": "Cực kì hài lòng",
                "content": ""
            }
        },
        {
            "reviewer": {
                "name": "Thiên",
                "date": "Đã tham gia 6 năm",
                "reviewCount": "26 Đánh giá",
                "likedCount": "9 Lượt cảm ơn"
            },
            "review": {
                "rating": 5,
                "title": "Cực kì hài lòng",
                "content": ""
            }
        },
        {
            "reviewer": {
                "name": "Nguyễn Hữu Hòa",
                "date": "Đã tham gia 6 năm",
                "reviewCount": "115 Đánh giá",
                "likedCount": "2 Lượt cảm ơn"
            },
            "review": {
                "rating": 5,
                "title": "Cực kì hài lòng",
                "content": ""
            }
        },
        {
            "reviewer": {
                "name": "Toàn Linh",
                "date": "Đã tham gia 2 năm",
                "reviewCount": "10 Đánh giá",
                "likedCount": "0 Lượt cảm ơn"
            },
            "review": {
                "rating": 5,
                "title": "Cực kì hài lòng",
                "content": ""
            }
        },
        {
            "reviewer": {
                "name": "Nguyễn Khuyên",
                "date": "Đã tham gia 4 năm",
                "reviewCount": "4 Đánh giá",
                "likedCount": "0 Lượt cảm ơn"
            },
            "review": {
                "rating": 5,
                "title": "Cực kì hài lòng",
                "content": ""
            }
        },
        {
            "reviewer": {
                "name": "Vân Lê",
                "date": "Đã tham gia 6 năm",
                "reviewCount": "100 Đánh giá",
                "likedCount": "2 Lượt cảm ơn"
            },
            "review": {
                "rating": 5,
                "title": "Cực kì hài lòng",
                "content": ""
            }
        },
        {
            "reviewer": {
                "name": "lưu ngọc  việt sơn",
                "date": "Đã tham gia 12 năm",
                "reviewCount": "17 Đánh giá",
                "likedCount": "1 Lượt cảm ơn"
            },
            "review": {
                "rating": 5,
                "title": "Cực kì hài lòng",
                "content": "sách đẹp, giao đúng hạn"
            }
        },
        {
            "reviewer": {
                "name": "Dara Chan",
                "date": "Đã tham gia 4 năm",
                "reviewCount": "5 Đánh giá",
                "likedCount": "0 Lượt cảm ơn"
            },
            "review": {
                "rating": 5,
                "title": "Cực kì hài lòng",
                "content": ""
            }
        },
        {
            "reviewer": {
                "name": "Phùng Vi Tiến",
                "date": "Đã tham gia 9 năm",
                "reviewCount": "33 Đánh giá",
                "likedCount": "2 Lượt cảm ơn"
            },
            "review": {
                "rating": 5,
                "title": "Cực kì hài lòng",
                "content": "Sách đẹp, dầy."
            }
        },
        {
            "reviewer": {
                "name": "Bế Thị Thủy",
                "date": "Đã tham gia 6 năm",
                "reviewCount": "1 Đánh giá",
                "likedCount": "0 Lượt cảm ơn"
            },
            "review": {
                "rating": 5,
                "title": "Cực kì hài lòng",
                "content": ""
            }
        },
        {
            "reviewer": {
                "name": "Trần Thảo",
                "date": "Đã tham gia 8 năm",
                "reviewCount": "3 Đánh giá",
                "likedCount": "0 Lượt cảm ơn"
            },
            "review": {
                "rating": 5,
                "title": "Cực kì hài lòng",
                "content": ""
            }
        },
        {
            "reviewer": {
                "name": "Cao Thị Thuý Phượng",
                "date": "Đã tham gia 5 năm",
                "reviewCount": "25 Đánh giá",
                "likedCount": "0 Lượt cảm ơn"
            },
            "review": {
                "rating": 5,
                "title": "Cực kì hài lòng",
                "content": ""
            }
        },
        {
            "reviewer": {
                "name": "Ngo thanh thao trang",
                "date": "Đã tham gia 8 năm",
                "reviewCount": "17 Đánh giá",
                "likedCount": "0 Lượt cảm ơn"
            },
            "review": {
                "rating": 5,
                "title": "Cực kì hài lòng",
                "content": ""
            }
        },
        {
            "reviewer": {
                "name": "Ý Đỗ Như",
                "date": "Đã tham gia 7 năm",
                "reviewCount": "2 Đánh giá",
                "likedCount": "0 Lượt cảm ơn"
            },
            "review": {
                "rating": 5,
                "title": "Cực kì hài lòng",
                "content": ""
            }
        },
        {
            "reviewer": {
                "name": "Du Hải Kiên",
                "date": "Đã tham gia 11 năm",
                "reviewCount": "202 Đánh giá",
                "likedCount": "19 Lượt cảm ơn"
            },
            "review": {
                "rating": 5,
                "title": "Cực kì hài lòng",
                "content": ""
            }
        },
        {
            "reviewer": {
                "name": "Nguyễn Hương Ly",
                "date": "Đã tham gia 11 năm",
                "reviewCount": "11 Đánh giá",
                "likedCount": "3 Lượt cảm ơn"
            },
            "review": {
                "rating": 5,
                "title": "Cực kì hài lòng",
                "content": ""
            }
        },
        {
            "reviewer": {
                "name": "Nhan Bui",
                "date": "Đã tham gia 4 năm",
                "reviewCount": "72 Đánh giá",
                "likedCount": "1 Lượt cảm ơn"
            },
            "review": {
                "rating": 5,
                "title": "Cực kì hài lòng",
                "content": ""
            }
        },
        {
            "reviewer": {
                "name": "Tran MyMy",
                "date": "Đã tham gia 7 năm",
                "reviewCount": "3 Đánh giá",
                "likedCount": "0 Lượt cảm ơn"
            },
            "review": {
                "rating": 5,
                "title": "Cực kì hài lòng",
                "content": ""
            }
        },
        {
            "reviewer": {
                "name": "Trần Khắc Phương",
                "date": "Đã tham gia 6 năm",
                "reviewCount": "10 Đánh giá",
                "likedCount": "0 Lượt cảm ơn"
            },
            "review": {
                "rating": 5,
                "title": "Cực kì hài lòng",
                "content": "giao hàng rất nhanh. sách ok"
            }
        },
        {
            "reviewer": {
                "name": "Nguyễn Phượng Quỳnh Anh",
                "date": "Đã tham gia 5 năm",
                "reviewCount": "15 Đánh giá",
                "likedCount": "0 Lượt cảm ơn"
            },
            "review": {
                "rating": 5,
                "title": "Cực kì hài lòng",
                "content": "Sách hay, dễ hiểu"
            }
        },
        {
            "reviewer": {
                "name": "Dung Nguyen",
                "date": "Đã tham gia 4 năm",
                "reviewCount": "32 Đánh giá",
                "likedCount": "0 Lượt cảm ơn"
            },
            "review": {
                "rating": 5,
                "title": "Cực kì hài lòng",
                "content": "Hữu ích lắm nè"
            }
        },
        {
            "reviewer": {
                "name": "Ly Diep Anh",
                "date": "Đã tham gia 5 năm",
                "reviewCount": "6 Đánh giá",
                "likedCount": "0 Lượt cảm ơn"
            },
            "review": {
                "rating": 5,
                "title": "Cực kì hài lòng",
                "content": "Sách đẹp"
            }
        },
        {
            "reviewer": {
                "name": "Hông Loan",
                "date": "Đã tham gia 5 năm",
                "reviewCount": "17 Đánh giá",
                "likedCount": "0 Lượt cảm ơn"
            },
            "review": {
                "rating": 5,
                "title": "Cực kì hài lòng",
                "content": "Sách đẹp"
            }
        },
        {
            "reviewer": {
                "name": "Hong Thuy",
                "date": "Đã tham gia 4 năm",
                "reviewCount": "31 Đánh giá",
                "likedCount": "0 Lượt cảm ơn"
            },
            "review": {
                "rating": 5,
                "title": "Cực kì hài lòng",
                "content": ""
            }
        },
        {
            "reviewer": {
                "name": "Ly Hà",
                "date": "Đã tham gia 10 năm",
                "reviewCount": "13 Đánh giá",
                "likedCount": "0 Lượt cảm ơn"
            },
            "review": {
                "rating": 5,
                "title": "Cực kì hài lòng",
                "content": ""
            }
        },
        {
            "reviewer": {
                "name": "Lê Công Trứ",
                "date": "Đã tham gia 4 năm",
                "reviewCount": "10 Đánh giá",
                "likedCount": "1 Lượt cảm ơn"
            },
            "review": {
                "rating": 5,
                "title": "Cực kì hài lòng",
                "content": ""
            }
        },
        {
            "reviewer": {
                "name": "Bich Dang Yeu",
                "date": "Đã tham gia 6 năm",
                "reviewCount": "16 Đánh giá",
                "likedCount": "0 Lượt cảm ơn"
            },
            "review": {
                "rating": 5,
                "title": "Cực kì hài lòng",
                "content": "sách rất tuyệt vời ạ"
            }
        },
        {
            "reviewer": {
                "name": "Kiên Vũ",
                "date": "Đã tham gia 5 năm",
                "reviewCount": "32 Đánh giá",
                "likedCount": "0 Lượt cảm ơn"
            },
            "review": {
                "rating": 5,
                "title": "Cực kì hài lòng",
                "content": "sách đẹp, giao nhanh"
            }
        },
        {
            "reviewer": {
                "name": "Linh Nguyen",
                "date": "Đã tham gia 3 năm",
                "reviewCount": "2 Đánh giá",
                "likedCount": "0 Lượt cảm ơn"
            },
            "review": {
                "rating": 5,
                "title": "Cực kì hài lòng",
                "content": ""
            }
        },
        {
            "reviewer": {
                "name": "Châu Vương Khả Hân",
                "date": "Đã tham gia 7 năm",
                "reviewCount": "22 Đánh giá",
                "likedCount": "0 Lượt cảm ơn"
            },
            "review": {
                "rating": 5,
                "title": "Cực kì hài lòng",
                "content": "sách đẹp. nội dung đa dạng."
            }
        },
        {
            "reviewer": {
                "name": "Đỗ Huyền Linh",
                "date": "Đã tham gia 6 năm",
                "reviewCount": "15 Đánh giá",
                "likedCount": "1 Lượt cảm ơn"
            },
            "review": {
                "rating": 5,
                "title": "Cực kì hài lòng",
                "content": ""
            }
        },
        {
            "reviewer": {
                "name": "Chau Tan Loi",
                "date": "Đã tham gia 7 năm",
                "reviewCount": "6 Đánh giá",
                "likedCount": "0 Lượt cảm ơn"
            },
            "review": {
                "rating": 5,
                "title": "Cực kì hài lòng",
                "content": ""
            }
        },
        {
            "reviewer": {
                "name": "Ho Thi Lai",
                "date": "Đã tham gia 10 năm",
                "reviewCount": "45 Đánh giá",
                "likedCount": "17 Lượt cảm ơn"
            },
            "review": {
                "rating": 5,
                "title": "Cực kì hài lòng",
                "content": ""
            }
        },
        {
            "reviewer": {
                "name": "Mai Anh Nguyễn",
                "date": "Đã tham gia 6 năm",
                "reviewCount": "34 Đánh giá",
                "likedCount": "2 Lượt cảm ơn"
            },
            "review": {
                "rating": 5,
                "title": "Cực kì hài lòng",
                "content": ""
            }
        },
        {
            "reviewer": {
                "name": "Bùi Thị Hiền Nhi",
                "date": "Đã tham gia 9 năm",
                "reviewCount": "22 Đánh giá",
                "likedCount": "0 Lượt cảm ơn"
            },
            "review": {
                "rating": 5,
                "title": "Cực kì hài lòng",
                "content": "Tốt"
            }
        },
        {
            "reviewer": {
                "name": "Pham Hung Thuy Ha",
                "date": "Đã tham gia 3 năm",
                "reviewCount": "34 Đánh giá",
                "likedCount": "1 Lượt cảm ơn"
            },
            "review": {
                "rating": 5,
                "title": "Cực kì hài lòng",
                "content": ""
            }
        },
        {
            "reviewer": {
                "name": "Phương Dung",
                "date": "Đã tham gia 6 năm",
                "reviewCount": "1 Đánh giá",
                "likedCount": "0 Lượt cảm ơn"
            },
            "review": {
                "rating": 5,
                "title": "Cực kì hài lòng",
                "content": ""
            }
        },
        {
            "reviewer": {
                "name": "Nguyễn Huỳnh Như",
                "date": "Đã tham gia 12 năm",
                "reviewCount": "8 Đánh giá",
                "likedCount": "0 Lượt cảm ơn"
            },
            "review": {
                "rating": 5,
                "title": "Cực kì hài lòng",
                "content": ""
            }
        },
        {
            "reviewer": {
                "name": "Duyên Võ",
                "date": "Đã tham gia 6 năm",
                "reviewCount": "56 Đánh giá",
                "likedCount": "0 Lượt cảm ơn"
            },
            "review": {
                "rating": 5,
                "title": "Cực kì hài lòng",
                "content": ""
            }
        },
        {
            "reviewer": {
                "name": "Nguyễn Thị Thanh Trúc",
                "date": "Đã tham gia 6 năm",
                "reviewCount": "97 Đánh giá",
                "likedCount": "3 Lượt cảm ơn"
            },
            "review": {
                "rating": 5,
                "title": "Cực kì hài lòng",
                "content": ""
            }
        },
        {
            "reviewer": {
                "name": "Kieu Anh",
                "date": "Đã tham gia 5 năm",
                "reviewCount": "2 Đánh giá",
                "likedCount": "0 Lượt cảm ơn"
            },
            "review": {
                "rating": 5,
                "title": "Cực kì hài lòng",
                "content": ""
            }
        },
        {
            "reviewer": {
                "name": "Ngọc Bich",
                "date": "Đã tham gia 10 năm",
                "reviewCount": "53 Đánh giá",
                "likedCount": "7 Lượt cảm ơn"
            },
            "review": {
                "rating": 5,
                "title": "Cực kì hài lòng",
                "content": "sp đẹp"
            }
        },
        {
            "reviewer": {
                "name": "Phuong",
                "date": "Đã tham gia 7 năm",
                "reviewCount": "5 Đánh giá",
                "likedCount": "0 Lượt cảm ơn"
            },
            "review": {
                "rating": 5,
                "title": "Cực kì hài lòng",
                "content": ""
            }
        },
        {
            "reviewer": {
                "name": "Elysia Le",
                "date": "Đã tham gia 4 năm",
                "reviewCount": "2 Đánh giá",
                "likedCount": "0 Lượt cảm ơn"
            },
            "review": {
                "rating": 5,
                "title": "Cực kì hài lòng",
                "content": ""
            }
        },
        {
            "reviewer": {
                "name": "Nguyễn Thị Hường",
                "date": "Đã tham gia 9 năm",
                "reviewCount": "2 Đánh giá",
                "likedCount": "0 Lượt cảm ơn"
            },
            "review": {
                "rating": 5,
                "title": "Cực kì hài lòng",
                "content": ""
            }
        },
        {
            "reviewer": {
                "name": "Đanh Đá",
                "date": "Đã tham gia 6 năm",
                "reviewCount": "174 Đánh giá",
                "likedCount": "2 Lượt cảm ơn"
            },
            "review": {
                "rating": 5,
                "title": "Cực kì hài lòng",
                "content": ""
            }
        },
        {
            "reviewer": {
                "name": "Bùi Minh Khánh",
                "date": "Đã tham gia 8 năm",
                "reviewCount": "2 Đánh giá",
                "likedCount": "0 Lượt cảm ơn"
            },
            "review": {
                "rating": 5,
                "title": "Cực kì hài lòng",
                "content": ""
            }
        },
        {
            "reviewer": {
                "name": "Lê Đoàn Phương Thảo",
                "date": "Đã tham gia 6 năm",
                "reviewCount": "9 Đánh giá",
                "likedCount": "0 Lượt cảm ơn"
            },
            "review": {
                "rating": 5,
                "title": "Cực kì hài lòng",
                "content": ""
            }
        },
        {
            "reviewer": {
                "name": "Đinh Thuỷ",
                "date": "Đã tham gia 6 năm",
                "reviewCount": "1 Đánh giá",
                "likedCount": "0 Lượt cảm ơn"
            },
            "review": {
                "rating": 5,
                "title": "Cực kì hài lòng",
                "content": ""
            }
        },
        {
            "reviewer": {
                "name": "Hoàng Quỳnh",
                "date": "Đã tham gia 3 năm",
                "reviewCount": "4 Đánh giá",
                "likedCount": "0 Lượt cảm ơn"
            },
            "review": {
                "rating": 5,
                "title": "Cực kì hài lòng",
                "content": ""
            }
        },
        {
            "reviewer": {
                "name": "Huỳnh Hồng",
                "date": "Đã tham gia 9 năm",
                "reviewCount": "35 Đánh giá",
                "likedCount": "81 Lượt cảm ơn"
            },
            "review": {
                "rating": 5,
                "title": "Cực kì hài lòng",
                "content": ""
            }
        },
        {
            "reviewer": {
                "name": "Lưu Hải",
                "date": "Đã tham gia 6 năm",
                "reviewCount": "3 Đánh giá",
                "likedCount": "0 Lượt cảm ơn"
            },
            "review": {
                "rating": 5,
                "title": "Cực kì hài lòng",
                "content": ""
            }
        },
        {
            "reviewer": {
                "name": "Thuan Le",
                "date": "Đã tham gia 10 năm",
                "reviewCount": "81 Đánh giá",
                "likedCount": "1 Lượt cảm ơn"
            },
            "review": {
                "rating": 5,
                "title": "Cực kì hài lòng",
                "content": "Đd"
            }
        },
        {
            "reviewer": {
                "name": "Hương Giang",
                "date": "Đã tham gia 6 năm",
                "reviewCount": "35 Đánh giá",
                "likedCount": "0 Lượt cảm ơn"
            },
            "review": {
                "rating": 5,
                "title": "Cực kì hài lòng",
                "content": ""
            }
        },
        {
            "reviewer": {
                "name": "Nguyễn đoàn Ngọc mai",
                "date": "Đã tham gia 10 năm",
                "reviewCount": "95 Đánh giá",
                "likedCount": "30 Lượt cảm ơn"
            },
            "review": {
                "rating": 5,
                "title": "Cực kì hài lòng",
                "content": ""
            }
        },
        {
            "reviewer": {
                "name": "Nguyễn Hoàng Thức",
                "date": "Đã tham gia 6 năm",
                "reviewCount": "1 Đánh giá",
                "likedCount": "0 Lượt cảm ơn"
            },
            "review": {
                "rating": 5,
                "title": "Cực kì hài lòng",
                "content": ""
            }
        },
        {
            "reviewer": {
                "name": "thanh tuyền",
                "date": "Đã tham gia 9 năm",
                "reviewCount": "24 Đánh giá",
                "likedCount": "1 Lượt cảm ơn"
            },
            "review": {
                "rating": 5,
                "title": "Cực kì hài lòng",
                "content": ""
            }
        },
        {
            "reviewer": {
                "name": "Mai Linh",
                "date": "Đã tham gia 6 năm",
                "reviewCount": "1 Đánh giá",
                "likedCount": "0 Lượt cảm ơn"
            },
            "review": {
                "rating": 5,
                "title": "Cực kì hài lòng",
                "content": ""
            }
        },
        {
            "reviewer": {
                "name": "Nguyễn Thị Thanh Thuỷ",
                "date": "Đã tham gia 10 năm",
                "reviewCount": "50 Đánh giá",
                "likedCount": "8 Lượt cảm ơn"
            },
            "review": {
                "rating": 5,
                "title": "Cực kì hài lòng",
                "content": ""
            }
        },
        {
            "reviewer": {
                "name": "Sen Lâm",
                "date": "Đã tham gia 3 năm",
                "reviewCount": "1 Đánh giá",
                "likedCount": "0 Lượt cảm ơn"
            },
            "review": {
                "rating": 5,
                "title": "Cực kì hài lòng",
                "content": ""
            }
        },
        {
            "reviewer": {
                "name": "Hoàng Phan Kiều Oanh",
                "date": "Đã tham gia 11 năm",
                "reviewCount": "12 Đánh giá",
                "likedCount": "4 Lượt cảm ơn"
            },
            "review": {
                "rating": 5,
                "title": "Cực kì hài lòng",
                "content": ""
            }
        },
        {
            "reviewer": {
                "name": "Trần Thu Hiền",
                "date": "Đã tham gia 6 năm",
                "reviewCount": "6 Đánh giá",
                "likedCount": "0 Lượt cảm ơn"
            },
            "review": {
                "rating": 5,
                "title": "Cực kì hài lòng",
                "content": ""
            }
        },
        {
            "reviewer": {
                "name": "Hanna Mai",
                "date": "Đã tham gia 10 năm",
                "reviewCount": "9 Đánh giá",
                "likedCount": "0 Lượt cảm ơn"
            },
            "review": {
                "rating": 5,
                "title": "Cực kì hài lòng",
                "content": ""
            }
        },
        {
            "reviewer": {
                "name": "Fuyu Nakami",
                "date": "Đã tham gia 10 năm",
                "reviewCount": "59 Đánh giá",
                "likedCount": "0 Lượt cảm ơn"
            },
            "review": {
                "rating": 5,
                "title": "Cực kì hài lòng",
                "content": ""
            }
        },
        {
            "reviewer": {
                "name": "Trần Vương Quốc Thiều",
                "date": "Đã tham gia 9 năm",
                "reviewCount": "178 Đánh giá",
                "likedCount": "9 Lượt cảm ơn"
            },
            "review": {
                "rating": 5,
                "title": "Cực kì hài lòng",
                "content": ""
            }
        },
        {
            "reviewer": {
                "name": "Lê thị hồng nhung",
                "date": "Đã tham gia 5 năm",
                "reviewCount": "4 Đánh giá",
                "likedCount": "0 Lượt cảm ơn"
            },
            "review": {
                "rating": 5,
                "title": "Cực kì hài lòng",
                "content": ""
            }
        },
        {
            "reviewer": {
                "name": "mai van",
                "date": "Đã tham gia 3 năm",
                "reviewCount": "4 Đánh giá",
                "likedCount": "0 Lượt cảm ơn"
            },
            "review": {
                "rating": 5,
                "title": "Cực kì hài lòng",
                "content": ""
            }
        },
        {
            "reviewer": {
                "name": "Đặng Hồng Quân",
                "date": "Đã tham gia 4 năm",
                "reviewCount": "28 Đánh giá",
                "likedCount": "68 Lượt cảm ơn"
            },
            "review": {
                "rating": 5,
                "title": "Cực kì hài lòng",
                "content": ""
            }
        },
        {
            "reviewer": {
                "name": "Hải Yến Phạm Thị",
                "date": "Đã tham gia 8 năm",
                "reviewCount": "21 Đánh giá",
                "likedCount": "0 Lượt cảm ơn"
            },
            "review": {
                "rating": 5,
                "title": "Cực kì hài lòng",
                "content": ""
            }
        },
        {
            "reviewer": {
                "name": "Nhật Dương",
                "date": "Đã tham gia 3 năm",
                "reviewCount": "2 Đánh giá",
                "likedCount": "0 Lượt cảm ơn"
            },
            "review": {
                "rating": 5,
                "title": "Cực kì hài lòng",
                "content": ""
            }
        },
        {
            "reviewer": {
                "name": "Hương Chipi",
                "date": "Đã tham gia 4 năm",
                "reviewCount": "1 Đánh giá",
                "likedCount": "0 Lượt cảm ơn"
            },
            "review": {
                "rating": 5,
                "title": "Cực kì hài lòng",
                "content": ""
            }
        },
        {
            "reviewer": {
                "name": "Phạm Chí Hiếu",
                "date": "Đã tham gia 9 năm",
                "reviewCount": "139 Đánh giá",
                "likedCount": "19 Lượt cảm ơn"
            },
            "review": {
                "rating": 5,
                "title": "Cực kì hài lòng",
                "content": ""
            }
        },
        {
            "reviewer": {
                "name": "Dương Thùy Dương",
                "date": "Đã tham gia 8 năm",
                "reviewCount": "8 Đánh giá",
                "likedCount": "0 Lượt cảm ơn"
            },
            "review": {
                "rating": 5,
                "title": "Cực kì hài lòng",
                "content": ""
            }
        },
        {
            "reviewer": {
                "name": "Vy Lê",
                "date": "Đã tham gia 10 năm",
                "reviewCount": "156 Đánh giá",
                "likedCount": "0 Lượt cảm ơn"
            },
            "review": {
                "rating": 5,
                "title": "Cực kì hài lòng",
                "content": ""
            }
        },
        {
            "reviewer": {
                "name": "Bui thi thanh tuyen",
                "date": "Đã tham gia 9 năm",
                "reviewCount": "10 Đánh giá",
                "likedCount": "0 Lượt cảm ơn"
            },
            "review": {
                "rating": 5,
                "title": "Cực kì hài lòng",
                "content": ""
            }
        },
        {
            "reviewer": {
                "name": "chị Yến",
                "date": "Đã tham gia 4 năm",
                "reviewCount": "13 Đánh giá",
                "likedCount": "0 Lượt cảm ơn"
            },
            "review": {
                "rating": 5,
                "title": "Cực kì hài lòng",
                "content": ""
            }
        },
        {
            "reviewer": {
                "name": "Quỳnh Vũ",
                "date": "Đã tham gia 3 năm",
                "reviewCount": "9 Đánh giá",
                "likedCount": "0 Lượt cảm ơn"
            },
            "review": {
                "rating": 5,
                "title": "Cực kì hài lòng",
                "content": ""
            }
        },
        {
            "reviewer": {
                "name": "Dương Nhã",
                "date": "Đã tham gia 6 năm",
                "reviewCount": "17 Đánh giá",
                "likedCount": "0 Lượt cảm ơn"
            },
            "review": {
                "rating": 5,
                "title": "Cực kì hài lòng",
                "content": ""
            }
        },
        {
            "reviewer": {
                "name": "Lý Kim Yến",
                "date": "Đã tham gia 5 năm",
                "reviewCount": "14 Đánh giá",
                "likedCount": "0 Lượt cảm ơn"
            },
            "review": {
                "rating": 5,
                "title": "Cực kì hài lòng",
                "content": "oke"
            }
        },
        {
            "reviewer": {
                "name": "Thu Vũ",
                "date": "Đã tham gia 4 năm",
                "reviewCount": "2 Đánh giá",
                "likedCount": "0 Lượt cảm ơn"
            },
            "review": {
                "rating": 5,
                "title": "Cực kì hài lòng",
                "content": "Ok"
            }
        },
        {
            "reviewer": {
                "name": "Tom Truong",
                "date": "Đã tham gia 9 năm",
                "reviewCount": "18 Đánh giá",
                "likedCount": "5 Lượt cảm ơn"
            },
            "review": {
                "rating": 5,
                "title": "Cực kì hài lòng",
                "content": ""
            }
        },
        {
            "reviewer": {
                "name": "TRAN THI HAI YEN",
                "date": "Đã tham gia 13 năm",
                "reviewCount": "55 Đánh giá",
                "likedCount": "0 Lượt cảm ơn"
            },
            "review": {
                "rating": 5,
                "title": "Cực kì hài lòng",
                "content": ""
            }
        },
        {
            "reviewer": {
                "name": "Võ hoàng nhựt",
                "date": "Đã tham gia 6 năm",
                "reviewCount": "75 Đánh giá",
                "likedCount": "2 Lượt cảm ơn"
            },
            "review": {
                "rating": 5,
                "title": "Cực kì hài lòng",
                "content": ""
            }
        },
        {
            "reviewer": {
                "name": "Đinh Nguyễn Nha Trang",
                "date": "Đã tham gia 9 năm",
                "reviewCount": "140 Đánh giá",
                "likedCount": "2 Lượt cảm ơn"
            },
            "review": {
                "rating": 5,
                "title": "Cực kì hài lòng",
                "content": ""
            }
        },
        {
            "reviewer": {
                "name": "Nguyễn Hùng",
                "date": "Đã tham gia 10 năm",
                "reviewCount": "61 Đánh giá",
                "likedCount": "2 Lượt cảm ơn"
            },
            "review": {
                "rating": 5,
                "title": "Cực kì hài lòng",
                "content": ""
            }
        },
        {
            "reviewer": {
                "name": "Do mi",
                "date": "Đã tham gia 6 năm",
                "reviewCount": "4 Đánh giá",
                "likedCount": "0 Lượt cảm ơn"
            },
            "review": {
                "rating": 5,
                "title": "Cực kì hài lòng",
                "content": ""
            }
        },
        {
            "reviewer": {
                "name": "Ho Hong Chau",
                "date": "Đã tham gia 8 năm",
                "reviewCount": "23 Đánh giá",
                "likedCount": "5 Lượt cảm ơn"
            },
            "review": {
                "rating": 5,
                "title": "Cực kì hài lòng",
                "content": "ok"
            }
        },
        {
            "reviewer": {
                "name": "Phương Trân",
                "date": "Đã tham gia 5 năm",
                "reviewCount": "3 Đánh giá",
                "likedCount": "0 Lượt cảm ơn"
            },
            "review": {
                "rating": 5,
                "title": "Cực kì hài lòng",
                "content": ""
            }
        },
        {
            "reviewer": {
                "name": "Ngoc Nguyen",
                "date": "Đã tham gia 3 năm",
                "reviewCount": "23 Đánh giá",
                "likedCount": "0 Lượt cảm ơn"
            },
            "review": {
                "rating": 5,
                "title": "Cực kì hài lòng",
                "content": ""
            }
        },
        {
            "reviewer": {
                "name": "Nguyễn Bá Ngọc",
                "date": "Đã tham gia 6 năm",
                "reviewCount": "7 Đánh giá",
                "likedCount": "0 Lượt cảm ơn"
            },
            "review": {
                "rating": 5,
                "title": "Cực kì hài lòng",
                "content": ""
            }
        },
        {
            "reviewer": {
                "name": "Tấn Đức",
                "date": "Đã tham gia 6 năm",
                "reviewCount": "107 Đánh giá",
                "likedCount": "0 Lượt cảm ơn"
            },
            "review": {
                "rating": 5,
                "title": "Cực kì hài lòng",
                "content": ""
            }
        },
        {
            "reviewer": {
                "name": "Nguyễn Thị Huyền Trang",
                "date": "Đã tham gia 6 năm",
                "reviewCount": "4 Đánh giá",
                "likedCount": "0 Lượt cảm ơn"
            },
            "review": {
                "rating": 5,
                "title": "Cực kì hài lòng",
                "content": ""
            }
        },
        {
            "reviewer": {
                "name": "Nguyen Duc Thong",
                "date": "Đã tham gia 7 năm",
                "reviewCount": "43 Đánh giá",
                "likedCount": "1 Lượt cảm ơn"
            },
            "review": {
                "rating": 5,
                "title": "Cực kì hài lòng",
                "content": ""
            }
        },
        {
            "reviewer": {
                "name": "Kim Trang",
                "date": "Đã tham gia 6 năm",
                "reviewCount": "7 Đánh giá",
                "likedCount": "0 Lượt cảm ơn"
            },
            "review": {
                "rating": 5,
                "title": "Cực kì hài lòng",
                "content": ""
            }
        },
        {
            "reviewer": {
                "name": "Lê Thu Thanh",
                "date": "Đã tham gia 5 năm",
                "reviewCount": "37 Đánh giá",
                "likedCount": "1 Lượt cảm ơn"
            },
            "review": {
                "rating": 4,
                "title": "Hài lòng",
                "content": ""
            }
        },
        {
            "reviewer": {
                "name": "Trần Mỹ Huyền",
                "date": "Đã tham gia 6 năm",
                "reviewCount": "5 Đánh giá",
                "likedCount": "0 Lượt cảm ơn"
            },
            "review": {
                "rating": 5,
                "title": "Cực kì hài lòng",
                "content": ""
            }
        },
        {
            "reviewer": {
                "name": "Hồng Nguyễn",
                "date": "Đã tham gia 6 năm",
                "reviewCount": "8 Đánh giá",
                "likedCount": "0 Lượt cảm ơn"
            },
            "review": {
                "rating": 5,
                "title": "Cực kì hài lòng",
                "content": ""
            }
        },
        {
            "reviewer": {
                "name": "Trn Jolee",
                "date": "Đã tham gia 5 năm",
                "reviewCount": "62 Đánh giá",
                "likedCount": "3 Lượt cảm ơn"
            },
            "review": {
                "rating": 5,
                "title": "Cực kì hài lòng",
                "content": ""
            }
        },
        {
            "reviewer": {
                "name": "Đinh Lê Khanh",
                "date": "Đã tham gia 9 năm",
                "reviewCount": "29 Đánh giá",
                "likedCount": "0 Lượt cảm ơn"
            },
            "review": {
                "rating": 5,
                "title": "Cực kì hài lòng",
                "content": ""
            }
        },
        {
            "reviewer": {
                "name": "Thiên Kim Phạm",
                "date": "Đã tham gia 8 năm",
                "reviewCount": "8 Đánh giá",
                "likedCount": "0 Lượt cảm ơn"
            },
            "review": {
                "rating": 5,
                "title": "Cực kì hài lòng",
                "content": ""
            }
        },
        {
            "reviewer": {
                "name": "Kelly AJ",
                "date": "Đã tham gia 4 năm",
                "reviewCount": "492 Đánh giá",
                "likedCount": "7 Lượt cảm ơn"
            },
            "review": {
                "rating": 5,
                "title": "Cực kì hài lòng",
                "content": ""
            }
        },
        {
            "reviewer": {
                "name": "Ngô Hà Anh",
                "date": "Đã tham gia 6 năm",
                "reviewCount": "12 Đánh giá",
                "likedCount": "1 Lượt cảm ơn"
            },
            "review": {
                "rating": 5,
                "title": "Cực kì hài lòng",
                "content": ""
            }
        },
        {
            "reviewer": {
                "name": "Hoan Trần",
                "date": "Đã tham gia 7 năm",
                "reviewCount": "10 Đánh giá",
                "likedCount": "0 Lượt cảm ơn"
            },
            "review": {
                "rating": 5,
                "title": "Cực kì hài lòng",
                "content": ""
            }
        },
        {
            "reviewer": {
                "name": "Võ Phương Thảo",
                "date": "Đã tham gia 6 năm",
                "reviewCount": "1 Đánh giá",
                "likedCount": "0 Lượt cảm ơn"
            },
            "review": {
                "rating": 5,
                "title": "Cực kì hài lòng",
                "content": ""
            }
        },
        {
            "reviewer": {
                "name": "Thu Hiền",
                "date": "Đã tham gia 9 năm",
                "reviewCount": "196 Đánh giá",
                "likedCount": "5 Lượt cảm ơn"
            },
            "review": {
                "rating": 5,
                "title": "Cực kì hài lòng",
                "content": ""
            }
        },
        {
            "reviewer": {
                "name": "Đào Tiên",
                "date": "Đã tham gia 4 năm",
                "reviewCount": "160 Đánh giá",
                "likedCount": "9 Lượt cảm ơn"
            },
            "review": {
                "rating": 5,
                "title": "Cực kì hài lòng",
                "content": ""
            }
        },
        {
            "reviewer": {
                "name": "Xuka nga",
                "date": "Đã tham gia 3 năm",
                "reviewCount": "8 Đánh giá",
                "likedCount": "0 Lượt cảm ơn"
            },
            "review": {
                "rating": 5,
                "title": "Cực kì hài lòng",
                "content": ""
            }
        },
        {
            "reviewer": {
                "name": "Văn Thanh Huyền",
                "date": "Đã tham gia 6 năm",
                "reviewCount": "12 Đánh giá",
                "likedCount": "1 Lượt cảm ơn"
            },
            "review": {
                "rating": 5,
                "title": "Cực kì hài lòng",
                "content": ""
            }
        },
        {
            "reviewer": {
                "name": "Duyen",
                "date": "Đã tham gia 9 năm",
                "reviewCount": "97 Đánh giá",
                "likedCount": "28 Lượt cảm ơn"
            },
            "review": {
                "rating": 5,
                "title": "Cực kì hài lòng",
                "content": ""
            }
        },
        {
            "reviewer": {
                "name": "Lê Thị Gia Khánh",
                "date": "Đã tham gia 9 năm",
                "reviewCount": "2 Đánh giá",
                "likedCount": "0 Lượt cảm ơn"
            },
            "review": {
                "rating": 5,
                "title": "Cực kì hài lòng",
                "content": ""
            }
        },
        {
            "reviewer": {
                "name": "Semt Trieu",
                "date": "Đã tham gia 9 năm",
                "reviewCount": "277 Đánh giá",
                "likedCount": "11 Lượt cảm ơn"
            },
            "review": {
                "rating": 5,
                "title": "Cực kì hài lòng",
                "content": ""
            }
        },
        {
            "reviewer": {
                "name": "Nguyễn Thị Minh Hiếu",
                "date": "Đã tham gia 9 năm",
                "reviewCount": "45 Đánh giá",
                "likedCount": "0 Lượt cảm ơn"
            },
            "review": {
                "rating": 4,
                "title": "Hài lòng",
                "content": "Sách tham khảo tốt cho các mẹ chuẩn bị/đang cho con ăn dặm Kiểu Nhật. Sách hướng dẫn chi tiết, rõ ràng, dễ hiểu, màu sắc đẹp, bắt mắt."
            }
        },
        {
            "reviewer": {
                "name": "manh bui",
                "date": "Đã tham gia 7 năm",
                "reviewCount": "35 Đánh giá",
                "likedCount": "13 Lượt cảm ơn"
            },
            "review": {
                "rating": 4,
                "title": "Hài lòng",
                "content": "chất lượng in tốt nhưng nhiều mã code quá không biết bản nào mới là sịn"
            }
        },
        {
            "reviewer": {
                "name": "Linh Trang",
                "date": "Đã tham gia 7 năm",
                "reviewCount": "4 Đánh giá",
                "likedCount": "0 Lượt cảm ơn"
            },
            "review": {
                "rating": 1,
                "title": "Rất không hài lòng",
                "content": "Sách gãy góc, bẩn và rách giấy bên trong khá nhiều"
            }
        },
        {
            "reviewer": {
                "name": "Trương Linh",
                "date": "Đã tham gia 2 năm",
                "reviewCount": "1 Đánh giá",
                "likedCount": "0 Lượt cảm ơn"
            },
            "review": {
                "rating": 4,
                "title": "Hài lòng",
                "content": "Trình bày bố cục dễ hiểu"
            }
        },
        {
            "reviewer": {
                "name": "Nguyễn Hoàn",
                "date": "Đã tham gia 5 năm",
                "reviewCount": "104 Đánh giá",
                "likedCount": "3 Lượt cảm ơn"
            },
            "review": {
                "rating": 4,
                "title": "Hài lòng",
                "content": "Sản phẩm mới. Chất lượng ok. Giao hàng nhanh chóng. Shiper thân thiện, vui vẻ"
            }
        },
        {
            "reviewer": {
                "name": "Minh Vương",
                "date": "Đã tham gia 4 năm",
                "reviewCount": "13 Đánh giá",
                "likedCount": "0 Lượt cảm ơn"
            },
            "review": {
                "rating": 4,
                "title": "Hài lòng",
                "content": ""
            }
        },
        {
            "reviewer": {
                "name": "Lại Vi",
                "date": "Đã tham gia 6 năm",
                "reviewCount": "4 Đánh giá",
                "likedCount": "1 Lượt cảm ơn"
            },
            "review": {
                "rating": 4,
                "title": "Hài lòng",
                "content": "Sách màu sắc bắt mắt nhưng chữ quá nhỏ"
            }
        },
        {
            "reviewer": {
                "name": "My van Nguyen",
                "date": "Đã tham gia 6 năm",
                "reviewCount": "11 Đánh giá",
                "likedCount": "0 Lượt cảm ơn"
            },
            "review": {
                "rating": 4,
                "title": "Hài lòng",
                "content": "Ok"
            }
        },
        {
            "reviewer": {
                "name": "Trần Hoàng Trần Hoàng",
                "date": "Đã tham gia 4 năm",
                "reviewCount": "42 Đánh giá",
                "likedCount": "5 Lượt cảm ơn"
            },
            "review": {
                "rating": 4,
                "title": "Hài lòng",
                "content": "rất tốt"
            }
        },
        {
            "reviewer": {
                "name": "Kim Khánh",
                "date": "Đã tham gia 7 năm",
                "reviewCount": "3 Đánh giá",
                "likedCount": "0 Lượt cảm ơn"
            },
            "review": {
                "rating": 4,
                "title": "Hài lòng",
                "content": ""
            }
        },
        {
            "reviewer": {
                "name": "Nguyễn Tài",
                "date": "Đã tham gia 5 năm",
                "reviewCount": "29 Đánh giá",
                "likedCount": "0 Lượt cảm ơn"
            },
            "review": {
                "rating": 4,
                "title": "Hài lòng",
                "content": ""
            }
        },
        {
            "reviewer": {
                "name": "Nguyen Huong",
                "date": "Đã tham gia 11 năm",
                "reviewCount": "1 Đánh giá",
                "likedCount": "0 Lượt cảm ơn"
            },
            "review": {
                "rating": 4,
                "title": "Hài lòng",
                "content": ""
            }
        }
    ]
}