{
    "url": "https://tiki.vn/de-con-duoc-om-p192475873.html?spid=192475880",
    "info": {
        "title": "Để Con Được Ốm",
        "author": "Uyên Bùi,",
        "imageUrl": "https://salt.tikicdn.com/cache/750x750/ts/product/9a/f7/a1/dbc738f9d6b3c1528df5a934562cb206.jpg.webp",
        "soldQuantity": 3000,
        "currentPrice": 75520,
        "originalPrice": 120000
    },
    "details": {
        "bookVersion": "Phiên bản thường",
        "publisher": "Nhã Nam",
        "publishDate": "2022-07-07 00:00:00",
        "dimensions": "14 x 20,5cm",
        "coverType": "Bìa cứng",
        "pageCount": "316",
        "publishingHouse": "Nhà Xuất Bản Thế Giới"
    },
    "description": "\nGiá sản phẩm trên Tiki đã bao gồm thuế theo luật hiện hành. Bên cạnh đó, tuỳ vào loại sản phẩm, hình thức và địa chỉ giao hàng mà có thể phát sinh thêm chi phí khác như phí vận chuyển, phụ phí hàng cồng kềnh, thuế nhập khẩu (đối với đơn hàng giao từ nước ngoài có giá trị trên 1 triệu đồng).....",
    "rating": {
        "totalRating": 4.9,
        "numberOfRating": 98
    },
    "reviews": [
        {
            "reviewer": {
                "name": "Võ Thị Thúy An",
                "date": "Đã tham gia 6 năm",
                "reviewCount": "9 Đánh giá",
                "likedCount": "2 Lượt cảm ơn"
            },
            "review": {
                "rating": 5,
                "title": "Cực kì hài lòng",
                "content": "Cuốn sách tôi muốn giới thiệu đến bạn đó là \"What to Expect When You're Expecting\" của tác giả Heidi Murkoff. Đây là một trong những cuốn sách mang tính hướng dẫn rất phổ biến và được đánh giá cao về chủ đề mang thai và nuôi con.\r\n\r\nCuốn sách cung cấp cho bạn những kiến thức cần thiết để chuẩn bị cho giai đoạn mang thai và cả giai đoạn sau khi sinh. Từ các thay đổi sinh lý của cơ thể, đến chế độ ăn uống và chăm sóc bản thân, tất cả đều được đề cập rõ ràng và chi tiết. Bên cạnh đó, sách cũng giải đáp những thắc mắc thường gặp của các *** trong quá trình mang thai và nuôi con như: \"Tại sao tôi lại cảm thấy mệt mỏi?\", \"Tôi nên ăn gì để đảm bảo sức khỏe của cả mẹ và con?\", \"Làm thế nào để giảm đau lưng và chống đầy hơi?\".\r\n\r\nThêm vào đó, cuốn sách còn cung cấp cho bạn những kế hoạch chuẩn bị cho giai đoạn sau khi sinh như: chăm sóc cho trẻ sơ sinh, thay đổi chế độ ăn uống và cuộc sống hàng ngày sau khi sinh.\r\n\r\nTóm lại, \"What to Expect When You're Expecting\" là một cuốn sách hữu ích và cần thiết cho các *** đang chuẩn bị cho cuộc sống mới. Cuốn sách cung cấp cho bạn kiến thức và kế hoạch chi tiết, giúp bạn tự tin và yên tâm trong quá trình mang thai và nuôi con. Chúc bạn sớm khỏe lại và có một cuộc sống mới tràn đầy hạnh phúc."
            }
        },
        {
            "reviewer": {
                "name": "Lại Thị Mai",
                "date": "Đã tham gia 5 năm",
                "reviewCount": "48 Đánh giá",
                "likedCount": "8 Lượt cảm ơn"
            },
            "review": {
                "rating": 5,
                "title": "Cực kì hài lòng",
                "content": "Trình bày dễ hiểu\r\nBố cục rõ ràng, có hình ảnh minh họa \r\nTừ ngữ dí dỏm\r\nCó nhiều thông tin bổ ích trong việc chăm sóc trẻ sơ sinh"
            }
        },
        {
            "reviewer": {
                "name": "Nguyễn Ngọc Bảo Trâm",
                "date": "Đã tham gia 5 năm",
                "reviewCount": "15 Đánh giá",
                "likedCount": "2 Lượt cảm ơn"
            },
            "review": {
                "rating": 5,
                "title": "Cực kì hài lòng",
                "content": "Tiki giao hàng nhanh và cẩn thận lắm. Mình mua tặng nhưng thấy sách viết hay, dễ đọc"
            }
        },
        {
            "reviewer": {
                "name": "Lich Dang",
                "date": "Đã tham gia 4 năm",
                "reviewCount": "5 Đánh giá",
                "likedCount": "0 Lượt cảm ơn"
            },
            "review": {
                "rating": 5,
                "title": "Cực kì hài lòng",
                "content": "Tiki đóng gói cẩn thận . Mình mua sâch để bổ sung kiến thức tập đầu lm mẹ"
            }
        },
        {
            "reviewer": {
                "name": "Hồng Vân",
                "date": "Đã tham gia 7 năm",
                "reviewCount": "4 Đánh giá",
                "likedCount": "0 Lượt cảm ơn"
            },
            "review": {
                "rating": 5,
                "title": "Cực kì hài lòng",
                "content": "Sách rất hay và hữu ích"
            }
        },
        {
            "reviewer": {
                "name": "Hanh Nguyen",
                "date": "Đã tham gia 6 năm",
                "reviewCount": "6 Đánh giá",
                "likedCount": "1 Lượt cảm ơn"
            },
            "review": {
                "rating": 5,
                "title": "Cực kì hài lòng",
                "content": ""
            }
        },
        {
            "reviewer": {
                "name": "Mai Khoa Hưởng",
                "date": "Đã tham gia 7 năm",
                "reviewCount": "101 Đánh giá",
                "likedCount": "4 Lượt cảm ơn"
            },
            "review": {
                "rating": 5,
                "title": "Cực kì hài lòng",
                "content": "Sách in ấn tốt, k bị nhoè, giao hàng nhanh"
            }
        },
        {
            "reviewer": {
                "name": "Mai Thu Hồng",
                "date": "Đã tham gia 9 năm",
                "reviewCount": "185 Đánh giá",
                "likedCount": "44 Lượt cảm ơn"
            },
            "review": {
                "rating": 5,
                "title": "Cực kì hài lòng",
                "content": "Giao hàng rất nhanh, sẽ đọc và đánh giá thêm"
            }
        },
        {
            "reviewer": {
                "name": "Thu Thu",
                "date": "Đã tham gia 5 năm",
                "reviewCount": "5 Đánh giá",
                "likedCount": "0 Lượt cảm ơn"
            },
            "review": {
                "rating": 5,
                "title": "Cực kì hài lòng",
                "content": ""
            }
        },
        {
            "reviewer": {
                "name": "Vũ Hương",
                "date": "Đã tham gia 6 năm",
                "reviewCount": "9 Đánh giá",
                "likedCount": "0 Lượt cảm ơn"
            },
            "review": {
                "rating": 5,
                "title": "Cực kì hài lòng",
                "content": ""
            }
        },
        {
            "reviewer": {
                "name": "Minh Nhi Lý",
                "date": "Đã tham gia 6 năm",
                "reviewCount": "39 Đánh giá",
                "likedCount": "20 Lượt cảm ơn"
            },
            "review": {
                "rating": 5,
                "title": "Cực kì hài lòng",
                "content": ""
            }
        },
        {
            "reviewer": {
                "name": "✮ Kυdoξッ",
                "date": "Đã tham gia 6 năm",
                "reviewCount": "225 Đánh giá",
                "likedCount": "52 Lượt cảm ơn"
            },
            "review": {
                "rating": 5,
                "title": "Cực kì hài lòng",
                "content": ""
            }
        },
        {
            "reviewer": {
                "name": "Phạm Tấn Chính Đạt",
                "date": "Đã tham gia 10 năm",
                "reviewCount": "14 Đánh giá",
                "likedCount": "0 Lượt cảm ơn"
            },
            "review": {
                "rating": 5,
                "title": "Cực kì hài lòng",
                "content": ""
            }
        },
        {
            "reviewer": {
                "name": "Nguyễn Huy Đạt",
                "date": "Đã tham gia 7 năm",
                "reviewCount": "8 Đánh giá",
                "likedCount": "0 Lượt cảm ơn"
            },
            "review": {
                "rating": 5,
                "title": "Cực kì hài lòng",
                "content": ""
            }
        },
        {
            "reviewer": {
                "name": "Vũ Trinh",
                "date": "Đã tham gia 5 năm",
                "reviewCount": "1 Đánh giá",
                "likedCount": "1 Lượt cảm ơn"
            },
            "review": {
                "rating": 5,
                "title": "Cực kì hài lòng",
                "content": "Chất lượng rất tốt ạ"
            }
        },
        {
            "reviewer": {
                "name": "Hong Nhung",
                "date": "Đã tham gia 1 năm",
                "reviewCount": "2 Đánh giá",
                "likedCount": "1 Lượt cảm ơn"
            },
            "review": {
                "rating": 5,
                "title": "Cực kì hài lòng",
                "content": "Giao hàng nhanh, đóng gói cẩn thận, sách mới tinh"
            }
        },
        {
            "reviewer": {
                "name": "Hoàng Long",
                "date": "Đã tham gia 7 năm",
                "reviewCount": "3 Đánh giá",
                "likedCount": "0 Lượt cảm ơn"
            },
            "review": {
                "rating": 5,
                "title": "Cực kì hài lòng",
                "content": ""
            }
        },
        {
            "reviewer": {
                "name": "Thanh Thúy",
                "date": "Đã tham gia 6 năm",
                "reviewCount": "17 Đánh giá",
                "likedCount": "0 Lượt cảm ơn"
            },
            "review": {
                "rating": 5,
                "title": "Cực kì hài lòng",
                "content": ""
            }
        },
        {
            "reviewer": {
                "name": "Minh Tâm",
                "date": "Đã tham gia 4 năm",
                "reviewCount": "9 Đánh giá",
                "likedCount": "0 Lượt cảm ơn"
            },
            "review": {
                "rating": 5,
                "title": "Cực kì hài lòng",
                "content": ""
            }
        },
        {
            "reviewer": {
                "name": "Nguyễn Thị Huyền Trang",
                "date": "Đã tham gia 5 năm",
                "reviewCount": "7 Đánh giá",
                "likedCount": "0 Lượt cảm ơn"
            },
            "review": {
                "rating": 5,
                "title": "Cực kì hài lòng",
                "content": ""
            }
        },
        {
            "reviewer": {
                "name": "Thu Trang",
                "date": "Đã tham gia 8 năm",
                "reviewCount": "10 Đánh giá",
                "likedCount": "0 Lượt cảm ơn"
            },
            "review": {
                "rating": 5,
                "title": "Cực kì hài lòng",
                "content": ""
            }
        },
        {
            "reviewer": {
                "name": "Ngọc Bảo Lưu",
                "date": "Đã tham gia 4 năm",
                "reviewCount": "6 Đánh giá",
                "likedCount": "0 Lượt cảm ơn"
            },
            "review": {
                "rating": 5,
                "title": "Cực kì hài lòng",
                "content": ""
            }
        },
        {
            "reviewer": {
                "name": "Anh Chi Nguyen",
                "date": "Đã tham gia 1 năm",
                "reviewCount": "1 Đánh giá",
                "likedCount": "0 Lượt cảm ơn"
            },
            "review": {
                "rating": 5,
                "title": "Cực kì hài lòng",
                "content": ""
            }
        },
        {
            "reviewer": {
                "name": "Lâm Thùy",
                "date": "Đã tham gia 5 năm",
                "reviewCount": "15 Đánh giá",
                "likedCount": "1 Lượt cảm ơn"
            },
            "review": {
                "rating": 5,
                "title": "Cực kì hài lòng",
                "content": ""
            }
        },
        {
            "reviewer": {
                "name": "Nguyễn Thảo My",
                "date": "Đã tham gia 6 năm",
                "reviewCount": "10 Đánh giá",
                "likedCount": "0 Lượt cảm ơn"
            },
            "review": {
                "rating": 5,
                "title": "Cực kì hài lòng",
                "content": ""
            }
        },
        {
            "reviewer": {
                "name": "Nguyen Thang",
                "date": "Đã tham gia 6 năm",
                "reviewCount": "3 Đánh giá",
                "likedCount": "0 Lượt cảm ơn"
            },
            "review": {
                "rating": 5,
                "title": "Cực kì hài lòng",
                "content": ""
            }
        },
        {
            "reviewer": {
                "name": "Mandy",
                "date": "Đã tham gia 6 năm",
                "reviewCount": "39 Đánh giá",
                "likedCount": "18 Lượt cảm ơn"
            },
            "review": {
                "rating": 5,
                "title": "Cực kì hài lòng",
                "content": "Sách đóng gói kỹ"
            }
        },
        {
            "reviewer": {
                "name": "Trần Quang Phát",
                "date": "Đã tham gia 9 năm",
                "reviewCount": "307 Đánh giá",
                "likedCount": "14 Lượt cảm ơn"
            },
            "review": {
                "rating": 5,
                "title": "Cực kì hài lòng",
                "content": ""
            }
        },
        {
            "reviewer": {
                "name": "Nguyễn Minh",
                "date": "Đã tham gia 8 năm",
                "reviewCount": "159 Đánh giá",
                "likedCount": "2 Lượt cảm ơn"
            },
            "review": {
                "rating": 5,
                "title": "Cực kì hài lòng",
                "content": ""
            }
        },
        {
            "reviewer": {
                "name": "phan hữu lộc",
                "date": "Đã tham gia 4 năm",
                "reviewCount": "2 Đánh giá",
                "likedCount": "0 Lượt cảm ơn"
            },
            "review": {
                "rating": 5,
                "title": "Cực kì hài lòng",
                "content": ""
            }
        },
        {
            "reviewer": {
                "name": "Nguyễn Kỳ Anh",
                "date": "Đã tham gia 6 năm",
                "reviewCount": "4 Đánh giá",
                "likedCount": "0 Lượt cảm ơn"
            },
            "review": {
                "rating": 5,
                "title": "Cực kì hài lòng",
                "content": ""
            }
        },
        {
            "reviewer": {
                "name": "Lê An Khang",
                "date": "Đã tham gia 8 năm",
                "reviewCount": "12 Đánh giá",
                "likedCount": "0 Lượt cảm ơn"
            },
            "review": {
                "rating": 5,
                "title": "Cực kì hài lòng",
                "content": ""
            }
        },
        {
            "reviewer": {
                "name": "Huỳnh Phú Quý",
                "date": "Đã tham gia 5 năm",
                "reviewCount": "4 Đánh giá",
                "likedCount": "0 Lượt cảm ơn"
            },
            "review": {
                "rating": 5,
                "title": "Cực kì hài lòng",
                "content": ""
            }
        },
        {
            "reviewer": {
                "name": "Phùng Hoài Thu",
                "date": "Đã tham gia 8 năm",
                "reviewCount": "1 Đánh giá",
                "likedCount": "0 Lượt cảm ơn"
            },
            "review": {
                "rating": 5,
                "title": "Cực kì hài lòng",
                "content": ""
            }
        },
        {
            "reviewer": {
                "name": "Nguyễn Quách Tùng Châu",
                "date": "Đã tham gia 11 năm",
                "reviewCount": "77 Đánh giá",
                "likedCount": "7 Lượt cảm ơn"
            },
            "review": {
                "rating": 5,
                "title": "Cực kì hài lòng",
                "content": ""
            }
        },
        {
            "reviewer": {
                "name": "trương như ngọc",
                "date": "Đã tham gia 8 năm",
                "reviewCount": "36 Đánh giá",
                "likedCount": "1 Lượt cảm ơn"
            },
            "review": {
                "rating": 5,
                "title": "Cực kì hài lòng",
                "content": ""
            }
        },
        {
            "reviewer": {
                "name": "Quỳnh Nghi",
                "date": "Đã tham gia 4 năm",
                "reviewCount": "3 Đánh giá",
                "likedCount": "0 Lượt cảm ơn"
            },
            "review": {
                "rating": 5,
                "title": "Cực kì hài lòng",
                "content": ""
            }
        },
        {
            "reviewer": {
                "name": "thy thy",
                "date": "Đã tham gia 3 năm",
                "reviewCount": "48 Đánh giá",
                "likedCount": "0 Lượt cảm ơn"
            },
            "review": {
                "rating": 5,
                "title": "Cực kì hài lòng",
                "content": ""
            }
        },
        {
            "reviewer": {
                "name": "Hong duc",
                "date": "Đã tham gia 2 năm",
                "reviewCount": "20 Đánh giá",
                "likedCount": "0 Lượt cảm ơn"
            },
            "review": {
                "rating": 5,
                "title": "Cực kì hài lòng",
                "content": ""
            }
        },
        {
            "reviewer": {
                "name": "Trương Đức Thắng",
                "date": "Đã tham gia 11 năm",
                "reviewCount": "206 Đánh giá",
                "likedCount": "61 Lượt cảm ơn"
            },
            "review": {
                "rating": 5,
                "title": "Cực kì hài lòng",
                "content": ""
            }
        },
        {
            "reviewer": {
                "name": "Huyen Duong",
                "date": "Đã tham gia 2 năm",
                "reviewCount": "6 Đánh giá",
                "likedCount": "0 Lượt cảm ơn"
            },
            "review": {
                "rating": 5,
                "title": "Cực kì hài lòng",
                "content": ""
            }
        },
        {
            "reviewer": {
                "name": "Nguyễn Thanh Trà",
                "date": "Đã tham gia 6 năm",
                "reviewCount": "7 Đánh giá",
                "likedCount": "0 Lượt cảm ơn"
            },
            "review": {
                "rating": 5,
                "title": "Cực kì hài lòng",
                "content": ""
            }
        },
        {
            "reviewer": {
                "name": "Hoàng Yên",
                "date": "Đã tham gia 1 năm",
                "reviewCount": "7 Đánh giá",
                "likedCount": "0 Lượt cảm ơn"
            },
            "review": {
                "rating": 5,
                "title": "Cực kì hài lòng",
                "content": ""
            }
        },
        {
            "reviewer": {
                "name": "Hoa Đức",
                "date": "Đã tham gia 9 năm",
                "reviewCount": "115 Đánh giá",
                "likedCount": "1 Lượt cảm ơn"
            },
            "review": {
                "rating": 5,
                "title": "Cực kì hài lòng",
                "content": "Giao nhanh"
            }
        },
        {
            "reviewer": {
                "name": "ĐẶNG TRẦN THANH VÂN",
                "date": "Đã tham gia 6 năm",
                "reviewCount": "14 Đánh giá",
                "likedCount": "0 Lượt cảm ơn"
            },
            "review": {
                "rating": 5,
                "title": "Cực kì hài lòng",
                "content": ""
            }
        },
        {
            "reviewer": {
                "name": "Lê Thái Hà",
                "date": "Đã tham gia 6 năm",
                "reviewCount": "35 Đánh giá",
                "likedCount": "12 Lượt cảm ơn"
            },
            "review": {
                "rating": 5,
                "title": "Cực kì hài lòng",
                "content": ""
            }
        },
        {
            "reviewer": {
                "name": "Thao Vu",
                "date": "Đã tham gia 6 năm",
                "reviewCount": "22 Đánh giá",
                "likedCount": "1 Lượt cảm ơn"
            },
            "review": {
                "rating": 5,
                "title": "Cực kì hài lòng",
                "content": ""
            }
        },
        {
            "reviewer": {
                "name": "Tài khoản Zalo",
                "date": "Đã tham gia 4 năm",
                "reviewCount": "23 Đánh giá",
                "likedCount": "1 Lượt cảm ơn"
            },
            "review": {
                "rating": 5,
                "title": "Cực kì hài lòng",
                "content": "Cũng được, phân vân vài điểm trong sách"
            }
        },
        {
            "reviewer": {
                "name": "Phạm Ngọc Anh",
                "date": "Đã tham gia 6 năm",
                "reviewCount": "19 Đánh giá",
                "likedCount": "0 Lượt cảm ơn"
            },
            "review": {
                "rating": 5,
                "title": "Cực kì hài lòng",
                "content": ""
            }
        },
        {
            "reviewer": {
                "name": "Nguyễn Bích Thư",
                "date": "Đã tham gia 6 năm",
                "reviewCount": "35 Đánh giá",
                "likedCount": "1 Lượt cảm ơn"
            },
            "review": {
                "rating": 5,
                "title": "Cực kì hài lòng",
                "content": ""
            }
        },
        {
            "reviewer": {
                "name": "Nga Nguyen",
                "date": "Đã tham gia 9 năm",
                "reviewCount": "16 Đánh giá",
                "likedCount": "0 Lượt cảm ơn"
            },
            "review": {
                "rating": 5,
                "title": "Cực kì hài lòng",
                "content": ""
            }
        },
        {
            "reviewer": {
                "name": "Liễu Bùi",
                "date": "Đã tham gia 1 năm",
                "reviewCount": "1 Đánh giá",
                "likedCount": "0 Lượt cảm ơn"
            },
            "review": {
                "rating": 5,
                "title": "Cực kì hài lòng",
                "content": ""
            }
        },
        {
            "reviewer": {
                "name": "Nguyễn Thị Thúy Vi",
                "date": "Đã tham gia 10 năm",
                "reviewCount": "3 Đánh giá",
                "likedCount": "0 Lượt cảm ơn"
            },
            "review": {
                "rating": 5,
                "title": "Cực kì hài lòng",
                "content": ""
            }
        },
        {
            "reviewer": {
                "name": "Thành Hoàng",
                "date": "Đã tham gia 2 năm",
                "reviewCount": "8 Đánh giá",
                "likedCount": "0 Lượt cảm ơn"
            },
            "review": {
                "rating": 5,
                "title": "Cực kì hài lòng",
                "content": "Giao sách siêu nhanb"
            }
        },
        {
            "reviewer": {
                "name": "Đức Lê",
                "date": "Đã tham gia 8 năm",
                "reviewCount": "15 Đánh giá",
                "likedCount": "1 Lượt cảm ơn"
            },
            "review": {
                "rating": 5,
                "title": "Cực kì hài lòng",
                "content": ""
            }
        },
        {
            "reviewer": {
                "name": "Vu Thi Thu Trang",
                "date": "Đã tham gia 8 năm",
                "reviewCount": "10 Đánh giá",
                "likedCount": "2 Lượt cảm ơn"
            },
            "review": {
                "rating": 5,
                "title": "Cực kì hài lòng",
                "content": ""
            }
        },
        {
            "reviewer": {
                "name": "Trần Mai Anh Vũ",
                "date": "Đã tham gia 9 năm",
                "reviewCount": "206 Đánh giá",
                "likedCount": "14 Lượt cảm ơn"
            },
            "review": {
                "rating": 5,
                "title": "Cực kì hài lòng",
                "content": ""
            }
        },
        {
            "reviewer": {
                "name": "Quỳnh Anh",
                "date": "Đã tham gia 6 năm",
                "reviewCount": "4 Đánh giá",
                "likedCount": "0 Lượt cảm ơn"
            },
            "review": {
                "rating": 5,
                "title": "Cực kì hài lòng",
                "content": "Hay"
            }
        },
        {
            "reviewer": {
                "name": "Nguyễn Kiều Hưng",
                "date": "Đã tham gia 6 năm",
                "reviewCount": "22 Đánh giá",
                "likedCount": "0 Lượt cảm ơn"
            },
            "review": {
                "rating": 5,
                "title": "Cực kì hài lòng",
                "content": ""
            }
        },
        {
            "reviewer": {
                "name": "Thanh Võ",
                "date": "Đã tham gia 5 năm",
                "reviewCount": "114 Đánh giá",
                "likedCount": "0 Lượt cảm ơn"
            },
            "review": {
                "rating": 5,
                "title": "Cực kì hài lòng",
                "content": ""
            }
        },
        {
            "reviewer": {
                "name": "Nhàn Bee",
                "date": "Đã tham gia 5 năm",
                "reviewCount": "8 Đánh giá",
                "likedCount": "0 Lượt cảm ơn"
            },
            "review": {
                "rating": 5,
                "title": "Cực kì hài lòng",
                "content": ""
            }
        },
        {
            "reviewer": {
                "name": "Vân Hà",
                "date": "Đã tham gia 3 năm",
                "reviewCount": "4 Đánh giá",
                "likedCount": "0 Lượt cảm ơn"
            },
            "review": {
                "rating": 5,
                "title": "Cực kì hài lòng",
                "content": ""
            }
        },
        {
            "reviewer": {
                "name": "tra my",
                "date": "Đã tham gia 7 năm",
                "reviewCount": "17 Đánh giá",
                "likedCount": "1 Lượt cảm ơn"
            },
            "review": {
                "rating": 5,
                "title": "Cực kì hài lòng",
                "content": ""
            }
        },
        {
            "reviewer": {
                "name": "Duy Cương",
                "date": "Đã tham gia 3 năm",
                "reviewCount": "50 Đánh giá",
                "likedCount": "0 Lượt cảm ơn"
            },
            "review": {
                "rating": 5,
                "title": "Cực kì hài lòng",
                "content": ""
            }
        },
        {
            "reviewer": {
                "name": "phong tran",
                "date": "Đã tham gia 7 năm",
                "reviewCount": "9 Đánh giá",
                "likedCount": "4 Lượt cảm ơn"
            },
            "review": {
                "rating": 5,
                "title": "Cực kì hài lòng",
                "content": ""
            }
        },
        {
            "reviewer": {
                "name": "Ngohiendieu",
                "date": "Đã tham gia 6 năm",
                "reviewCount": "20 Đánh giá",
                "likedCount": "0 Lượt cảm ơn"
            },
            "review": {
                "rating": 5,
                "title": "Cực kì hài lòng",
                "content": ""
            }
        },
        {
            "reviewer": {
                "name": "Nguyễn Phan Thành Đạt",
                "date": "Đã tham gia 9 năm",
                "reviewCount": "38 Đánh giá",
                "likedCount": "2 Lượt cảm ơn"
            },
            "review": {
                "rating": 5,
                "title": "Cực kì hài lòng",
                "content": ""
            }
        },
        {
            "reviewer": {
                "name": "phuong vo",
                "date": "Đã tham gia 3 năm",
                "reviewCount": "37 Đánh giá",
                "likedCount": "0 Lượt cảm ơn"
            },
            "review": {
                "rating": 5,
                "title": "Cực kì hài lòng",
                "content": "Sách giao nhanh"
            }
        },
        {
            "reviewer": {
                "name": "Huỳnh Thanh Nguyệt Anh",
                "date": "Đã tham gia 10 năm",
                "reviewCount": "311 Đánh giá",
                "likedCount": "16 Lượt cảm ơn"
            },
            "review": {
                "rating": 5,
                "title": "Cực kì hài lòng",
                "content": ""
            }
        },
        {
            "reviewer": {
                "name": "Phương Loan Nguyễn",
                "date": "Đã tham gia 7 năm",
                "reviewCount": "19 Đánh giá",
                "likedCount": "0 Lượt cảm ơn"
            },
            "review": {
                "rating": 5,
                "title": "Cực kì hài lòng",
                "content": ""
            }
        },
        {
            "reviewer": {
                "name": "Châu Oanh",
                "date": "Đã tham gia 2 năm",
                "reviewCount": "6 Đánh giá",
                "likedCount": "0 Lượt cảm ơn"
            },
            "review": {
                "rating": 5,
                "title": "Cực kì hài lòng",
                "content": "Sách tốt"
            }
        },
        {
            "reviewer": {
                "name": "Trần Hoàng Ngọc Thiện",
                "date": "Đã tham gia 11 năm",
                "reviewCount": "18 Đánh giá",
                "likedCount": "2 Lượt cảm ơn"
            },
            "review": {
                "rating": 5,
                "title": "Cực kì hài lòng",
                "content": ""
            }
        },
        {
            "reviewer": {
                "name": "Đỗ Minh Trí",
                "date": "Đã tham gia 6 năm",
                "reviewCount": "5 Đánh giá",
                "likedCount": "0 Lượt cảm ơn"
            },
            "review": {
                "rating": 5,
                "title": "Cực kì hài lòng",
                "content": ""
            }
        },
        {
            "reviewer": {
                "name": "Khả Doanh",
                "date": "Đã tham gia 2 năm",
                "reviewCount": "2 Đánh giá",
                "likedCount": "0 Lượt cảm ơn"
            },
            "review": {
                "rating": 5,
                "title": "Cực kì hài lòng",
                "content": ""
            }
        },
        {
            "reviewer": {
                "name": "Thuy Vy",
                "date": "Đã tham gia 3 năm",
                "reviewCount": "1 Đánh giá",
                "likedCount": "0 Lượt cảm ơn"
            },
            "review": {
                "rating": 5,
                "title": "Cực kì hài lòng",
                "content": ""
            }
        },
        {
            "reviewer": {
                "name": "Trinh Doan",
                "date": "Đã tham gia 3 năm",
                "reviewCount": "52 Đánh giá",
                "likedCount": "0 Lượt cảm ơn"
            },
            "review": {
                "rating": 5,
                "title": "Cực kì hài lòng",
                "content": ""
            }
        },
        {
            "reviewer": {
                "name": "Cuong Luu",
                "date": "Đã tham gia 5 năm",
                "reviewCount": "2 Đánh giá",
                "likedCount": "0 Lượt cảm ơn"
            },
            "review": {
                "rating": 5,
                "title": "Cực kì hài lòng",
                "content": ""
            }
        },
        {
            "reviewer": {
                "name": "Liên Trần",
                "date": "Đã tham gia 6 năm",
                "reviewCount": "6 Đánh giá",
                "likedCount": "0 Lượt cảm ơn"
            },
            "review": {
                "rating": 5,
                "title": "Cực kì hài lòng",
                "content": ""
            }
        },
        {
            "reviewer": {
                "name": "Kim Yến",
                "date": "Đã tham gia 10 năm",
                "reviewCount": "9 Đánh giá",
                "likedCount": "0 Lượt cảm ơn"
            },
            "review": {
                "rating": 5,
                "title": "Cực kì hài lòng",
                "content": ""
            }
        },
        {
            "reviewer": {
                "name": "Vũ Thị Khánh Ly",
                "date": "Đã tham gia 3 năm",
                "reviewCount": "5 Đánh giá",
                "likedCount": "0 Lượt cảm ơn"
            },
            "review": {
                "rating": 5,
                "title": "Cực kì hài lòng",
                "content": ""
            }
        },
        {
            "reviewer": {
                "name": "Hoàng Thị Thuý Phương",
                "date": "Đã tham gia 6 năm",
                "reviewCount": "1 Đánh giá",
                "likedCount": "0 Lượt cảm ơn"
            },
            "review": {
                "rating": 5,
                "title": "Cực kì hài lòng",
                "content": ""
            }
        },
        {
            "reviewer": {
                "name": "Lưu Thanh Thảo",
                "date": "Đã tham gia 5 năm",
                "reviewCount": "137 Đánh giá",
                "likedCount": "1 Lượt cảm ơn"
            },
            "review": {
                "rating": 5,
                "title": "Cực kì hài lòng",
                "content": ""
            }
        },
        {
            "reviewer": {
                "name": "tin nguyen",
                "date": "Đã tham gia 4 năm",
                "reviewCount": "73 Đánh giá",
                "likedCount": "8 Lượt cảm ơn"
            },
            "review": {
                "rating": 5,
                "title": "Cực kì hài lòng",
                "content": ""
            }
        },
        {
            "reviewer": {
                "name": "Thư Mai",
                "date": "Đã tham gia 7 năm",
                "reviewCount": "27 Đánh giá",
                "likedCount": "5 Lượt cảm ơn"
            },
            "review": {
                "rating": 5,
                "title": "Cực kì hài lòng",
                "content": ""
            }
        },
        {
            "reviewer": {
                "name": "NGUYỄN THỊ PHƯỢNG",
                "date": "Đã tham gia 13 năm",
                "reviewCount": "7 Đánh giá",
                "likedCount": "1 Lượt cảm ơn"
            },
            "review": {
                "rating": 5,
                "title": "Cực kì hài lòng",
                "content": ""
            }
        },
        {
            "reviewer": {
                "name": "Xu Yn",
                "date": "Đã tham gia 5 năm",
                "reviewCount": "1 Đánh giá",
                "likedCount": "0 Lượt cảm ơn"
            },
            "review": {
                "rating": 5,
                "title": "Cực kì hài lòng",
                "content": ""
            }
        },
        {
            "reviewer": {
                "name": "hồng võ",
                "date": "Đã tham gia 7 năm",
                "reviewCount": "1 Đánh giá",
                "likedCount": "0 Lượt cảm ơn"
            },
            "review": {
                "rating": 5,
                "title": "Cực kì hài lòng",
                "content": ""
            }
        },
        {
            "reviewer": {
                "name": "tuan vu",
                "date": "Đã tham gia 6 năm",
                "reviewCount": "5 Đánh giá",
                "likedCount": "0 Lượt cảm ơn"
            },
            "review": {
                "rating": 5,
                "title": "Cực kì hài lòng",
                "content": ""
            }
        },
        {
            "reviewer": {
                "name": "Kim Tiền",
                "date": "Đã tham gia 3 năm",
                "reviewCount": "8 Đánh giá",
                "likedCount": "0 Lượt cảm ơn"
            },
            "review": {
                "rating": 5,
                "title": "Cực kì hài lòng",
                "content": "Hay"
            }
        },
        {
            "reviewer": {
                "name": "Phạm Lan Hương",
                "date": "Đã tham gia 6 năm",
                "reviewCount": "4 Đánh giá",
                "likedCount": "0 Lượt cảm ơn"
            },
            "review": {
                "rating": 5,
                "title": "Cực kì hài lòng",
                "content": ""
            }
        },
        {
            "reviewer": {
                "name": "Hạnh Dương",
                "date": "Đã tham gia 6 năm",
                "reviewCount": "19 Đánh giá",
                "likedCount": "0 Lượt cảm ơn"
            },
            "review": {
                "rating": 5,
                "title": "Cực kì hài lòng",
                "content": ""
            }
        },
        {
            "reviewer": {
                "name": "Huỳnh Ân",
                "date": "Đã tham gia 7 năm",
                "reviewCount": "2 Đánh giá",
                "likedCount": "0 Lượt cảm ơn"
            },
            "review": {
                "rating": 5,
                "title": "Cực kì hài lòng",
                "content": ""
            }
        },
        {
            "reviewer": {
                "name": "Casey Moka",
                "date": "Đã tham gia 6 năm",
                "reviewCount": "11 Đánh giá",
                "likedCount": "8 Lượt cảm ơn"
            },
            "review": {
                "rating": 4,
                "title": "Hài lòng",
                "content": "Mình có thói quen dùng bút highlight khi đọc sách.\r\n\r\nGiấy khá mỏng. Kẻ bút highlight trang trước là trang sau cũng hằn luôn. \r\nHy vọng bản in sau giấy dày hơn."
            }
        },
        {
            "reviewer": {
                "name": "Lê Thị Tuyến",
                "date": "Đã tham gia 6 năm",
                "reviewCount": "4 Đánh giá",
                "likedCount": "0 Lượt cảm ơn"
            },
            "review": {
                "rating": 4,
                "title": "Hài lòng",
                "content": "Nội dung khá bổ ích"
            }
        },
        {
            "reviewer": {
                "name": "Đình Quý",
                "date": "Đã tham gia 4 năm",
                "reviewCount": "4 Đánh giá",
                "likedCount": "0 Lượt cảm ơn"
            },
            "review": {
                "rating": 4,
                "title": "Hài lòng",
                "content": ""
            }
        },
        {
            "reviewer": {
                "name": "Ngoc Tai",
                "date": "Đã tham gia 6 năm",
                "reviewCount": "13 Đánh giá",
                "likedCount": "0 Lượt cảm ơn"
            },
            "review": {
                "rating": 4,
                "title": "Hài lòng",
                "content": ""
            }
        },
        {
            "reviewer": {
                "name": "Hoàng Anh Lê Bá",
                "date": "Đã tham gia 6 năm",
                "reviewCount": "23 Đánh giá",
                "likedCount": "0 Lượt cảm ơn"
            },
            "review": {
                "rating": 4,
                "title": "Hài lòng",
                "content": ""
            }
        },
        {
            "reviewer": {
                "name": "Nguyễn  Nhi",
                "date": "Đã tham gia 12 năm",
                "reviewCount": "15 Đánh giá",
                "likedCount": "2 Lượt cảm ơn"
            },
            "review": {
                "rating": 4,
                "title": "Hài lòng",
                "content": ""
            }
        }
    ]
}