{
    "url": "https://tiki.vn/nuoi-con-khong-phai-cuoc-chien-tai-ban-p263068035.html?spid=263068037",
    "info": {
        "title": "Nuôi con không phải cuộc chiến (Tái bản)",
        "author": "Mẹ Ong Bông,",
        "imageUrl": "https://salt.tikicdn.com/cache/750x750/ts/product/62/ac/66/66360bdc81fc68525b037696e61b866d.jpg.webp",
        "soldQuantity": 261,
        "currentPrice": 99400,
        "originalPrice": 129000
    },
    "details": {
        "bookVersion": "Phiên bản thường",
        "publisher": "Thái Hà",
        "dimensions": "15.5 x 24 cm",
        "coverType": "Bìa mềm",
        "pageCount": "314",
        "publishingHouse": "Nhà Xuất Bản Lao Động"
    },
    "description": "Cuốn sách đi sâu vào những vấn đề mà hầu hết các bậc phụ huynh đều gặp phải:\nGiá sản phẩm trên Tiki đã bao gồm thuế theo luật hiện hành. Bên cạnh đó, tuỳ vào loại sản phẩm, hình thức và địa chỉ giao hàng mà có thể phát sinh thêm chi phí khác như phí vận chuyển, phụ phí hàng cồng kềnh, thuế nhập khẩu (đối với đơn hàng giao từ nước ngoài có giá trị trên 1 triệu đồng).....",
    "rating": {
        "totalRating": 4.8,
        "numberOfRating": 9
    },
    "reviews": [
        {
            "reviewer": {
                "name": "Ha Trang",
                "date": "Đã tham gia 6 năm",
                "reviewCount": "8 Đánh giá",
                "likedCount": "0 Lượt cảm ơn"
            },
            "review": {
                "rating": 5,
                "title": "Cực kì hài lòng",
                "content": "Sách đọc hữu ích, viết dễ hiểu. Tiki giao hàng cũng khá nhanh!!!"
            }
        },
        {
            "reviewer": {
                "name": "Xiao Yu",
                "date": "Đã tham gia 6 năm",
                "reviewCount": "40 Đánh giá",
                "likedCount": "2 Lượt cảm ơn"
            },
            "review": {
                "rating": 5,
                "title": "Cực kì hài lòng",
                "content": ""
            }
        },
        {
            "reviewer": {
                "name": "Phạm Văn Đồng",
                "date": "Đã tham gia 6 năm",
                "reviewCount": "12 Đánh giá",
                "likedCount": "0 Lượt cảm ơn"
            },
            "review": {
                "rating": 5,
                "title": "Cực kì hài lòng",
                "content": ""
            }
        },
        {
            "reviewer": {
                "name": "Phạm Quỳnh Anh",
                "date": "Đã tham gia 4 năm",
                "reviewCount": "13 Đánh giá",
                "likedCount": "0 Lượt cảm ơn"
            },
            "review": {
                "rating": 5,
                "title": "Cực kì hài lòng",
                "content": ""
            }
        },
        {
            "reviewer": {
                "name": "Lê Đỗ Diệu Linh",
                "date": "Đã tham gia 5 năm",
                "reviewCount": "19 Đánh giá",
                "likedCount": "0 Lượt cảm ơn"
            },
            "review": {
                "rating": 5,
                "title": "Cực kì hài lòng",
                "content": ""
            }
        }
    ]
}