{
    "url": "https://tiki.vn/cam-nang-cham-soc-be-yeu-tai-ban-doi-ten-p252456572.html?spid=252456573",
    "info": {
        "title": "Cẩm nang chăm sóc bé yêu (Tái bản đổi tên)",
        "author": "Hà Chũn",
        "imageUrl": "https://salt.tikicdn.com/cache/750x750/ts/product/41/d9/c7/4372f2fe09a83795c8b767f6bce3bbfd.jpg.webp",
        "soldQuantity": 281,
        "currentPrice": 103350,
        "originalPrice": 159000
    },
    "details": {
        "bookVersion": "Phiên bản thường",
        "publisher": "Thái Hà",
        "publishDate": "2023-03-01 00:00:00",
        "dimensions": "14.5x20.5cm",
        "pageCount": "72",
        "publishingHouse": "Nhà Xuất Bản Lao Động"
    },
    "description": "Giá sản phẩm trên Tiki đã bao gồm thuế theo luật hiện hành. Bên cạnh đó, tuỳ vào loại sản phẩm, hình thức và địa chỉ giao hàng mà có thể phát sinh thêm chi phí khác như phí vận chuyển, phụ phí hàng cồng kềnh, thuế nhập khẩu (đối với đơn hàng giao từ nước ngoài có giá trị trên 1 triệu đồng).....",
    "rating": {
        "totalRating": 4.9,
        "numberOfRating": 12
    },
    "reviews": [
        {
            "reviewer": {
                "name": "Hoàng Thị Thu Hường",
                "date": "Đã tham gia 11 năm",
                "reviewCount": "7 Đánh giá",
                "likedCount": "0 Lượt cảm ơn"
            },
            "review": {
                "rating": 5,
                "title": "Cực kì hài lòng",
                "content": "Sách nội dung ngắn gọn, xúc tích dễ hiểu. \r\nHình minh hoạ rõ sắc nét. \r\nTiki giao hàng nhanh, đóng gói chắc chắn. 10 điểm"
            }
        },
        {
            "reviewer": {
                "name": "NGÔ VĂN HOÀNG",
                "date": "Đã tham gia 5 năm",
                "reviewCount": "13 Đánh giá",
                "likedCount": "1 Lượt cảm ơn"
            },
            "review": {
                "rating": 5,
                "title": "Cực kì hài lòng",
                "content": "Tuyệt"
            }
        },
        {
            "reviewer": {
                "name": "Quỳnh lâm",
                "date": "Đã tham gia 4 năm",
                "reviewCount": "1 Đánh giá",
                "likedCount": "0 Lượt cảm ơn"
            },
            "review": {
                "rating": 5,
                "title": "Cực kì hài lòng",
                "content": "Tư vấn nhiệt tình, giáo nhanh"
            }
        },
        {
            "reviewer": {
                "name": "Phuong Nguyen",
                "date": "Đã tham gia 5 năm",
                "reviewCount": "10 Đánh giá",
                "likedCount": "0 Lượt cảm ơn"
            },
            "review": {
                "rating": 5,
                "title": "Cực kì hài lòng",
                "content": ""
            }
        },
        {
            "reviewer": {
                "name": "nguyen trong nghia",
                "date": "Đã tham gia 7 năm",
                "reviewCount": "31 Đánh giá",
                "likedCount": "0 Lượt cảm ơn"
            },
            "review": {
                "rating": 5,
                "title": "Cực kì hài lòng",
                "content": ""
            }
        }
    ]
}