{
    "url": "https://tiki.vn/hanh-trinh-nuoi-con-p275853510.html?spid=275853514",
    "info": {
        "title": "Hành Trình Nuôi Con: Chăm con 0-12 tháng",
        "author": "Heidi Murkoff",
        "imageUrl": "https://salt.tikicdn.com/cache/750x750/ts/product/45/a4/20/f9a37f4361ac4f53c98de2f1cc209cad.jpg.webp",
        "soldQuantity": 58,
        "currentPrice": 560000,
        "originalPrice": 699000
    },
    "details": {
        "publisher": "Alphabooks",
        "publishDate": "2024-01-08 00:00:00",
        "dimensions": "22x27",
        "translator": "Phương Anh",
        "coverType": "Bìa mềm",
        "pageCount": "664",
        "publishingHouse": "Nhà Xuất Bản Dân Trí"
    },
    "description": "Bằng việc kết hợp kinh nghiệm cá nhân của mình với nghiên cứu khoa học và ý kiến từ các chuyên gia y tế Heidi Murkoff đã viết tiếp cuốn sách thứ 2 mang tên “Hành Trình Nuôi Con: Chăm Con 0-12 Tháng” (What to expect: The 1st year) - một cẩm nang toàn diện dành cho các bậc cha mẹ mới, cung cấp hướng dẫn chi tiết từ khi chuẩn bị đón con chào đời đến khi bé tròn một tuổi.\nCuốn sách được viết với một cấu trúc rõ ràng, nhằm cung cấp hướng dẫn chi tiết cho cha mẹ trong việc nuôi dưỡng trẻ từ sơ sinh đến 12 tháng tuổi. Sách được chia thành các chương theo từng tháng và các chủ đề đặc biệt, giúp người đọc dễ dàng tìm kiếm và theo dõi thông tin cần thiết. Mỗi chương đều cung cấp các thông tin về những thay đổi phát triển của trẻ, từ sự phát triển thể chất đến sự phát triển nhận thức và cảm xúc.\nGiá sản phẩm trên Tiki đã bao gồm thuế theo luật hiện hành. Bên cạnh đó, tuỳ vào loại sản phẩm, hình thức và địa chỉ giao hàng mà có thể phát sinh thêm chi phí khác như phí vận chuyển, phụ phí hàng cồng kềnh, thuế nhập khẩu (đối với đơn hàng giao từ nước ngoài có giá trị trên 1 triệu đồng).....",
    "rating": {
        "totalRating": 5.0,
        "numberOfRating": 2
    },
    "reviews": [
        {
            "reviewer": {
                "name": "Sơn",
                "date": "Đã tham gia 6 năm",
                "reviewCount": "1 Đánh giá",
                "likedCount": "0 Lượt cảm ơn"
            },
            "review": {
                "rating": 5,
                "title": "Cực kì hài lòng",
                "content": ""
            }
        },
        {
            "reviewer": {
                "name": "Huỳnh Mai",
                "date": "Đã tham gia 6 năm",
                "reviewCount": "3 Đánh giá",
                "likedCount": "0 Lượt cảm ơn"
            },
            "review": {
                "rating": 5,
                "title": "Cực kì hài lòng",
                "content": ""
            }
        }
    ]
}