{
    "url": "https://tiki.vn/cha-me-kho-on-luyen-con-khon-p276139258.html?spid=276139260",
    "info": {
        "title": "Cha Mẹ Khờ Ôn Luyện Con Khôn",
        "author": "Hoàng Anh Tú",
        "imageUrl": "https://salt.tikicdn.com/cache/750x750/ts/product/b9/96/d6/22ba6d3f7bc8eea6f8aba857df972895.jpg.webp",
        "soldQuantity": 17,
        "currentPrice": 90400,
        "originalPrice": 129000
    },
    "details": {
        "Bookcare": "Có",
        "publisher": "Thái Hà",
        "dimensions": "14 x 20.5 cm",
        "pageCount": "264",
        "publishingHouse": "Nhà Xuất Bản Công Thương"
    },
    "description": "Cuốn sách được biết bởi – Tác giả Hoàng Anh Tú\nXin lỗi con vì những điều cha mẹ MUỐN TỐT cho con mà đã vô tình khiến con bị tổn thương trong suốt những năm tháng ấu thơ của mình.Xin lỗi con vì cha mẹ đã quên mình từng là trẻ con, vì đã không nhận ra con chưa từng làm cha mẹ.Xin lỗi con vì những bận rộn mưu sinh khiến cha mẹ chưa lắng nghe hết lời con muốn nói.Xin lỗi con vì cả những vụng về của lần đầu làm cha, làm mẹ.Cảm ơn con vì đã làm con, trở thành cội nguồn hạnh phúc của cha mẹ.Cảm ơn con vì đã bao dung, tha thứ cho cha mẹ.Cảm ơn con vì tất cả, vì chúng ta đã có mặt cùng nhau, cùng đi trên hành trình này.Cuốn sách này không được viết từ người cha hoàn hảo, trái lại nó được viết từ một người cha yêu con một cách vụng về, đầy lỗi và cũng chưa từng muốn trở thành người cha hoàn hảo. Cuốn sách dành cho những người cha, người mẹ như tôi, trong hành trình Cha mẹ khờ - Ôn luyện con khôn.-Tác giả Hoàng Anh Tú\nLàm cha mẹ là một hành trình đầy cảm xúc, không chỉ có niềm vui mà còn cả những nỗi buồn. Có những khi chúng ta cảm thấy tổn thương không phải vì con mắc lỗi, mà chính vì lo lắng mình chưa làm tròn trách nhiệm.Con đang không ổn bố mẹ ạ! Giá như mọi đứa trẻ đều có thể nói ra những suy nghĩ và cảm xúc với cha mẹ của mình. Một đứa trẻ nói ra được tâm trạng của mình với cha mẹ là một đứa trẻ can đảm. Và quan trọng hơn, cha mẹ của đứa trẻ đó cũng là những người làm cha mẹ đáng học hỏi. Chỉ tiếc rằng, phần lớn những đứa trẻ này không thể nói ra được là bởi cha mẹ chúng chưa bao giờ để chúng được nói ra, mà chỉ thường xuyên quát mắng: “Trẻ con thì biết cái gì?” Bằng việc quy kết, phán xét, mắng mỏ, phủ nhận hoặc phớt lờ chúng từ rất lâu trước đó, cha mẹ khiến chúng nghĩ rằng: “Nói ra với cha mẹ cũng chẳng có nghĩa gì, đằng nào cha mẹ cũng có nghe đâu”.\nChúng ta chỉ có năm giác quan: Thính Giác - Thị giác - Khứu giác - Vị giác - Xúc giác. Những khi làm cha mẹ, chúng ta có thêm hai giác quan nữa là Trực giác và Tự giác. Cha mẹ khờ - ôn luyện con khôn” sẽ là người bạn đồng hành cùng bạn học cách sử dụng trọn vẹn 7 giác quan đó trong hành trình nuôi dạy con và xây dựng gia đình hạnh phúc.\nCuốn sách này không phải cẩm nang hay bí quyết gì cao siêu, khó thực hiện mà là chia sẻ những bí quyết, kinh nghiệm để cha mẹ thấu hiểu con hơn, từ đó có cách giáo dục phù hợp. Cuốn sách với mong mỏi chữa lành những tổn thương và lo lắng của phần đông cha mẹ.\nLàm cha mẹ là suốt đời lo lắng. Chúng ta không cần làm cha mẹ hoàn hảo mới dạy được con mình. Mong rằng cuốn sách này sẽ giúp các cha mẹ có thể thở phào nhẹ nhõm, tiếp tục hành trình làm cha mẹ một cách hạnh phúc hơn.\nGiá sản phẩm trên Tiki đã bao gồm thuế theo luật hiện hành. Bên cạnh đó, tuỳ vào loại sản phẩm, hình thức và địa chỉ giao hàng mà có thể phát sinh thêm chi phí khác như phí vận chuyển, phụ phí hàng cồng kềnh, thuế nhập khẩu (đối với đơn hàng giao từ nước ngoài có giá trị trên 1 triệu đồng).....",
    "rating": {
        "totalRating": 5.0,
        "numberOfRating": 2
    },
    "reviews": [
        {
            "reviewer": {
                "name": "Nguyễn Thị Mai",
                "date": "Đã tham gia 5 năm",
                "reviewCount": "8 Đánh giá",
                "likedCount": "0 Lượt cảm ơn"
            },
            "review": {
                "rating": 5,
                "title": "Cực kì hài lòng",
                "content": ""
            }
        },
        {
            "reviewer": {
                "name": "Lâm An",
                "date": "Đã tham gia 9 năm",
                "reviewCount": "71 Đánh giá",
                "likedCount": "21 Lượt cảm ơn"
            },
            "review": {
                "rating": 5,
                "title": "Cực kì hài lòng",
                "content": ""
            }
        }
    ]
}