{
    "url": "https://tiki.vn/mo-hinh-can-thiep-som-denver-cho-tre-tu-ky-thuc-day-ky-nang-ngon-ngu-hoc-tap-va-tuong-tac-p194104226.html?spid=194104227",
    "info": {
        "title": "Mô Hình Can Thiệp Sớm Denver Cho Trẻ Tự Kỷ - Thúc Đẩy Kỹ Năng Ngôn Ngữ, Học Tập Và Tương Tác",
        "author": "Geraldine Dawson,",
        "imageUrl": "https://salt.tikicdn.com/cache/750x750/ts/product/6b/b3/c5/ceb1194b47b2888a3c0f56525686c8ad.jpg.webp",
        "soldQuantity": 274,
        "currentPrice": 135000,
        "originalPrice": 210000
    },
    "details": {
        "bookVersion": "Phiên bản thường",
        "publisher": "NXB Trẻ",
        "publishDate": "2022-08-08 00:00:00",
        "dimensions": "14 x 20 cm",
        "translator": "Vũ Thị Mai Anh",
        "pageCount": "592",
        "publishingHouse": "NXB Trẻ"
    },
    "description": "\n\n\nGiá sản phẩm trên Tiki đã bao gồm thuế theo luật hiện hành. Bên cạnh đó, tuỳ vào loại sản phẩm, hình thức và địa chỉ giao hàng mà có thể phát sinh thêm chi phí khác như phí vận chuyển, phụ phí hàng cồng kềnh, thuế nhập khẩu (đối với đơn hàng giao từ nước ngoài có giá trị trên 1 triệu đồng).....",
    "rating": {
        "totalRating": 5.0,
        "numberOfRating": 20
    },
    "reviews": [
        {
            "reviewer": {
                "name": "Yến Nhi",
                "date": "Đã tham gia 5 năm",
                "reviewCount": "14 Đánh giá",
                "likedCount": "1 Lượt cảm ơn"
            },
            "review": {
                "rating": 5,
                "title": "Cực kì hài lòng",
                "content": "Sách tốt, giao nhanh"
            }
        },
        {
            "reviewer": {
                "name": "Hoàng Chiều",
                "date": "Đã tham gia 7 năm",
                "reviewCount": "7 Đánh giá",
                "likedCount": "0 Lượt cảm ơn"
            },
            "review": {
                "rating": 5,
                "title": "Cực kì hài lòng",
                "content": "Rất hữu ích và khoa học. Cảm ơn."
            }
        },
        {
            "reviewer": {
                "name": "Trần Nguyễn Ngọc Trâm",
                "date": "Đã tham gia 9 năm",
                "reviewCount": "90 Đánh giá",
                "likedCount": "21 Lượt cảm ơn"
            },
            "review": {
                "rating": 5,
                "title": "Cực kì hài lòng",
                "content": ""
            }
        },
        {
            "reviewer": {
                "name": "Dương Thị Nhật Minh",
                "date": "Đã tham gia 8 năm",
                "reviewCount": "13 Đánh giá",
                "likedCount": "0 Lượt cảm ơn"
            },
            "review": {
                "rating": 5,
                "title": "Cực kì hài lòng",
                "content": ""
            }
        },
        {
            "reviewer": {
                "name": "Lê Thị Minh Hằng",
                "date": "Đã tham gia 6 năm",
                "reviewCount": "67 Đánh giá",
                "likedCount": "0 Lượt cảm ơn"
            },
            "review": {
                "rating": 5,
                "title": "Cực kì hài lòng",
                "content": ""
            }
        }
    ]
}