{
    "url": "https://tiki.vn/me-nhat-thai-giao-p275703757.html?spid=275703760",
    "info": {
        "title": "Mẹ Nhật Thai Giáo",
        "author": "Akira Ikegawa",
        "imageUrl": "https://salt.tikicdn.com/cache/750x750/ts/product/69/6e/3c/580d5880b4e2db45c86062be1bc5497f.jpg.webp",
        "soldQuantity": 280,
        "currentPrice": 64000,
        "originalPrice": 89000
    },
    "details": {
        "bookVersion": "Phiên bản thường",
        "publisher": "Thái Hà",
        "publishDate": "2021-08-15 00:00:00",
        "dimensions": "13 x 19 cm",
        "translator": "Lê Giang",
        "coverType": "Bìa mềm",
        "pageCount": "160",
        "publishingHouse": "Nhà Xuất Bản Lao Động"
    },
    "description": "“Cảm ơn con vì đã chọn bố mẹ trong số hàng triệu triệu cặp đôi trên thế giới này”, “Cảm ơn con đã đến để giúp bố mẹ trưởng thành hơn.” Đó là thông điệp mà cuốn sách muốn gửi đến với tất cả các độc giả.\nQuá trình mang trong mình một hình hài bé nhỏ giống như một trường đoạn trong bộ phim cuộc đời, trong đó người phụ nữ có những sự biến đổi cả về thể chất lẫn tâm hồn. Chắc chắn, rất nhiều bà mẹ luôn trân trọng, nâng niu những ký ức khi mang thai, khi sinh con, cũng như khoảnh khắc lần đầu tiên được ôm con vào lòng.\nTất cả các bà mẹ đều nói rằng: “Nuôi con vất vả lắm nhưng bù lại rất vui, vả lại chỉ cần cho bú đủ thôi là được rồi.” Cũng có nhiều bà mẹ nói rằng, họ hiểu em bé cần gì nên cảm thấy nuôi con rất nhàn.” Vậy làm thế nào để hiểu được con. Có rất nhiều điều mà các bà mẹ hiện nay vẫn chưa biết rằng em bé trong bụng mẹ có ký ức về thời khắc được sinh ra và có thể hiểu được những gì đang diễn ra bên ngoài.Sinh con là một cột mốc quan trọng trong quá trình nuôi dạy con, có ảnh hưởng lớn đến sự hình thành nhân cách của đứa trẻ. Không những thế trẻ con là tấm gương phản chiếu của người lớn. Bản thân bố mẹ phải đủ dũng khí để dứt bỏ những chỗ chưa tốt của mình. Đối với một người mẹ, quá trình mang thai, sinh con và nuôi dạy con là một cơ hội làm thay đổi lớn cuộc đời họ và để chính họ trưởng thành. Trẻ sơ sinh hoặc trẻ nhỏ thường là tấm gương phản chiếu những lo lắng của mẹ. Có những trường hợp nếu mẹ làm bộ mặt lo lắng thì bé cũng sẽ cảm thấy không khoẻ trong người, còn nếu mẹ tỏ ra bình thường thì tự dưng bé sẽ khoẻ lên. Tùy theo tâm trạng của mẹ mà cơ thể sẽ tiết ra các loại hoocmon khác nhau, chẳng hạn như lúc hạnh phúc thì cơ thể sẽ tiết ra dopamine, lúc sợ hãi là adrenaline, lúc đầy ắp yêu thương là gonadotropin. Các hoocmon này sẽ đi qua dây rốn truyền vào máu trong người em bé. Sinh con và nuôi dạy con là một cơ hội tuyệt vời để nhìn lại cuộc đời.\nNuôi dạy con không có nghĩa là chỉ bảo làm con cái này cái nọ mà là bồi đắp cho mình khả năng ở cạnh trẻ, sẻ chia cùng trẻ, đồng cảm với trẻ. Cha mẹ thường kỳ vọng ở con, muốn con như thế này như thế khác, nhưng chính điều đó làm cản trở sự phát triển của trẻ. Thực chất là năng lực của bé vượt xa những gì chúng ta nghĩ. Tuy nhiên, do bị chi phối bởi quá nhiều định kiến nên chúng ta không nhận ra những điều rõ ràng trước mắt mà thôi. Các bạn có biết em bé đã phải chịu nhiều đau đớn khó nhọc để đến với thế giới quá phức tạp này chỉ để gặp bố mẹ. Đó chính là em bé rất yêu bố mẹ nên đã chọn bố mẹ để sinh ra. Vì vậy bố mẹ hãy chào đón bé bằng vòng tay tràn ngập yêu thương nhé.\nNuôi dạy con có vô số phương pháp. Vì thế, hãy tập trung vào việc tạo mối liên kết với em bé hơn là suy nghĩ quá nhiều về phương pháp nuôi dạy con. Dù bạn không thể một mình thay đổi được tình trạng đau khổ ấy, nhưng chắc chắn, chỉ cần bạn thay đổi cách nhìn nhận vấn đề, thay đổi tâm trạng, thì một cuộc đời mới sẽ được mở ra.Mang thai cũng chính là cơ hội để bạn học cách thay đổi tâm trạng cùng người bạn đồng hành tuyệt vời của mình, đứa con yêu thương ở trong bụng. Xin hãy nhớ lấy! Em bé sinh ra để được gặp bố và mẹ.\nKhông phải bố mẹ chọn em bé, mà là em bé đã chọn bố mẹ để sinh ra.\nCó thể nói đây là 1 cuốn sách miêu tả sinh động và phương pháp nuôi dạy trẻ từ lúc còn trong bụng mẹ. Một sợi dây liên kết vô hình nào đó mà các bà mẹ hiện nay chưa biết về đứa con trong bụng mình. Hãy đặt câu hỏi bé là ai, tại sao bé lại chọn bố mẹ, tại sao không phải là một cặp đôi khác, giữa bố mẹ và bé có mối quan hệ như thế nào, làm sao để bé và mẹ có thể hiểu nhau, tại sao bé lại làm mọi thứ xung quanh ta thay đổi,…. Rất nhiều câu hỏi tại sao. Và cuốn sách này sẽ giải đáp các vấn đề đó và thậm chí mở ra một cái nhìn mới hơn về 1 sinh linh bé bỏng đang ở bên chúng ta.\nGiới thiệu tác giả:\nAkira Ikegawa (1954-), tốt nghiệp từ các trường Đại học Teikyo of Medicine. Là người đứng đầu sản khoa tại Bệnh viện Trung ương ageo chung, ông mở phòng khám Ikegawa vào năm 1989. Được biết đến với nghiên cứu của mình vào bộ nhớ trước khi sinh và khi sinh, ông thường xuyên giảng dạy và xuất hiện trong các phương tiện truyền thông. Ông chủ trương thực hành bảo sanh và điều trị nơi người mẹ và đứa con đầu tiên. Ông là cố vấn Nhật Bản Hiệp hội trước khi sinh và Tâm lý Chu sinh và Y tế (APPPAH).\nCông ty Cổ phần Sách Thái Hà trân trọng giới thiệu!\nGiá sản phẩm trên Tiki đã bao gồm thuế theo luật hiện hành. Bên cạnh đó, tuỳ vào loại sản phẩm, hình thức và địa chỉ giao hàng mà có thể phát sinh thêm chi phí khác như phí vận chuyển, phụ phí hàng cồng kềnh, thuế nhập khẩu (đối với đơn hàng giao từ nước ngoài có giá trị trên 1 triệu đồng).....",
    "rating": {
        "totalRating": 5.0,
        "numberOfRating": 5
    },
    "reviews": [
        {
            "reviewer": {
                "name": "Hayu phạm",
                "date": "Đã tham gia 4 năm",
                "reviewCount": "4 Đánh giá",
                "likedCount": "7 Lượt cảm ơn"
            },
            "review": {
                "rating": 5,
                "title": "Cực kì hài lòng",
                "content": "Quyển sách rất hay, nó giúp mình thấu hiểu và biết cách kết nối với bạn nhỏ hơn"
            }
        },
        {
            "reviewer": {
                "name": "Nguyen Tra My",
                "date": "Đã tham gia 4 năm",
                "reviewCount": "9 Đánh giá",
                "likedCount": "0 Lượt cảm ơn"
            },
            "review": {
                "rating": 5,
                "title": "Cực kì hài lòng",
                "content": ""
            }
        },
        {
            "reviewer": {
                "name": "Mai Thai Son",
                "date": "Đã tham gia 4 năm",
                "reviewCount": "10 Đánh giá",
                "likedCount": "0 Lượt cảm ơn"
            },
            "review": {
                "rating": 5,
                "title": "Cực kì hài lòng",
                "content": ""
            }
        },
        {
            "reviewer": {
                "name": "Ngoc Nam",
                "date": "Đã tham gia 7 năm",
                "reviewCount": "20 Đánh giá",
                "likedCount": "0 Lượt cảm ơn"
            },
            "review": {
                "rating": 5,
                "title": "Cực kì hài lòng",
                "content": ""
            }
        },
        {
            "reviewer": {
                "name": "Hoang Oanh",
                "date": "Đã tham gia 2 năm",
                "reviewCount": "2 Đánh giá",
                "likedCount": "0 Lượt cảm ơn"
            },
            "review": {
                "rating": 5,
                "title": "Cực kì hài lòng",
                "content": ""
            }
        }
    ]
}