{
    "url": "https://tiki.vn/lam-gi-khi-the-gioi-khien-con-ban-phat-dien-p217336256.html?spid=217336258",
    "info": {
        "title": "LÀM GÌ KHI THẾ GIỚI KHIẾN CON BẠN PHÁT ĐIÊN?",
        "author": "Louis Weinstock",
        "imageUrl": "https://salt.tikicdn.com/cache/750x750/ts/product/68/74/2e/3f140795371b8edc9bf90ce993b179bd.jpg.webp",
        "soldQuantity": 41,
        "currentPrice": 107000,
        "originalPrice": 148000
    },
    "details": {
        "bookVersion": "Phiên bản thường",
        "publisher": "Sky Mommy",
        "publishDate": "2023-02-01 00:00:00",
        "dimensions": "15.7 x 24 cm",
        "translator": "Chu Minh Ngọc",
        "coverType": "Bìa mềm",
        "pageCount": "344",
        "publishingHouse": "Nhà Xuất Bản Phụ Nữ Việt Nam"
    },
    "description": "Làm Gì Khi Thế Giới Khiến Con Bạn Phát Điên?\nThế giới hiện đại luôn không ngừng biến động với đầy rẫy khó khăn và nguy hiểm.\nChúng ta dễ dàng nhận thấy các mối nguy hại khi liên tiếp trên báo chí, các trang mạng xã hội tin tức về trường hợp trẻ em tự làm hại bản thân, trầm cảm, nổi loạn chống đối xã hội, bị lạm dụng tình dục bởi chính những người thân trong gia đình, rối loạn lo âu khi bố mẹ ly hôn, ….\nĐó là hồi chuông báo động để những người làm cha mẹ phải đặt ra câu hỏi: làm thế nào chúng ta có thể giúp con mình cảm thấy an toàn khi tương lai ngày càng trở nên bất ổn?\nThông qua các case tư vấn, trị liệu tâm lý, tác giả Louis Weinstock đã đưa ra lời giải đáp cho câu hỏi trên một cách thuyết phục nhất bằng cuốn sách “Làm gì khi thế giới khiến con bạn phát điên?”\nCuốn sách này sẽ giúp bạn hiểu ra điều cốt lõi: bạn là lăng kính đầu tiên giúp con mình cảm nhận thế giới. Khi nhận ra rằng ta chính là môi trường mà con cái lớn lên, ta sẽ ngừng bắt bẻ chúng. Thay vào đó, bạn sẽ biết cách trao cho con tình yêu thương, sự chân thành. Và tình yêu là điều mấu chốt giúp con trưởng thành trong một thế giới đang đi chệch hướng.\nCuốn sách cũng chỉ ra 7 mô hình tâm lý gây ra nhiều khó khăn nhất cho các bậc phụ huynh, trẻ em và cả thế giới. Nó bao gồm: Tâm lý nạn nhân, Chứng ái kỷ, Thực tế ảo, Sự thiếu thốn, Sự vô cảm, Sự hỗn loạn, Sự tuyệt vọng. Sâu trong tâm trí mỗi người, có thể tồn tại những cảm giác này. Nhưng nếu thấu hiểu triệt để, bạn sẽ thấy trong nhược điểm, có những ưu điểm tồn tại. Khi soi sáng được gốc rễ vấn đề, ta sẽ giảm bớt tác động của chúng lên thế giới con trẻ, giúp con trưởng thành mạnh mẽ, can đảm và tự tin hơn.\nGiá sản phẩm trên Tiki đã bao gồm thuế theo luật hiện hành. Bên cạnh đó, tuỳ vào loại sản phẩm, hình thức và địa chỉ giao hàng mà có thể phát sinh thêm chi phí khác như phí vận chuyển, phụ phí hàng cồng kềnh, thuế nhập khẩu (đối với đơn hàng giao từ nước ngoài có giá trị trên 1 triệu đồng).....",
    "rating": {},
    "reviews": []
}