{
    "url": "https://tiki.vn/huong-dan-thiet-ke-he-thong-dieu-hoa-khong-khi-in-lan-thu-sau-co-bo-sung-va-sua-chua-nguyen-duc-loi-tai-ban-2024-p275306986.html?spid=275306987",
    "info": {
        "title": "Hướng Dẫn Thiết Kế Hệ Thống Điều Hòa Không Khí (In lần thứ sáu có bổ sung và sửa chữa) - Nguyễn Đức Lợi (Tái bản 2024)",
        "author": "Nguyễn Đưc Lợi",
        "imageUrl": "https://salt.tikicdn.com/cache/750x750/ts/product/25/82/5c/3c48d78e94b433367cd2ed1c12711ae5.jpg.webp",
        "soldQuantity": 4,
        "currentPrice": 192000,
        "originalPrice": 192000
    },
    "details": {
        "publisher": "Nhà Xuất Bản Khoa học và Kỹ thuật",
        "publishDate": "2024-06-18 09:45:55",
        "coverType": "Bìa mềm",
        "pageCount": "424",
        "publishingHouse": "Nhà Xuất Bản Khoa học và Kỹ thuật"
    },
    "description": "\n\n\n\n\n\n\n\nGiá sản phẩm trên Tiki đã bao gồm thuế theo luật hiện hành. Bên cạnh đó, tuỳ vào loại sản phẩm, hình thức và địa chỉ giao hàng mà có thể phát sinh thêm chi phí khác như phí vận chuyển, phụ phí hàng cồng kềnh, thuế nhập khẩu (đối với đơn hàng giao từ nước ngoài có giá trị trên 1 triệu đồng).....",
    "rating": {},
    "reviews": []
}