{
    "url": "https://tiki.vn/cac-yeu-to-kien-truc-hien-dai-de-thau-hieu-cong-trinh-duong-dai-p275419204.html?spid=275419205",
    "info": {
        "title": "Các Yếu Tố Kiến Trúc Hiện Đại - Để Thấu Hiểu Công Trình Đương Đại",
        "author": null,
        "imageUrl": "https://salt.tikicdn.com/cache/750x750/ts/product/bd/96/13/7932b584cc80f809792612718c48bd84.jpg.webp",
        "soldQuantity": 10,
        "currentPrice": 546000,
        "originalPrice": 695000
    },
    "details": {
        "publisher": "Cty Sách Á Châu",
        "publishDate": "2023-12-21 14:00:00",
        "coverType": "Bìa mềm",
        "Phương thức giao hàng Seller Delivery": "Nhà bán giao hàng cho khách hàng",
        "publishingHouse": "Nhà Xuất Bản Thế Giới"
    },
    "description": "Các Yếu Tố Kiến Trúc Hiện Đại - Để Thấu Hiểu Công Trình Đương Đại\nNgay từ những buổi đầu chập chững bước chân vào ngành kiến trúc, chúng tôi đã bắt đầu nhận thức được sự hiện diện của một khoảng cách to lớn phân cách giữa các khía cạnh hữu hình của kiến trúc và những nguyên tắc cơ bản chi phối bên trong nó. Chúng tôi cũng nhận ra được rằng khoảng cách này chỉ có thể được làm mờ đi qua sự phân tích và diễn giải một cách chặt chẽ, trên nền tảng của một quá trình rèn luyện và một cơ sở kinh nghiệm phong phú. Tuy nhiên, đây lại chính là những thách thức mà nhiều kiến trúc sư trẻ đang phải đối mặt trong quá trình hoàn thiện bản thân để có thể trực tiếp phân tích và giải thích các công trình một cách sâu sắc, đặc biệt là khi tiếp cận với những tác phẩm kiến trúc nổi tiếng, bởi lẽ chúng mang trong m.ình những ý nghĩa đa tầng và đa diện. Với cái nhìn ấy, chúng tôi thấy m.ình được thúc đẩy bởi một động lực thôi thúc để mang quyển sách này đến với độc giả trẻ tại Việt Nam, nhất là những kiến trúc sư trẻ đang hứng thú và sẵn sàng đóng góp cho sự kiến tạo không gian xây dựng của chúng ta trong tương lai.\nQua hơn năm mươi công trình kiến trúc tiêu biểu, được thiết kế bởi những bậc thầy của kiến trúc hiện đại và được trình bày trong từng chương của cuốn sách này, chúng tôi luôn cảm nhận được sự kêu gọi khám phá mối quan hệ giữa lý thuyết và thực hành trong kiến trúc. Trong việc dịch giải những yếu tố hình thức và nền tảng lý thuyết của các công trình biểu tượng này, chúng tôi mong muốn đóng góp một phần vào nỗ lực thu hẹp khoảng cách giữa thực tiễn và nguyên tắc, đem câu chuyện kiến trúc mang tính toàn cầu vào một bối cảnh dễ tiếp cận, hấp dẫn và truyền cảm hứng hơn cho độc giả Việt Nam, đặc biệt là các bạn sinh viên và các kiến trúc sư trẻ.\nGiá sản phẩm trên Tiki đã bao gồm thuế theo luật hiện hành. Bên cạnh đó, tuỳ vào loại sản phẩm, hình thức và địa chỉ giao hàng mà có thể phát sinh thêm chi phí khác như phí vận chuyển, phụ phí hàng cồng kềnh, thuế nhập khẩu (đối với đơn hàng giao từ nước ngoài có giá trị trên 1 triệu đồng).....",
    "rating": {},
    "reviews": []
}