{
    "url": "https://tiki.vn/tom-luoc-chuyen-doi-so-chien-luoc-va-lo-trinh-p275947118.html?spid=275947119",
    "info": {
        "title": "Tóm lược Chuyển đổi số - Chiến lược và lộ trình",
        "author": null,
        "imageUrl": "https://salt.tikicdn.com/cache/750x750/ts/product/cd/17/a5/2af7f52da3dc10306706dc4c4ea00097.jpg.webp",
        "soldQuantity": 18,
        "currentPrice": 124000,
        "originalPrice": 155000
    },
    "details": {
        "publisher": "NXB Thông Tin Và truyền Thông",
        "publishingHouse": "Nhà Xuất Bản Thông Tin Và Truyền Thông"
    },
    "description": "Nhằm khuyến khích toàn dân nâng cao nhận thức và đưa mục tiêu phát triển chuyển đổi số vào cuộc sống, NXB TT&TT phối hợp với Cục Xuất bản, In và Phát hành và Viện Quản lý PACE xuất bản cuốnTóm lược chuyển đổi số: Chiến lược và lộ trìnhcủa tác giả Davis L. Rogers - giảng viên Trường Đại học Colombia (Mỹ), chuyên gia tư vấn về chuyển đổi số, Chủ nhiệm của chương trình đào tạo Chiến lược kinh doanh chuyển đổi số.\nTác giả đã gặp gỡ, truyền cảm hứng cho lãnh đạo các tập đoàn hàng đầu thế giới như Google, Microsoft, Toyota, HSBC, Unilever, Procter & Gamble, Merck, GE, Toyota, C Nội dung tiếng Việt của cuốn sách được dịch bởi chuyên gia Phạm Anh Tuấn.\nLà “bộ óc” có tầm ảnh hưởng bậc nhất thế giới về chuyển đổi số, Davis L. Rogers đã tổng hợp và tinh lọc những hiểu biết của ông từ 2 tựa sách nổi tiếng làThe Digital Transformation Playbook (Chiến lược chuyển đổi số)vàDigital Transformation Roadmap (Lộ trình chuyển đổi số doanh nghiệp)để cung cấp cho người đọc những chiến lược hành động và lộ trình phù hợp với các giai đoạn khác nhau của quá trình chuyển đổi số; tầm quan trọng của việc thích ứng những chiến lược trong các bối cảnh tổ chức khác nhau, đồng thời duy trì sự linh hoạt khi thực thi.\nBên cạnh đó, cuốn sách cũng đề cập đến các nghiên cứu điển hình cho thấy sự chuyển đổi thành công của nhiều ngành công nghiệp khác nhau. Tác phẩm rút gọn được thực hiện kỳ công và thế giới chưa ai làm. Nội dung cần đảm bảo đầy đủ nhưng cách thể hiện \"đa hình\" để mỗi cuốn sách có nhiều phiên bản, phù hợp với đa dạng đối tượng bạn đọc.\nTóm lược chuyển đổi số: Chiến lược và lộ trìnhhứa hẹn sẽ là tài liệu hỗ trợ đắc lực cho đông đảo đối tượng bạn đọc là các nhà lãnh đạo cơ quan, tổ chức, doanh nghiệp, các chuyên gia làm việc trong lĩnh vực chuyển đổi số cùng những người đang quan tâm đến vấn đề này.\nCuốn sách tinh gọn này không chỉ nhằm mục đích mang đến sự hiểu biết sâu sắc về chuyển đổi số mà còn truyền cảm hứng cho các nhà lãnh đạo bằng cách cho thấy việc chấp nhận sự thay đổi số có thể dẫn đến cơ hội tăng trưởng chưa từng có.\nGiá sản phẩm trên Tiki đã bao gồm thuế theo luật hiện hành. Bên cạnh đó, tuỳ vào loại sản phẩm, hình thức và địa chỉ giao hàng mà có thể phát sinh thêm chi phí khác như phí vận chuyển, phụ phí hàng cồng kềnh, thuế nhập khẩu (đối với đơn hàng giao từ nước ngoài có giá trị trên 1 triệu đồng).....",
    "rating": {
        "totalRating": 5.0,
        "numberOfRating": 3
    },
    "reviews": [
        {
            "reviewer": {
                "name": "Dinh Tan Phong",
                "date": "Đã tham gia 9 năm",
                "reviewCount": "86 Đánh giá",
                "likedCount": "3 Lượt cảm ơn"
            },
            "review": {
                "rating": 5,
                "title": "Cực kì hài lòng",
                "content": ""
            }
        },
        {
            "reviewer": {
                "name": "Vũ Thị Hồng Thắm",
                "date": "Đã tham gia 3 năm",
                "reviewCount": "1 Đánh giá",
                "likedCount": "0 Lượt cảm ơn"
            },
            "review": {
                "rating": 5,
                "title": "Cực kì hài lòng",
                "content": ""
            }
        },
        {
            "reviewer": {
                "name": "Trần Ngọc Hoàn",
                "date": "Đã tham gia 6 năm",
                "reviewCount": "160 Đánh giá",
                "likedCount": "0 Lượt cảm ơn"
            },
            "review": {
                "rating": 5,
                "title": "Cực kì hài lòng",
                "content": ""
            }
        }
    ]
}