{
    "url": "https://tiki.vn/suy-nghi-thong-ke-trong-doi-thuong-nguyen-van-tuan-tai-ban-co-bo-sung-2024-nxb-p275399720.html?spid=275399721",
    "info": {
        "title": "Suy nghĩ thống kê trong đời thường - Nguyễn Văn Tuấn - Tái bản có bổ sung 2024 (NXB)",
        "author": "Nguyễn Văn Tuấn",
        "imageUrl": "https://salt.tikicdn.com/cache/750x750/ts/product/8d/0e/7e/de0983803970fa2a15a0e7099fc4fc21.png.webp",
        "soldQuantity": 85,
        "currentPrice": 129000,
        "originalPrice": 129000
    },
    "details": {
        "publisher": "Nhà xuất bản Tổng hợp TP.HCM",
        "publishDate": "2024-06-24 11:47:49",
        "coverType": "Bìa mềm tay gấp",
        "pageCount": "400",
        "publishingHouse": "Nhà Xuất Bản Tổng hợp TP.HCM"
    },
    "description": "Tác giả: Nguyễn Văn Tuấn\nKích thước: 13.5 x20.5 cm\nSố trang: 400 trang\nNăm xuất bản: 2024\nGiá: 165.000\nNXB Tổng Hợp TPHCM\nLời tựa cho lần tái bản\nTôi rất hân hạnh được giới thiệu cuốn sách Suy nghĩ thống kê trong đời thường. Sự đón nhận nồng nhiệt của các bạn độc giả dành cho lần xuất bản đầu tiên vào năm 2022 là động lực to lớn để tôi tái bản cuốn sách.\nTrong lần tái bản này, tôi đã cập nhật thêm một số nội dung mới nhất về lĩnh vực thống kê, phản ảnh những tiến bộ gần đây trong phân tích dữ liệu và các ứng dụng thực tiễn. Bên cạnh đó, tôi cũng đã xem xét lại các góp ý của độc giả để cải thiện bố cục, trình bày và làm sáng tỏ thêm một số khái niệm khó hiểu.\nMục tiêu của tôi vẫn là giúp bạn đọc, bất kể nền tảng kiến thức về thống kê như thế nào, có thể hiểu được và vận dụng suy nghĩ thống kê trong mọi khía cạnh của cuộc sống. Cuốn sách này cung cấp cho bạn những tư duy thiết yếu để giải thích, phân tích và đưa ra những quyết định sáng suốt dựa trên dữ liệu.\nTôi hy vọng phiên bản thứ hai này sẽ tiếp tục đồng hành và hỗ trợ bạn đọc trên hành trình khám phá thế giới của những con số.\nNguyễn Văn Tuấn\nGiá sản phẩm trên Tiki đã bao gồm thuế theo luật hiện hành. Bên cạnh đó, tuỳ vào loại sản phẩm, hình thức và địa chỉ giao hàng mà có thể phát sinh thêm chi phí khác như phí vận chuyển, phụ phí hàng cồng kềnh, thuế nhập khẩu (đối với đơn hàng giao từ nước ngoài có giá trị trên 1 triệu đồng).....",
    "rating": {
        "totalRating": 4.4,
        "numberOfRating": 7
    },
    "reviews": [
        {
            "reviewer": {
                "name": "Hoàng Thế Sơn",
                "date": "Đã tham gia 9 năm",
                "reviewCount": "8 Đánh giá",
                "likedCount": "6 Lượt cảm ơn"
            },
            "review": {
                "rating": 5,
                "title": "Cực kì hài lòng",
                "content": ""
            }
        },
        {
            "reviewer": {
                "name": "LÊ ĐÀI TRANG",
                "date": "Đã tham gia 7 năm",
                "reviewCount": "57 Đánh giá",
                "likedCount": "3 Lượt cảm ơn"
            },
            "review": {
                "rating": 5,
                "title": "Cực kì hài lòng",
                "content": ""
            }
        },
        {
            "reviewer": {
                "name": "Trần Quang Hạ",
                "date": "Đã tham gia 10 năm",
                "reviewCount": "36 Đánh giá",
                "likedCount": "74 Lượt cảm ơn"
            },
            "review": {
                "rating": 5,
                "title": "Cực kì hài lòng",
                "content": ""
            }
        },
        {
            "reviewer": {
                "name": "Nguyễn Khánh An",
                "date": "Đã tham gia 11 năm",
                "reviewCount": "57 Đánh giá",
                "likedCount": "0 Lượt cảm ơn"
            },
            "review": {
                "rating": 5,
                "title": "Cực kì hài lòng",
                "content": ""
            }
        },
        {
            "reviewer": {
                "name": "Truong Anh Hong",
                "date": "Đã tham gia 6 năm",
                "reviewCount": "18 Đánh giá",
                "likedCount": "5 Lượt cảm ơn"
            },
            "review": {
                "rating": 3,
                "title": "Bình thường",
                "content": "Giấy mỏng, trang trước nhìn thấy chữ trang sau"
            }
        }
    ]
}