{
    "url": "https://tiki.vn/sach-du-lieu-kien-truc-su-tai-ban-2023-p275739116.html?spid=275739117",
    "info": {
        "title": "Sách DỮ LIỆU KIẾN TRÚC SƯ TÁI BẢN 2023",
        "author": "Ernst Neufert - Peter Neufert",
        "imageUrl": "https://salt.tikicdn.com/cache/750x750/ts/product/60/2d/e3/bbadeec38481640b1816cba3dcb8e1c7.jpeg.webp",
        "soldQuantity": 14,
        "currentPrice": 179000,
        "originalPrice": 179000
    },
    "details": {
        "publisher": "Công ty TNHH TM & DV Văn Hóa Hương Trang",
        "publishDate": "2023-05-10 13:11:53",
        "coverType": "Bìa mềm",
        "pageCount": "433",
        "publishingHouse": "Nhà Xuất Bản Thanh Niên"
    },
    "description": "Dữ Liệu Kiến Trúc Sư\nSổ Tay Các Loại Công Trình xây Dựng Dữ Liệu Kiến Trúc Sư được biên soạn mới mang tính quốc tế, từ các phi trường đến lưu xá thanh niên, 400 trang các loại công trình xây dựng, bảng, các tiêu chuẩn, dữ liệu dự kiến trên 3000 đồ án, mặt cắt, sơ đồ, thu mục, tài liêu tham khảo\nLà cuốn sách gối đầu giường dành cho SV lẫn các KTS lão làng. Cuốn sách là tập hợp các kích thước cơ bản đến phức tạp trong các hoạt động con người, kích thước tiêu chuẩn trong thiết kế…\nDữ liệu kiến trúc sư là một tài liệu thiết kế quen thuộc của sinh viên kiến trúc hay kiến trúc sư. Được tổ chức dựa theo các loại công trình, nó bao gồm đầy đủ các tiêu chuẩn về kích thước, với hơn 6200 biểu đồ, cung cấp một khối lượng dữ liệu cực lớn về các yêu cầu không gian. Đây là tài liệu bổ ích và cần thiết mà gần như sinh viên kiến trúc nào cũng cần trang bị cho mình.\nSách cũng đơn giản được gọi là Neufert, là một cuốn sách tham khảo cho các yêu cầu không gian trong thiết kế xây dựng và lập kế hoạch trang web. Được xuất bản lần đầu vào năm 1936 bởi Ernst Neufert, 39 phiên bản và bản dịch tiếng Đức của nó thành 17 thứ tiếng đã bán được hơn 500.000 bản.\nĐối với người học thiết kế kiến trúc – nội thất trên kệ sách không thể thiếusách dữ liệu kiến trúc sư – Neufert. Cuốn sách là một tài liệu tham khảo quan trọng, kim chỉ nam cho việc thiết kế và lập kế hoạch cho một dự án, một công trình.\nGiá sản phẩm trên Tiki đã bao gồm thuế theo luật hiện hành. Bên cạnh đó, tuỳ vào loại sản phẩm, hình thức và địa chỉ giao hàng mà có thể phát sinh thêm chi phí khác như phí vận chuyển, phụ phí hàng cồng kềnh, thuế nhập khẩu (đối với đơn hàng giao từ nước ngoài có giá trị trên 1 triệu đồng).....",
    "rating": {
        "totalRating": 5.0,
        "numberOfRating": 1
    },
    "reviews": [
        {
            "reviewer": {
                "name": "Van Hiep",
                "date": "Đã tham gia 1 tháng",
                "reviewCount": "28 Đánh giá",
                "likedCount": "0 Lượt cảm ơn"
            },
            "review": {
                "rating": 5,
                "title": "Cực kì hài lòng",
                "content": ""
            }
        }
    ]
}