{
    "url": "https://tiki.vn/thau-hieu-luat-vu-tru-p276614508.html?spid=276614509",
    "info": {
        "title": "Thấu Hiểu Luật Vũ Trụ",
        "author": null,
        "imageUrl": "https://salt.tikicdn.com/cache/750x750/ts/product/33/c0/31/1118f6c60fccb6b88022b28a2c1bb7c5.jpg.webp",
        "soldQuantity": 3,
        "currentPrice": 190000,
        "originalPrice": 200000
    },
    "details": {
        "publisher": "Cty TNHH Văn hóa Minh Lâm",
        "publishingHouse": "Nhà Xuất Bản Lao Động"
    },
    "description": "Làm sao hiểu rõ bản chất cuộc đời ? Nhìn ra cách các Quy luật đang tác động lên cuộc sống chúng ta như thế nào ?\nLàm sao ứng dụng các Quy luật ấy để cải tạo cuộc sống đầy bế tắc trở nên hạnh phúc nhất, đáng sống nhất ?\nĐể có được câu trả lời, bạn có thể tự mình đọc 10.000 cuốn sách, tham vấn hàng ngàn đạo sư khắp nơi, rồi tự mình phân tích tất cả dữ liệu, đúc rút ra quy luật, vạch ra con đường, tự thân thực hành, trải nghiệm suốt hàng chục năm. Bạn sẽ nắm rõ câu trả lời.\nNhưng thực sự, cách này quá khó, quá tốn thời gian. Tin vui, cuốn sách “Thấu hiểu luật Vũ trụ” đã được xuất bản và trả lời thấu đáo những câu hỏi này.\n“Thấu hiểu luật Vũ trụ” với bìa cứng, dầy 448 trang, trong đó 28 trang in màu sẽ đồng hành cùng độc giả khám phá những quy luật bất biến của Vũ trụ này, hứa hẹn sẽ đưa các bạn từ bất ngờ này đến bất ngờ khác, từ những tâm đắc này đến những tâm đắc khác.\nGiá sản phẩm trên Tiki đã bao gồm thuế theo luật hiện hành. Bên cạnh đó, tuỳ vào loại sản phẩm, hình thức và địa chỉ giao hàng mà có thể phát sinh thêm chi phí khác như phí vận chuyển, phụ phí hàng cồng kềnh, thuế nhập khẩu (đối với đơn hàng giao từ nước ngoài có giá trị trên 1 triệu đồng).....",
    "rating": {},
    "reviews": []
}